2025-10-28 12:54:30,287 - app_controller - INFO - [MainApp] 应用程序初始化完成
2025-10-28 12:54:30,287 - app_controller - INFO - [MainApp] 数据库连接对象类型: {type(self.db_conn)
2025-10-28 12:54:30,292 - app_controller - INFO - [MainApp] 数据库初始化/连接成功
2025-10-28 12:54:30,292 - root - INFO - [StartupWindow] 初始化中...
2025-10-28 12:54:33,590 - root - INFO - 加载完成，即将跳转到登录窗口
2025-10-28 12:54:33,791 - root - INFO - [StartupWindow] 跳转登录窗口中...
2025-10-28 12:54:33,791 - root - INFO - [LoginWindow] 初始化时 db_conn 类型: <class 'sqlite3.Connection'>
2025-10-28 12:54:34,099 - root - INFO - [LoginWindow] handle_auto_login 中 db_conn 类型: <class 'sqlite3.Connection'>
2025-10-28 12:54:34,099 - root - INFO - [LoginWindow] attempt_login 中 db_conn 类型: <class 'sqlite3.Connection'>
2025-10-28 12:54:34,100 - gui.login_window - INFO - 用户 admin 登录成功, 角色: admin
2025-10-28 12:54:34,101 - root - INFO - 当前用户为：管理员
2025-10-28 12:54:34,101 - root - INFO - 当前用户ID为：1
2025-10-28 12:54:34,102 - root - INFO - 运行正常，显示为主窗口
2025-10-28 12:54:35,952 - gui.main_window - INFO - 主窗口关闭
2025-10-28 13:17:30,872 - app_controller - INFO - [MainApp] 应用程序初始化完成
2025-10-28 13:17:30,872 - app_controller - INFO - [MainApp] 数据库连接对象类型: {type(self.db_conn)
2025-10-28 13:17:30,878 - app_controller - INFO - [MainApp] 数据库初始化/连接成功
2025-10-28 13:17:30,878 - root - INFO - [StartupWindow] 初始化中...
2025-10-28 13:17:34,174 - root - INFO - 加载完成，即将跳转到登录窗口
2025-10-28 13:17:34,381 - root - INFO - [StartupWindow] 跳转登录窗口中...
2025-10-28 13:17:34,381 - root - INFO - [LoginWindow] 初始化时 db_conn 类型: <class 'sqlite3.Connection'>
2025-10-28 13:17:34,689 - root - INFO - [LoginWindow] handle_auto_login 中 db_conn 类型: <class 'sqlite3.Connection'>
2025-10-28 13:17:34,690 - root - INFO - [LoginWindow] attempt_login 中 db_conn 类型: <class 'sqlite3.Connection'>
2025-10-28 13:17:34,690 - gui.login_window - INFO - 用户 admin 登录成功, 角色: admin
2025-10-28 13:17:34,690 - root - INFO - 当前用户为：管理员
2025-10-28 13:17:34,690 - root - INFO - 当前用户ID为：1
2025-10-28 13:17:34,691 - root - INFO - 运行正常，显示为主窗口
2025-10-28 13:17:49,699 - root - INFO - 当前用户为：管理员
2025-10-28 13:17:49,699 - root - INFO - 当前用户ID为：1
2025-10-28 13:17:49,699 - root - INFO - 运行正常，显示为主窗口
2025-10-28 13:17:52,464 - gui.main_window - INFO - 主窗口关闭
2025-10-28 13:38:22,098 - app_controller - INFO - [MainApp] 应用程序初始化完成
2025-10-28 13:38:22,099 - app_controller - INFO - [MainApp] 数据库连接对象类型: {type(self.db_conn)
2025-10-28 13:38:22,102 - app_controller - INFO - [MainApp] 数据库初始化/连接成功
2025-10-28 13:38:22,103 - root - INFO - [StartupWindow] 初始化中...
2025-10-28 13:38:25,391 - root - INFO - 加载完成，即将跳转到登录窗口
2025-10-28 13:38:25,598 - root - INFO - [LoginWindow] 初始化时 db_conn 类型: <class 'sqlite3.Connection'>
2025-10-28 13:38:25,642 - app_controller - INFO - [MainApp] 已连接登录成功信号
2025-10-28 13:38:25,907 - root - INFO - [LoginWindow] handle_auto_login 中 db_conn 类型: <class 'sqlite3.Connection'>
2025-10-28 13:38:25,907 - root - INFO - [LoginWindow] attempt_login 中 db_conn 类型: <class 'sqlite3.Connection'>
2025-10-28 13:38:25,907 - gui.login_window - INFO - 用户 admin 登录成功, 角色: admin
2025-10-28 13:38:25,908 - root - INFO - 当前用户为：管理员
2025-10-28 13:38:25,909 - root - INFO - 当前用户ID为：1
2025-10-28 13:38:25,909 - root - INFO - 运行正常，显示为主窗口
2025-10-28 13:38:36,700 - gui.main_window - INFO - 主窗口关闭
2025-10-28 13:42:01,837 - app_controller - INFO - [MainApp] 应用程序初始化完成
2025-10-28 13:42:01,838 - app_controller - INFO - [MainApp] 数据库连接对象类型: <class 'sqlite3.Connection'>
2025-10-28 13:42:01,843 - app_controller - INFO - [MainApp] 数据库初始化/连接成功
2025-10-28 13:42:01,843 - root - INFO - [StartupWindow] 初始化中...
2025-10-28 13:42:05,117 - root - INFO - 加载完成，即将跳转到登录窗口
2025-10-28 13:42:05,318 - app_controller - INFO - DEBUG: _on_startup_loaded 被调用
2025-10-28 13:42:05,318 - root - INFO - [LoginWindow] 初始化时 db_conn 类型: <class 'sqlite3.Connection'>
2025-10-28 13:42:05,374 - app_controller - INFO - [MainApp] 已连接登录成功信号
2025-10-28 13:42:05,626 - root - INFO - [LoginWindow] handle_auto_login 中 db_conn 类型: <class 'sqlite3.Connection'>
2025-10-28 13:42:05,626 - root - INFO - [LoginWindow] attempt_login 中 db_conn 类型: <class 'sqlite3.Connection'>
2025-10-28 13:42:05,626 - gui.login_window - INFO - 用户 admin 登录成功, 角色: admin
2025-10-28 13:42:05,627 - root - INFO - 当前用户为：管理员
2025-10-28 13:42:05,628 - root - INFO - 当前用户ID为：1
2025-10-28 13:42:05,628 - root - INFO - 运行正常，显示为主窗口
2025-10-28 13:42:14,315 - gui.main_window - INFO - 主窗口关闭
2025-10-28 13:50:27,495 - app_controller - INFO - [MainApp] 应用程序初始化完成
2025-10-28 13:50:27,496 - app_controller - INFO - [MainApp] 数据库连接对象类型: <class 'sqlite3.Connection'>
2025-10-28 13:50:27,500 - app_controller - INFO - [MainApp] 数据库初始化/连接成功
2025-10-28 13:50:27,501 - root - INFO - [StartupWindow] 初始化中...
2025-10-28 13:50:30,775 - root - INFO - 加载完成，即将跳转到登录窗口
2025-10-28 13:50:30,976 - app_controller - INFO - DEBUG: _on_startup_loaded 被调用
2025-10-28 13:50:30,976 - root - INFO - [LoginWindow] 初始化时 db_conn 类型: <class 'sqlite3.Connection'>
2025-10-28 13:50:31,030 - app_controller - INFO - [MainApp] 传递给 LoginWindow 的 db_conn 类型: <class 'sqlite3.Connection'>
2025-10-28 13:50:31,031 - app_controller - INFO - [MainApp] 已连接登录成功信号
2025-10-28 13:50:31,284 - root - INFO - [LoginWindow] handle_auto_login 中 db_conn 类型: <class 'sqlite3.Connection'>
2025-10-28 13:50:31,284 - root - INFO - [LoginWindow] attempt_login 中 db_conn 类型: <class 'sqlite3.Connection'>
2025-10-28 13:50:31,284 - gui.login_window - INFO - 用户 admin 登录成功, 角色: admin
2025-10-28 13:50:31,285 - root - INFO - 当前用户为：管理员
2025-10-28 13:50:31,285 - root - INFO - 当前用户ID为：1
2025-10-28 13:50:31,286 - root - INFO - 运行正常，显示为主窗口
2025-10-28 13:50:33,370 - root - INFO - 用户点击退出登录，发送退出信号
2025-10-28 13:50:39,245 - root - INFO - 用户点击退出登录，发送退出信号
2025-10-28 13:50:42,164 - gui.main_window - INFO - 主窗口关闭
2025-10-28 14:54:22,223 - app_controller - INFO - [MainApp] 应用程序初始化完成
2025-10-28 14:54:22,226 - app_controller - INFO - [MainApp] 数据库连接对象类型: <class 'sqlite3.Connection'>
2025-10-28 14:54:22,232 - app_controller - INFO - [MainApp] 数据库初始化/连接成功
2025-10-28 14:54:22,233 - root - INFO - [StartupWindow] 初始化中...
2025-10-28 14:54:25,837 - root - INFO - 加载完成，即将跳转到登录窗口
2025-10-28 14:54:26,039 - app_controller - INFO - DEBUG: _on_startup_loaded 被调用
2025-10-28 14:54:26,040 - root - INFO - [LoginWindow] 初始化时 db_conn 类型: <class 'sqlite3.Connection'>
2025-10-28 14:54:26,100 - app_controller - INFO - [MainApp] 传递给 LoginWindow 的 db_conn 类型: <class 'sqlite3.Connection'>
2025-10-28 14:54:26,101 - app_controller - INFO - [MainApp] 已连接登录成功信号
2025-10-28 14:54:26,354 - root - INFO - [LoginWindow] handle_auto_login 中 db_conn 类型: <class 'sqlite3.Connection'>
2025-10-28 14:54:26,354 - root - INFO - [LoginWindow] attempt_login 中 db_conn 类型: <class 'sqlite3.Connection'>
2025-10-28 14:54:26,355 - gui.login_window - INFO - 用户 admin 登录成功, 角色: admin
2025-10-28 14:54:26,356 - root - INFO - 当前用户为：管理员
2025-10-28 14:54:26,358 - root - INFO - 当前用户ID为：1
2025-10-28 14:54:26,358 - root - INFO - 运行正常，显示为主窗口
2025-10-28 14:54:40,275 - root - INFO - 用户点击退出登录，发送退出信号
2025-10-28 14:54:41,366 - root - INFO - 当前用户为：管理员
2025-10-28 14:54:41,366 - root - INFO - 当前用户ID为：1
2025-10-28 14:54:41,366 - root - INFO - 运行正常，显示为主窗口
2025-10-28 14:54:56,377 - root - INFO - 当前用户为：管理员
2025-10-28 14:54:56,377 - root - INFO - 当前用户ID为：1
2025-10-28 14:54:56,377 - root - INFO - 运行正常，显示为主窗口
2025-10-28 14:55:11,393 - root - INFO - 当前用户为：管理员
2025-10-28 14:55:11,393 - root - INFO - 当前用户ID为：1
2025-10-28 14:55:11,393 - root - INFO - 运行正常，显示为主窗口
2025-10-28 14:55:26,401 - root - INFO - 当前用户为：管理员
2025-10-28 14:55:26,401 - root - INFO - 当前用户ID为：1
2025-10-28 14:55:26,401 - root - INFO - 运行正常，显示为主窗口
2025-10-28 14:55:41,403 - root - INFO - 当前用户为：管理员
2025-10-28 14:55:41,403 - root - INFO - 当前用户ID为：1
2025-10-28 14:55:41,403 - root - INFO - 运行正常，显示为主窗口
2025-10-28 14:55:56,405 - root - INFO - 当前用户为：管理员
2025-10-28 14:55:56,405 - root - INFO - 当前用户ID为：1
2025-10-28 14:55:56,405 - root - INFO - 运行正常，显示为主窗口
2025-10-28 14:56:11,411 - root - INFO - 当前用户为：管理员
2025-10-28 14:56:11,411 - root - INFO - 当前用户ID为：1
2025-10-28 14:56:11,411 - root - INFO - 运行正常，显示为主窗口
2025-10-28 14:56:26,420 - root - INFO - 当前用户为：管理员
2025-10-28 14:56:26,420 - root - INFO - 当前用户ID为：1
2025-10-28 14:56:26,420 - root - INFO - 运行正常，显示为主窗口
2025-10-28 14:56:41,423 - root - INFO - 当前用户为：管理员
2025-10-28 14:56:41,423 - root - INFO - 当前用户ID为：1
2025-10-28 14:56:41,423 - root - INFO - 运行正常，显示为主窗口
2025-10-28 14:56:56,425 - root - INFO - 当前用户为：管理员
2025-10-28 14:56:56,425 - root - INFO - 当前用户ID为：1
2025-10-28 14:56:56,425 - root - INFO - 运行正常，显示为主窗口
2025-10-28 14:57:11,438 - root - INFO - 当前用户为：管理员
2025-10-28 14:57:11,438 - root - INFO - 当前用户ID为：1
2025-10-28 14:57:11,438 - root - INFO - 运行正常，显示为主窗口
2025-10-28 14:57:26,441 - root - INFO - 当前用户为：管理员
2025-10-28 14:57:26,441 - root - INFO - 当前用户ID为：1
2025-10-28 14:57:26,441 - root - INFO - 运行正常，显示为主窗口
2025-10-28 14:57:35,512 - gui.main_window - INFO - 主窗口关闭
2025-10-28 14:57:36,544 - app_controller - INFO - [MainApp] 应用程序初始化完成
2025-10-28 14:57:36,545 - app_controller - INFO - [MainApp] 数据库连接对象类型: <class 'sqlite3.Connection'>
2025-10-28 14:57:36,551 - app_controller - INFO - [MainApp] 数据库初始化/连接成功
2025-10-28 14:57:36,551 - root - INFO - [StartupWindow] 初始化中...
2025-10-28 14:57:39,908 - root - INFO - 加载完成，即将跳转到登录窗口
2025-10-28 14:57:40,109 - app_controller - INFO - DEBUG: _on_startup_loaded 被调用
2025-10-28 14:57:40,109 - root - INFO - [LoginWindow] 初始化时 db_conn 类型: <class 'sqlite3.Connection'>
2025-10-28 14:57:40,139 - app_controller - INFO - [MainApp] 传递给 LoginWindow 的 db_conn 类型: <class 'sqlite3.Connection'>
2025-10-28 14:57:40,139 - app_controller - INFO - [MainApp] 已连接登录成功信号
2025-10-28 14:57:40,417 - root - INFO - [LoginWindow] handle_auto_login 中 db_conn 类型: <class 'sqlite3.Connection'>
2025-10-28 14:57:40,417 - root - INFO - [LoginWindow] attempt_login 中 db_conn 类型: <class 'sqlite3.Connection'>
2025-10-28 14:57:40,417 - gui.login_window - INFO - 用户 admin 登录成功, 角色: admin
2025-10-28 14:57:40,418 - root - INFO - 当前用户为：管理员
2025-10-28 14:57:40,419 - root - INFO - 当前用户ID为：1
2025-10-28 14:57:40,419 - root - INFO - 运行正常，显示为主窗口
2025-10-28 14:57:55,434 - root - INFO - 当前用户为：管理员
2025-10-28 14:57:55,435 - root - INFO - 当前用户ID为：1
2025-10-28 14:57:55,435 - root - INFO - 运行正常，显示为主窗口
2025-10-28 14:58:10,441 - root - INFO - 当前用户为：管理员
2025-10-28 14:58:10,442 - root - INFO - 当前用户ID为：1
2025-10-28 14:58:10,442 - root - INFO - 运行正常，显示为主窗口
2025-10-28 14:58:25,445 - root - INFO - 当前用户为：管理员
2025-10-28 14:58:25,445 - root - INFO - 当前用户ID为：1
2025-10-28 14:58:25,445 - root - INFO - 运行正常，显示为主窗口
2025-10-28 14:58:40,453 - root - INFO - 当前用户为：管理员
2025-10-28 14:58:40,453 - root - INFO - 当前用户ID为：1
2025-10-28 14:58:40,453 - root - INFO - 运行正常，显示为主窗口
2025-10-28 14:58:55,467 - root - INFO - 当前用户为：管理员
2025-10-28 14:58:55,467 - root - INFO - 当前用户ID为：1
2025-10-28 14:58:55,467 - root - INFO - 运行正常，显示为主窗口
2025-10-28 14:59:10,478 - root - INFO - 当前用户为：管理员
2025-10-28 14:59:10,478 - root - INFO - 当前用户ID为：1
2025-10-28 14:59:10,478 - root - INFO - 运行正常，显示为主窗口
2025-10-28 14:59:22,606 - gui.main_window - INFO - 主窗口关闭
2025-10-28 14:59:25,759 - app_controller - INFO - [MainApp] 应用程序初始化完成
2025-10-28 14:59:25,760 - app_controller - INFO - [MainApp] 数据库连接对象类型: <class 'sqlite3.Connection'>
2025-10-28 14:59:25,766 - app_controller - INFO - [MainApp] 数据库初始化/连接成功
2025-10-28 14:59:25,767 - root - INFO - [StartupWindow] 初始化中...
2025-10-28 14:59:29,157 - root - INFO - 加载完成，即将跳转到登录窗口
2025-10-28 14:59:29,357 - app_controller - INFO - DEBUG: _on_startup_loaded 被调用
2025-10-28 14:59:29,358 - root - INFO - [LoginWindow] 初始化时 db_conn 类型: <class 'sqlite3.Connection'>
2025-10-28 14:59:29,420 - app_controller - INFO - [MainApp] 传递给 LoginWindow 的 db_conn 类型: <class 'sqlite3.Connection'>
2025-10-28 14:59:29,420 - app_controller - INFO - [MainApp] 已连接登录成功信号
2025-10-28 14:59:29,666 - root - INFO - [LoginWindow] handle_auto_login 中 db_conn 类型: <class 'sqlite3.Connection'>
2025-10-28 14:59:29,668 - root - INFO - [LoginWindow] attempt_login 中 db_conn 类型: <class 'sqlite3.Connection'>
2025-10-28 14:59:29,668 - gui.login_window - INFO - 用户 admin 登录成功, 角色: admin
2025-10-28 14:59:29,668 - root - INFO - 当前用户为：管理员
2025-10-28 14:59:29,669 - root - INFO - 当前用户ID为：1
2025-10-28 14:59:29,670 - root - INFO - 运行正常，显示为主窗口
2025-10-28 14:59:31,667 - gui.main_window - INFO - 主窗口关闭
2025-10-28 14:59:35,995 - app_controller - INFO - [MainApp] 应用程序初始化完成
2025-10-28 14:59:35,996 - app_controller - INFO - [MainApp] 数据库连接对象类型: <class 'sqlite3.Connection'>
2025-10-28 14:59:36,002 - app_controller - INFO - [MainApp] 数据库初始化/连接成功
2025-10-28 14:59:36,002 - root - INFO - [StartupWindow] 初始化中...
2025-10-28 14:59:39,412 - root - INFO - 加载完成，即将跳转到登录窗口
2025-10-28 14:59:39,612 - app_controller - INFO - DEBUG: _on_startup_loaded 被调用
2025-10-28 14:59:39,613 - root - INFO - [LoginWindow] 初始化时 db_conn 类型: <class 'sqlite3.Connection'>
2025-10-28 14:59:39,681 - app_controller - INFO - [MainApp] 传递给 LoginWindow 的 db_conn 类型: <class 'sqlite3.Connection'>
2025-10-28 14:59:39,682 - app_controller - INFO - [MainApp] 已连接登录成功信号
2025-10-28 14:59:39,926 - root - INFO - [LoginWindow] handle_auto_login 中 db_conn 类型: <class 'sqlite3.Connection'>
2025-10-28 14:59:39,927 - root - INFO - [LoginWindow] attempt_login 中 db_conn 类型: <class 'sqlite3.Connection'>
2025-10-28 14:59:39,928 - gui.login_window - INFO - 用户 admin 登录成功, 角色: admin
2025-10-28 14:59:39,928 - root - INFO - 当前用户为：管理员
2025-10-28 14:59:39,930 - root - INFO - 当前用户ID为：1
2025-10-28 14:59:39,931 - root - INFO - 运行正常，显示为主窗口
2025-10-28 14:59:54,932 - root - INFO - 当前用户为：管理员
2025-10-28 14:59:54,933 - root - INFO - 当前用户ID为：1
2025-10-28 14:59:54,933 - root - INFO - 运行正常，显示为主窗口
2025-10-28 15:00:06,943 - root - INFO - 用户点击退出登录，发送退出信号
2025-10-28 15:00:09,935 - root - INFO - 当前用户为：管理员
2025-10-28 15:00:09,935 - root - INFO - 当前用户ID为：1
2025-10-28 15:00:09,935 - root - INFO - 运行正常，显示为主窗口
2025-10-28 15:00:24,942 - root - INFO - 当前用户为：管理员
2025-10-28 15:00:24,942 - root - INFO - 当前用户ID为：1
2025-10-28 15:00:24,942 - root - INFO - 运行正常，显示为主窗口
2025-10-28 15:00:39,947 - root - INFO - 当前用户为：管理员
2025-10-28 15:00:39,947 - root - INFO - 当前用户ID为：1
2025-10-28 15:00:39,948 - root - INFO - 运行正常，显示为主窗口
2025-10-28 15:00:54,954 - root - INFO - 当前用户为：管理员
2025-10-28 15:00:54,954 - root - INFO - 当前用户ID为：1
2025-10-28 15:00:54,954 - root - INFO - 运行正常，显示为主窗口
2025-10-28 15:01:09,964 - root - INFO - 当前用户为：管理员
2025-10-28 15:01:09,964 - root - INFO - 当前用户ID为：1
2025-10-28 15:01:09,964 - root - INFO - 运行正常，显示为主窗口
2025-10-28 15:01:24,977 - root - INFO - 当前用户为：管理员
2025-10-28 15:01:24,977 - root - INFO - 当前用户ID为：1
2025-10-28 15:01:24,977 - root - INFO - 运行正常，显示为主窗口
2025-10-28 15:01:33,342 - gui.main_window - INFO - 主窗口关闭
2025-10-28 15:01:39,965 - app_controller - INFO - [MainApp] 应用程序初始化完成
2025-10-28 15:01:39,965 - app_controller - INFO - [MainApp] 数据库连接对象类型: <class 'sqlite3.Connection'>
2025-10-28 15:01:39,971 - app_controller - INFO - [MainApp] 数据库初始化/连接成功
2025-10-28 15:01:39,972 - root - INFO - [StartupWindow] 初始化中...
2025-10-28 15:01:43,377 - root - INFO - 加载完成，即将跳转到登录窗口
2025-10-28 15:01:43,578 - app_controller - INFO - DEBUG: _on_startup_loaded 被调用
2025-10-28 15:01:43,578 - root - INFO - [LoginWindow] 初始化时 db_conn 类型: <class 'sqlite3.Connection'>
2025-10-28 15:01:43,648 - app_controller - INFO - [MainApp] 传递给 LoginWindow 的 db_conn 类型: <class 'sqlite3.Connection'>
2025-10-28 15:01:43,648 - app_controller - INFO - [MainApp] 已连接登录成功信号
2025-10-28 15:01:43,893 - root - INFO - [LoginWindow] handle_auto_login 中 db_conn 类型: <class 'sqlite3.Connection'>
2025-10-28 15:01:43,893 - root - INFO - [LoginWindow] attempt_login 中 db_conn 类型: <class 'sqlite3.Connection'>
2025-10-28 15:01:43,894 - gui.login_window - INFO - 用户 admin 登录成功, 角色: admin
2025-10-28 15:01:43,895 - root - INFO - 当前用户为：管理员
2025-10-28 15:01:43,896 - root - INFO - 当前用户ID为：1
2025-10-28 15:01:43,897 - root - INFO - 运行正常，显示为主窗口
2025-10-28 15:01:58,906 - root - INFO - 当前用户为：管理员
2025-10-28 15:01:58,906 - root - INFO - 当前用户ID为：1
2025-10-28 15:01:58,906 - root - INFO - 运行正常，显示为主窗口
2025-10-28 15:02:13,918 - root - INFO - 当前用户为：管理员
2025-10-28 15:02:13,918 - root - INFO - 当前用户ID为：1
2025-10-28 15:02:13,918 - root - INFO - 运行正常，显示为主窗口
2025-10-28 15:02:28,920 - root - INFO - 当前用户为：管理员
2025-10-28 15:02:28,920 - root - INFO - 当前用户ID为：1
2025-10-28 15:02:28,920 - root - INFO - 运行正常，显示为主窗口
2025-10-28 15:02:32,149 - root - INFO - 用户点击退出登录，发送退出信号
2025-10-28 15:02:43,933 - root - INFO - 当前用户为：管理员
2025-10-28 15:02:43,934 - root - INFO - 当前用户ID为：1
2025-10-28 15:02:43,934 - root - INFO - 运行正常，显示为主窗口
2025-10-28 15:02:58,946 - root - INFO - 当前用户为：管理员
2025-10-28 15:02:58,946 - root - INFO - 当前用户ID为：1
2025-10-28 15:02:58,947 - root - INFO - 运行正常，显示为主窗口
2025-10-28 15:03:13,961 - root - INFO - 当前用户为：管理员
2025-10-28 15:03:13,961 - root - INFO - 当前用户ID为：1
2025-10-28 15:03:13,961 - root - INFO - 运行正常，显示为主窗口
2025-10-28 15:03:28,967 - root - INFO - 当前用户为：管理员
2025-10-28 15:03:28,967 - root - INFO - 当前用户ID为：1
2025-10-28 15:03:28,967 - root - INFO - 运行正常，显示为主窗口
2025-10-28 15:03:43,980 - root - INFO - 当前用户为：管理员
2025-10-28 15:03:43,980 - root - INFO - 当前用户ID为：1
2025-10-28 15:03:43,980 - root - INFO - 运行正常，显示为主窗口
2025-10-28 15:03:58,988 - root - INFO - 当前用户为：管理员
2025-10-28 15:03:58,988 - root - INFO - 当前用户ID为：1
2025-10-28 15:03:58,989 - root - INFO - 运行正常，显示为主窗口
2025-10-28 15:04:14,001 - root - INFO - 当前用户为：管理员
2025-10-28 15:04:14,001 - root - INFO - 当前用户ID为：1
2025-10-28 15:04:14,001 - root - INFO - 运行正常，显示为主窗口
2025-10-28 15:04:29,010 - root - INFO - 当前用户为：管理员
2025-10-28 15:04:29,010 - root - INFO - 当前用户ID为：1
2025-10-28 15:04:29,010 - root - INFO - 运行正常，显示为主窗口
2025-10-28 15:04:44,018 - root - INFO - 当前用户为：管理员
2025-10-28 15:04:44,018 - root - INFO - 当前用户ID为：1
2025-10-28 15:04:44,018 - root - INFO - 运行正常，显示为主窗口
2025-10-28 15:04:59,027 - root - INFO - 当前用户为：管理员
2025-10-28 15:04:59,027 - root - INFO - 当前用户ID为：1
2025-10-28 15:04:59,027 - root - INFO - 运行正常，显示为主窗口
2025-10-28 15:05:14,029 - root - INFO - 当前用户为：管理员
2025-10-28 15:05:14,029 - root - INFO - 当前用户ID为：1
2025-10-28 15:05:14,030 - root - INFO - 运行正常，显示为主窗口
2025-10-28 15:05:29,030 - root - INFO - 当前用户为：管理员
2025-10-28 15:05:29,030 - root - INFO - 当前用户ID为：1
2025-10-28 15:05:29,030 - root - INFO - 运行正常，显示为主窗口
2025-10-28 15:05:44,034 - root - INFO - 当前用户为：管理员
2025-10-28 15:05:44,034 - root - INFO - 当前用户ID为：1
2025-10-28 15:05:44,034 - root - INFO - 运行正常，显示为主窗口
2025-10-28 15:05:59,036 - root - INFO - 当前用户为：管理员
2025-10-28 15:05:59,037 - root - INFO - 当前用户ID为：1
2025-10-28 15:05:59,037 - root - INFO - 运行正常，显示为主窗口
2025-10-28 15:06:14,039 - root - INFO - 当前用户为：管理员
2025-10-28 15:06:14,040 - root - INFO - 当前用户ID为：1
2025-10-28 15:06:14,040 - root - INFO - 运行正常，显示为主窗口
2025-11-28 08:25:17,140 - app_controller - INFO - [MainApp] 应用程序初始化完成
2025-11-28 08:25:17,143 - app_controller - INFO - [MainApp] 数据库连接对象类型: <class 'sqlite3.Connection'>
2025-11-28 08:25:17,148 - app_controller - INFO - [MainApp] 数据库初始化/连接成功
2025-11-28 08:25:17,149 - root - INFO - [StartupWindow] 初始化中...
2025-11-28 08:25:20,487 - root - INFO - 加载完成，即将跳转到登录窗口
2025-11-28 08:25:20,688 - app_controller - INFO - DEBUG: _on_startup_loaded 被调用
2025-11-28 08:25:20,688 - root - INFO - [LoginWindow] 初始化时 db_conn 类型: <class 'sqlite3.Connection'>
2025-11-28 08:25:20,749 - app_controller - INFO - [MainApp] 传递给 LoginWindow 的 db_conn 类型: <class 'sqlite3.Connection'>
2025-11-28 08:25:20,750 - app_controller - INFO - [MainApp] 已连接登录成功信号
2025-11-28 08:25:20,998 - root - INFO - [LoginWindow] handle_auto_login 中 db_conn 类型: <class 'sqlite3.Connection'>
2025-11-28 08:25:20,998 - root - INFO - [LoginWindow] attempt_login 中 db_conn 类型: <class 'sqlite3.Connection'>
2025-11-28 08:25:20,999 - gui.login_window - INFO - 用户 admin 登录成功, 角色: admin
2025-11-28 08:25:20,999 - root - INFO - 当前用户为：管理员
2025-11-28 08:25:20,999 - root - INFO - 当前用户ID为：1
2025-11-28 08:25:21,000 - root - INFO - 运行正常，显示为主窗口
2025-11-28 08:25:36,003 - root - INFO - 当前用户为：管理员
2025-11-28 08:25:36,003 - root - INFO - 当前用户ID为：1
2025-11-28 08:25:36,003 - root - INFO - 运行正常，显示为主窗口
2025-11-28 08:25:51,004 - root - INFO - 当前用户为：管理员
2025-11-28 08:25:51,004 - root - INFO - 当前用户ID为：1
2025-11-28 08:25:51,004 - root - INFO - 运行正常，显示为主窗口
2025-11-28 08:26:06,012 - root - INFO - 当前用户为：管理员
2025-11-28 08:26:06,012 - root - INFO - 当前用户ID为：1
2025-11-28 08:26:06,012 - root - INFO - 运行正常，显示为主窗口
2025-11-28 08:26:21,019 - root - INFO - 当前用户为：管理员
2025-11-28 08:26:21,019 - root - INFO - 当前用户ID为：1
2025-11-28 08:26:21,019 - root - INFO - 运行正常，显示为主窗口
2025-11-28 08:26:27,978 - gui.main_window - INFO - 主窗口关闭
2025-12-24 09:09:10,910 - app_controller - INFO - [MainApp] 应用程序初始化完成
2025-12-24 09:09:10,912 - app_controller - INFO - [MainApp] 数据库连接对象类型: <class 'sqlite3.Connection'>
2025-12-24 09:09:10,917 - app_controller - INFO - [MainApp] 数据库初始化/连接成功
2025-12-24 09:09:10,917 - root - INFO - [StartupWindow] 初始化中...
2025-12-24 09:09:14,246 - root - INFO - 加载完成，即将跳转到登录窗口
2025-12-24 09:09:14,446 - app_controller - INFO - DEBUG: _on_startup_loaded 被调用
2025-12-24 09:09:14,446 - root - INFO - [LoginWindow] 初始化时 db_conn 类型: <class 'sqlite3.Connection'>
2025-12-24 09:09:14,504 - app_controller - INFO - [MainApp] 传递给 LoginWindow 的 db_conn 类型: <class 'sqlite3.Connection'>
2025-12-24 09:09:14,504 - app_controller - INFO - [MainApp] 已连接登录成功信号
2025-12-24 09:09:14,757 - root - INFO - [LoginWindow] handle_auto_login 中 db_conn 类型: <class 'sqlite3.Connection'>
2025-12-24 09:09:14,758 - root - INFO - [LoginWindow] attempt_login 中 db_conn 类型: <class 'sqlite3.Connection'>
2025-12-24 09:09:14,758 - gui.login_window - INFO - 用户 admin 登录成功, 角色: admin
2025-12-24 09:09:14,759 - root - INFO - 当前用户为：管理员
2025-12-24 09:09:14,759 - root - INFO - 当前用户ID为：1
2025-12-24 09:09:14,760 - root - INFO - 运行正常，显示为主窗口
2025-12-24 09:09:29,762 - root - INFO - 当前用户为：管理员
2025-12-24 09:09:29,762 - root - INFO - 当前用户ID为：1
2025-12-24 09:09:29,762 - root - INFO - 运行正常，显示为主窗口
2025-12-24 09:09:44,767 - root - INFO - 当前用户为：管理员
2025-12-24 09:09:44,767 - root - INFO - 当前用户ID为：1
2025-12-24 09:09:44,767 - root - INFO - 运行正常，显示为主窗口
2025-12-24 09:09:59,783 - root - INFO - 当前用户为：管理员
2025-12-24 09:09:59,783 - root - INFO - 当前用户ID为：1
2025-12-24 09:09:59,783 - root - INFO - 运行正常，显示为主窗口
2025-12-24 09:10:14,783 - root - INFO - 当前用户为：管理员
2025-12-24 09:10:14,783 - root - INFO - 当前用户ID为：1
2025-12-24 09:10:14,783 - root - INFO - 运行正常，显示为主窗口
2025-12-24 09:10:29,787 - root - INFO - 当前用户为：管理员
2025-12-24 09:10:29,787 - root - INFO - 当前用户ID为：1
2025-12-24 09:10:29,787 - root - INFO - 运行正常，显示为主窗口
2025-12-24 09:10:44,789 - root - INFO - 当前用户为：管理员
2025-12-24 09:10:44,789 - root - INFO - 当前用户ID为：1
2025-12-24 09:10:44,790 - root - INFO - 运行正常，显示为主窗口
2025-12-24 09:10:59,804 - root - INFO - 当前用户为：管理员
2025-12-24 09:10:59,804 - root - INFO - 当前用户ID为：1
2025-12-24 09:10:59,804 - root - INFO - 运行正常，显示为主窗口
2025-12-24 09:11:14,811 - root - INFO - 当前用户为：管理员
2025-12-24 09:11:14,811 - root - INFO - 当前用户ID为：1
2025-12-24 09:11:14,811 - root - INFO - 运行正常，显示为主窗口
2025-12-24 09:11:29,817 - root - INFO - 当前用户为：管理员
2025-12-24 09:11:29,817 - root - INFO - 当前用户ID为：1
2025-12-24 09:11:29,817 - root - INFO - 运行正常，显示为主窗口
2025-12-24 09:11:44,832 - root - INFO - 当前用户为：管理员
2025-12-24 09:11:44,832 - root - INFO - 当前用户ID为：1
2025-12-24 09:11:44,832 - root - INFO - 运行正常，显示为主窗口
2025-12-24 09:11:59,840 - root - INFO - 当前用户为：管理员
2025-12-24 09:11:59,840 - root - INFO - 当前用户ID为：1
2025-12-24 09:11:59,840 - root - INFO - 运行正常，显示为主窗口
2025-12-24 09:12:14,849 - root - INFO - 当前用户为：管理员
2025-12-24 09:12:14,849 - root - INFO - 当前用户ID为：1
2025-12-24 09:12:14,849 - root - INFO - 运行正常，显示为主窗口
2025-12-24 09:12:29,855 - root - INFO - 当前用户为：管理员
2025-12-24 09:12:29,855 - root - INFO - 当前用户ID为：1
2025-12-24 09:12:29,855 - root - INFO - 运行正常，显示为主窗口
2025-12-24 09:12:44,870 - root - INFO - 当前用户为：管理员
2025-12-24 09:12:44,870 - root - INFO - 当前用户ID为：1
2025-12-24 09:12:44,870 - root - INFO - 运行正常，显示为主窗口
2025-12-24 09:12:59,885 - root - INFO - 当前用户为：管理员
2025-12-24 09:12:59,885 - root - INFO - 当前用户ID为：1
2025-12-24 09:12:59,885 - root - INFO - 运行正常，显示为主窗口
2025-12-24 09:13:14,898 - root - INFO - 当前用户为：管理员
2025-12-24 09:13:14,898 - root - INFO - 当前用户ID为：1
2025-12-24 09:13:14,898 - root - INFO - 运行正常，显示为主窗口
2025-12-24 09:13:29,914 - root - INFO - 当前用户为：管理员
2025-12-24 09:13:29,914 - root - INFO - 当前用户ID为：1
2025-12-24 09:13:29,914 - root - INFO - 运行正常，显示为主窗口
2025-12-24 09:13:44,922 - root - INFO - 当前用户为：管理员
2025-12-24 09:13:44,922 - root - INFO - 当前用户ID为：1
2025-12-24 09:13:44,922 - root - INFO - 运行正常，显示为主窗口
2025-12-24 09:13:59,931 - root - INFO - 当前用户为：管理员
2025-12-24 09:13:59,931 - root - INFO - 当前用户ID为：1
2025-12-24 09:13:59,931 - root - INFO - 运行正常，显示为主窗口
2025-12-24 09:14:14,932 - root - INFO - 当前用户为：管理员
2025-12-24 09:14:14,932 - root - INFO - 当前用户ID为：1
2025-12-24 09:14:14,932 - root - INFO - 运行正常，显示为主窗口
2025-12-24 09:14:29,944 - root - INFO - 当前用户为：管理员
2025-12-24 09:14:29,944 - root - INFO - 当前用户ID为：1
2025-12-24 09:14:29,944 - root - INFO - 运行正常，显示为主窗口
2025-12-24 09:14:44,950 - root - INFO - 当前用户为：管理员
2025-12-24 09:14:44,950 - root - INFO - 当前用户ID为：1
2025-12-24 09:14:44,950 - root - INFO - 运行正常，显示为主窗口
2025-12-24 09:14:59,957 - root - INFO - 当前用户为：管理员
2025-12-24 09:14:59,957 - root - INFO - 当前用户ID为：1
2025-12-24 09:14:59,958 - root - INFO - 运行正常，显示为主窗口
2025-12-24 09:15:14,965 - root - INFO - 当前用户为：管理员
2025-12-24 09:15:14,966 - root - INFO - 当前用户ID为：1
2025-12-24 09:15:14,966 - root - INFO - 运行正常，显示为主窗口
2025-12-24 09:15:29,981 - root - INFO - 当前用户为：管理员
2025-12-24 09:15:29,981 - root - INFO - 当前用户ID为：1
2025-12-24 09:15:29,981 - root - INFO - 运行正常，显示为主窗口
2025-12-24 09:15:44,985 - root - INFO - 当前用户为：管理员
2025-12-24 09:15:44,985 - root - INFO - 当前用户ID为：1
2025-12-24 09:15:44,985 - root - INFO - 运行正常，显示为主窗口
2025-12-24 09:15:59,990 - root - INFO - 当前用户为：管理员
2025-12-24 09:15:59,990 - root - INFO - 当前用户ID为：1
2025-12-24 09:15:59,990 - root - INFO - 运行正常，显示为主窗口
2025-12-24 09:16:15,005 - root - INFO - 当前用户为：管理员
2025-12-24 09:16:15,005 - root - INFO - 当前用户ID为：1
2025-12-24 09:16:15,005 - root - INFO - 运行正常，显示为主窗口
2025-12-24 09:16:30,014 - root - INFO - 当前用户为：管理员
2025-12-24 09:16:30,014 - root - INFO - 当前用户ID为：1
2025-12-24 09:16:30,014 - root - INFO - 运行正常，显示为主窗口
2025-12-24 09:16:45,018 - root - INFO - 当前用户为：管理员
2025-12-24 09:16:45,018 - root - INFO - 当前用户ID为：1
2025-12-24 09:16:45,018 - root - INFO - 运行正常，显示为主窗口
2025-12-24 09:17:00,021 - root - INFO - 当前用户为：管理员
2025-12-24 09:17:00,021 - root - INFO - 当前用户ID为：1
2025-12-24 09:17:00,021 - root - INFO - 运行正常，显示为主窗口
2025-12-24 09:17:15,023 - root - INFO - 当前用户为：管理员
2025-12-24 09:17:15,023 - root - INFO - 当前用户ID为：1
2025-12-24 09:17:15,023 - root - INFO - 运行正常，显示为主窗口
2025-12-24 09:17:30,032 - root - INFO - 当前用户为：管理员
2025-12-24 09:17:30,032 - root - INFO - 当前用户ID为：1
2025-12-24 09:17:30,032 - root - INFO - 运行正常，显示为主窗口
2025-12-24 09:17:45,047 - root - INFO - 当前用户为：管理员
2025-12-24 09:17:45,047 - root - INFO - 当前用户ID为：1
2025-12-24 09:17:45,047 - root - INFO - 运行正常，显示为主窗口
2025-12-24 09:18:00,059 - root - INFO - 当前用户为：管理员
2025-12-24 09:18:00,059 - root - INFO - 当前用户ID为：1
2025-12-24 09:18:00,059 - root - INFO - 运行正常，显示为主窗口
2025-12-24 09:18:15,070 - root - INFO - 当前用户为：管理员
2025-12-24 09:18:15,070 - root - INFO - 当前用户ID为：1
2025-12-24 09:18:15,070 - root - INFO - 运行正常，显示为主窗口
2025-12-24 09:18:30,071 - root - INFO - 当前用户为：管理员
2025-12-24 09:18:30,071 - root - INFO - 当前用户ID为：1
2025-12-24 09:18:30,071 - root - INFO - 运行正常，显示为主窗口
2025-12-24 09:18:45,083 - root - INFO - 当前用户为：管理员
2025-12-24 09:18:45,083 - root - INFO - 当前用户ID为：1
2025-12-24 09:18:45,083 - root - INFO - 运行正常，显示为主窗口
2025-12-24 09:19:00,097 - root - INFO - 当前用户为：管理员
2025-12-24 09:19:00,097 - root - INFO - 当前用户ID为：1
2025-12-24 09:19:00,097 - root - INFO - 运行正常，显示为主窗口
2025-12-24 09:19:15,113 - root - INFO - 当前用户为：管理员
2025-12-24 09:19:15,113 - root - INFO - 当前用户ID为：1
2025-12-24 09:19:15,113 - root - INFO - 运行正常，显示为主窗口
2025-12-24 09:19:30,126 - root - INFO - 当前用户为：管理员
2025-12-24 09:19:30,126 - root - INFO - 当前用户ID为：1
2025-12-24 09:19:30,126 - root - INFO - 运行正常，显示为主窗口
2025-12-24 09:19:45,133 - root - INFO - 当前用户为：管理员
2025-12-24 09:19:45,133 - root - INFO - 当前用户ID为：1
2025-12-24 09:19:45,133 - root - INFO - 运行正常，显示为主窗口
2025-12-24 09:20:00,135 - root - INFO - 当前用户为：管理员
2025-12-24 09:20:00,135 - root - INFO - 当前用户ID为：1
2025-12-24 09:20:00,135 - root - INFO - 运行正常，显示为主窗口
2025-12-24 09:20:15,139 - root - INFO - 当前用户为：管理员
2025-12-24 09:20:15,139 - root - INFO - 当前用户ID为：1
2025-12-24 09:20:15,139 - root - INFO - 运行正常，显示为主窗口
2025-12-24 09:20:30,153 - root - INFO - 当前用户为：管理员
2025-12-24 09:20:30,153 - root - INFO - 当前用户ID为：1
2025-12-24 09:20:30,153 - root - INFO - 运行正常，显示为主窗口
2025-12-24 09:20:45,158 - root - INFO - 当前用户为：管理员
2025-12-24 09:20:45,158 - root - INFO - 当前用户ID为：1
2025-12-24 09:20:45,158 - root - INFO - 运行正常，显示为主窗口
2025-12-24 09:21:00,170 - root - INFO - 当前用户为：管理员
2025-12-24 09:21:00,170 - root - INFO - 当前用户ID为：1
2025-12-24 09:21:00,170 - root - INFO - 运行正常，显示为主窗口
2025-12-24 09:21:15,178 - root - INFO - 当前用户为：管理员
2025-12-24 09:21:15,178 - root - INFO - 当前用户ID为：1
2025-12-24 09:21:15,178 - root - INFO - 运行正常，显示为主窗口
2025-12-24 09:21:30,181 - root - INFO - 当前用户为：管理员
2025-12-24 09:21:30,181 - root - INFO - 当前用户ID为：1
2025-12-24 09:21:30,181 - root - INFO - 运行正常，显示为主窗口
2025-12-24 09:21:45,188 - root - INFO - 当前用户为：管理员
2025-12-24 09:21:45,188 - root - INFO - 当前用户ID为：1
2025-12-24 09:21:45,188 - root - INFO - 运行正常，显示为主窗口
2025-12-24 09:22:00,200 - root - INFO - 当前用户为：管理员
2025-12-24 09:22:00,200 - root - INFO - 当前用户ID为：1
2025-12-24 09:22:00,200 - root - INFO - 运行正常，显示为主窗口
2025-12-24 09:22:15,211 - root - INFO - 当前用户为：管理员
2025-12-24 09:22:15,211 - root - INFO - 当前用户ID为：1
2025-12-24 09:22:15,211 - root - INFO - 运行正常，显示为主窗口
2025-12-24 09:22:18,027 - root - INFO - 用户点击退出登录，发送退出信号
2025-12-24 09:22:20,508 - root - INFO - 用户点击退出登录，发送退出信号
2025-12-24 09:22:30,223 - root - INFO - 当前用户为：管理员
2025-12-24 09:22:30,223 - root - INFO - 当前用户ID为：1
2025-12-24 09:22:30,223 - root - INFO - 运行正常，显示为主窗口
2025-12-24 09:22:33,086 - root - INFO - 用户点击退出登录，发送退出信号
2025-12-24 09:22:33,908 - root - INFO - 用户点击退出登录，发送退出信号
2025-12-24 09:22:36,667 - root - INFO - 用户点击退出登录，发送退出信号
2025-12-24 09:22:45,238 - root - INFO - 当前用户为：管理员
2025-12-24 09:22:45,238 - root - INFO - 当前用户ID为：1
2025-12-24 09:22:45,238 - root - INFO - 运行正常，显示为主窗口
2025-12-24 09:23:00,252 - root - INFO - 当前用户为：管理员
2025-12-24 09:23:00,252 - root - INFO - 当前用户ID为：1
2025-12-24 09:23:00,252 - root - INFO - 运行正常，显示为主窗口
2025-12-24 09:23:15,257 - root - INFO - 当前用户为：管理员
2025-12-24 09:23:15,257 - root - INFO - 当前用户ID为：1
2025-12-24 09:23:15,257 - root - INFO - 运行正常，显示为主窗口
2025-12-24 09:23:30,271 - root - INFO - 当前用户为：管理员
2025-12-24 09:23:30,271 - root - INFO - 当前用户ID为：1
2025-12-24 09:23:30,271 - root - INFO - 运行正常，显示为主窗口
2025-12-24 09:23:45,273 - root - INFO - 当前用户为：管理员
2025-12-24 09:23:45,273 - root - INFO - 当前用户ID为：1
2025-12-24 09:23:45,273 - root - INFO - 运行正常，显示为主窗口
2025-12-24 09:24:00,284 - root - INFO - 当前用户为：管理员
2025-12-24 09:24:00,284 - root - INFO - 当前用户ID为：1
2025-12-24 09:24:00,284 - root - INFO - 运行正常，显示为主窗口
2025-12-24 09:24:15,290 - root - INFO - 当前用户为：管理员
2025-12-24 09:24:15,290 - root - INFO - 当前用户ID为：1
2025-12-24 09:24:15,290 - root - INFO - 运行正常，显示为主窗口
2025-12-24 09:24:30,292 - root - INFO - 当前用户为：管理员
2025-12-24 09:24:30,292 - root - INFO - 当前用户ID为：1
2025-12-24 09:24:30,292 - root - INFO - 运行正常，显示为主窗口
2025-12-24 09:24:45,302 - root - INFO - 当前用户为：管理员
2025-12-24 09:24:45,302 - root - INFO - 当前用户ID为：1
2025-12-24 09:24:45,302 - root - INFO - 运行正常，显示为主窗口
2025-12-24 09:25:00,309 - root - INFO - 当前用户为：管理员
2025-12-24 09:25:00,309 - root - INFO - 当前用户ID为：1
2025-12-24 09:25:00,309 - root - INFO - 运行正常，显示为主窗口
2025-12-24 09:25:15,321 - root - INFO - 当前用户为：管理员
2025-12-24 09:25:15,321 - root - INFO - 当前用户ID为：1
2025-12-24 09:25:15,321 - root - INFO - 运行正常，显示为主窗口
2025-12-24 09:25:30,328 - root - INFO - 当前用户为：管理员
2025-12-24 09:25:30,328 - root - INFO - 当前用户ID为：1
2025-12-24 09:25:30,328 - root - INFO - 运行正常，显示为主窗口
2025-12-24 09:25:45,335 - root - INFO - 当前用户为：管理员
2025-12-24 09:25:45,335 - root - INFO - 当前用户ID为：1
2025-12-24 09:25:45,335 - root - INFO - 运行正常，显示为主窗口
2025-12-24 09:26:00,349 - root - INFO - 当前用户为：管理员
2025-12-24 09:26:00,349 - root - INFO - 当前用户ID为：1
2025-12-24 09:26:00,349 - root - INFO - 运行正常，显示为主窗口
2025-12-24 09:26:15,352 - root - INFO - 当前用户为：管理员
2025-12-24 09:26:15,352 - root - INFO - 当前用户ID为：1
2025-12-24 09:26:15,352 - root - INFO - 运行正常，显示为主窗口
2025-12-24 09:26:30,361 - root - INFO - 当前用户为：管理员
2025-12-24 09:26:30,361 - root - INFO - 当前用户ID为：1
2025-12-24 09:26:30,361 - root - INFO - 运行正常，显示为主窗口
2025-12-24 09:26:45,366 - root - INFO - 当前用户为：管理员
2025-12-24 09:26:45,366 - root - INFO - 当前用户ID为：1
2025-12-24 09:26:45,366 - root - INFO - 运行正常，显示为主窗口
2025-12-24 09:27:00,374 - root - INFO - 当前用户为：管理员
2025-12-24 09:27:00,374 - root - INFO - 当前用户ID为：1
2025-12-24 09:27:00,374 - root - INFO - 运行正常，显示为主窗口
2025-12-24 09:27:15,386 - root - INFO - 当前用户为：管理员
2025-12-24 09:27:15,386 - root - INFO - 当前用户ID为：1
2025-12-24 09:27:15,386 - root - INFO - 运行正常，显示为主窗口
2025-12-24 09:27:30,390 - root - INFO - 当前用户为：管理员
2025-12-24 09:27:30,390 - root - INFO - 当前用户ID为：1
2025-12-24 09:27:30,390 - root - INFO - 运行正常，显示为主窗口
2025-12-24 09:27:45,394 - root - INFO - 当前用户为：管理员
2025-12-24 09:27:45,394 - root - INFO - 当前用户ID为：1
2025-12-24 09:27:45,394 - root - INFO - 运行正常，显示为主窗口
2025-12-24 09:28:00,399 - root - INFO - 当前用户为：管理员
2025-12-24 09:28:00,399 - root - INFO - 当前用户ID为：1
2025-12-24 09:28:00,399 - root - INFO - 运行正常，显示为主窗口
2025-12-24 09:28:15,408 - root - INFO - 当前用户为：管理员
2025-12-24 09:28:15,408 - root - INFO - 当前用户ID为：1
2025-12-24 09:28:15,408 - root - INFO - 运行正常，显示为主窗口
2025-12-24 09:28:30,418 - root - INFO - 当前用户为：管理员
2025-12-24 09:28:30,418 - root - INFO - 当前用户ID为：1
2025-12-24 09:28:30,418 - root - INFO - 运行正常，显示为主窗口
2025-12-24 09:28:45,432 - root - INFO - 当前用户为：管理员
2025-12-24 09:28:45,432 - root - INFO - 当前用户ID为：1
2025-12-24 09:28:45,432 - root - INFO - 运行正常，显示为主窗口
2025-12-24 09:29:00,442 - root - INFO - 当前用户为：管理员
2025-12-24 09:29:00,442 - root - INFO - 当前用户ID为：1
2025-12-24 09:29:00,442 - root - INFO - 运行正常，显示为主窗口
2025-12-24 09:29:15,454 - root - INFO - 当前用户为：管理员
2025-12-24 09:29:15,454 - root - INFO - 当前用户ID为：1
2025-12-24 09:29:15,454 - root - INFO - 运行正常，显示为主窗口
2025-12-24 09:29:30,461 - root - INFO - 当前用户为：管理员
2025-12-24 09:29:30,461 - root - INFO - 当前用户ID为：1
2025-12-24 09:29:30,461 - root - INFO - 运行正常，显示为主窗口
2025-12-24 09:29:45,471 - root - INFO - 当前用户为：管理员
2025-12-24 09:29:45,471 - root - INFO - 当前用户ID为：1
2025-12-24 09:29:45,471 - root - INFO - 运行正常，显示为主窗口
2025-12-24 09:30:00,486 - root - INFO - 当前用户为：管理员
2025-12-24 09:30:00,486 - root - INFO - 当前用户ID为：1
2025-12-24 09:30:00,486 - root - INFO - 运行正常，显示为主窗口
2025-12-24 09:30:15,493 - root - INFO - 当前用户为：管理员
2025-12-24 09:30:15,493 - root - INFO - 当前用户ID为：1
2025-12-24 09:30:15,493 - root - INFO - 运行正常，显示为主窗口
2025-12-24 09:30:30,505 - root - INFO - 当前用户为：管理员
2025-12-24 09:30:30,505 - root - INFO - 当前用户ID为：1
2025-12-24 09:30:30,505 - root - INFO - 运行正常，显示为主窗口
2025-12-24 09:30:45,506 - root - INFO - 当前用户为：管理员
2025-12-24 09:30:45,506 - root - INFO - 当前用户ID为：1
2025-12-24 09:30:45,506 - root - INFO - 运行正常，显示为主窗口
2025-12-24 09:31:00,508 - root - INFO - 当前用户为：管理员
2025-12-24 09:31:00,508 - root - INFO - 当前用户ID为：1
2025-12-24 09:31:00,508 - root - INFO - 运行正常，显示为主窗口
2025-12-24 09:31:15,520 - root - INFO - 当前用户为：管理员
2025-12-24 09:31:15,520 - root - INFO - 当前用户ID为：1
2025-12-24 09:31:15,520 - root - INFO - 运行正常，显示为主窗口
2025-12-24 09:31:30,522 - root - INFO - 当前用户为：管理员
2025-12-24 09:31:30,522 - root - INFO - 当前用户ID为：1
2025-12-24 09:31:30,522 - root - INFO - 运行正常，显示为主窗口
2025-12-24 09:31:45,535 - root - INFO - 当前用户为：管理员
2025-12-24 09:31:45,535 - root - INFO - 当前用户ID为：1
2025-12-24 09:31:45,535 - root - INFO - 运行正常，显示为主窗口
2025-12-24 09:32:00,538 - root - INFO - 当前用户为：管理员
2025-12-24 09:32:00,538 - root - INFO - 当前用户ID为：1
2025-12-24 09:32:00,538 - root - INFO - 运行正常，显示为主窗口
2025-12-24 09:32:15,547 - root - INFO - 当前用户为：管理员
2025-12-24 09:32:15,547 - root - INFO - 当前用户ID为：1
2025-12-24 09:32:15,547 - root - INFO - 运行正常，显示为主窗口
2025-12-24 09:32:30,548 - root - INFO - 当前用户为：管理员
2025-12-24 09:32:30,548 - root - INFO - 当前用户ID为：1
2025-12-24 09:32:30,548 - root - INFO - 运行正常，显示为主窗口
2025-12-24 09:32:45,556 - root - INFO - 当前用户为：管理员
2025-12-24 09:32:45,556 - root - INFO - 当前用户ID为：1
2025-12-24 09:32:45,556 - root - INFO - 运行正常，显示为主窗口
2025-12-24 09:33:00,568 - root - INFO - 当前用户为：管理员
2025-12-24 09:33:00,568 - root - INFO - 当前用户ID为：1
2025-12-24 09:33:00,568 - root - INFO - 运行正常，显示为主窗口
2025-12-24 09:33:15,580 - root - INFO - 当前用户为：管理员
2025-12-24 09:33:15,580 - root - INFO - 当前用户ID为：1
2025-12-24 09:33:15,580 - root - INFO - 运行正常，显示为主窗口
2025-12-24 09:33:30,582 - root - INFO - 当前用户为：管理员
2025-12-24 09:33:30,582 - root - INFO - 当前用户ID为：1
2025-12-24 09:33:30,582 - root - INFO - 运行正常，显示为主窗口
2025-12-24 09:33:45,584 - root - INFO - 当前用户为：管理员
2025-12-24 09:33:45,584 - root - INFO - 当前用户ID为：1
2025-12-24 09:33:45,584 - root - INFO - 运行正常，显示为主窗口
2025-12-24 09:34:00,595 - root - INFO - 当前用户为：管理员
2025-12-24 09:34:00,595 - root - INFO - 当前用户ID为：1
2025-12-24 09:34:00,595 - root - INFO - 运行正常，显示为主窗口
2025-12-24 09:34:15,600 - root - INFO - 当前用户为：管理员
2025-12-24 09:34:15,600 - root - INFO - 当前用户ID为：1
2025-12-24 09:34:15,600 - root - INFO - 运行正常，显示为主窗口
2025-12-24 09:34:30,602 - root - INFO - 当前用户为：管理员
2025-12-24 09:34:30,602 - root - INFO - 当前用户ID为：1
2025-12-24 09:34:30,602 - root - INFO - 运行正常，显示为主窗口
2025-12-24 09:34:45,614 - root - INFO - 当前用户为：管理员
2025-12-24 09:34:45,614 - root - INFO - 当前用户ID为：1
2025-12-24 09:34:45,614 - root - INFO - 运行正常，显示为主窗口
2025-12-24 09:35:00,624 - root - INFO - 当前用户为：管理员
2025-12-24 09:35:00,624 - root - INFO - 当前用户ID为：1
2025-12-24 09:35:00,624 - root - INFO - 运行正常，显示为主窗口
2025-12-24 09:35:15,638 - root - INFO - 当前用户为：管理员
2025-12-24 09:35:15,638 - root - INFO - 当前用户ID为：1
2025-12-24 09:35:15,638 - root - INFO - 运行正常，显示为主窗口
2025-12-24 09:35:30,652 - root - INFO - 当前用户为：管理员
2025-12-24 09:35:30,652 - root - INFO - 当前用户ID为：1
2025-12-24 09:35:30,652 - root - INFO - 运行正常，显示为主窗口
2025-12-24 09:35:45,659 - root - INFO - 当前用户为：管理员
2025-12-24 09:35:45,659 - root - INFO - 当前用户ID为：1
2025-12-24 09:35:45,659 - root - INFO - 运行正常，显示为主窗口
2025-12-24 09:36:00,671 - root - INFO - 当前用户为：管理员
2025-12-24 09:36:00,671 - root - INFO - 当前用户ID为：1
2025-12-24 09:36:00,671 - root - INFO - 运行正常，显示为主窗口
2025-12-24 09:36:15,679 - root - INFO - 当前用户为：管理员
2025-12-24 09:36:15,679 - root - INFO - 当前用户ID为：1
2025-12-24 09:36:15,679 - root - INFO - 运行正常，显示为主窗口
2025-12-24 09:36:30,685 - root - INFO - 当前用户为：管理员
2025-12-24 09:36:30,685 - root - INFO - 当前用户ID为：1
2025-12-24 09:36:30,685 - root - INFO - 运行正常，显示为主窗口
2025-12-24 09:36:45,694 - root - INFO - 当前用户为：管理员
2025-12-24 09:36:45,694 - root - INFO - 当前用户ID为：1
2025-12-24 09:36:45,694 - root - INFO - 运行正常，显示为主窗口
2025-12-24 09:37:00,695 - root - INFO - 当前用户为：管理员
2025-12-24 09:37:00,695 - root - INFO - 当前用户ID为：1
2025-12-24 09:37:00,695 - root - INFO - 运行正常，显示为主窗口
2025-12-24 09:37:15,697 - root - INFO - 当前用户为：管理员
2025-12-24 09:37:15,697 - root - INFO - 当前用户ID为：1
2025-12-24 09:37:15,697 - root - INFO - 运行正常，显示为主窗口
2025-12-24 09:37:30,705 - root - INFO - 当前用户为：管理员
2025-12-24 09:37:30,705 - root - INFO - 当前用户ID为：1
2025-12-24 09:37:30,705 - root - INFO - 运行正常，显示为主窗口
2025-12-24 09:37:45,708 - root - INFO - 当前用户为：管理员
2025-12-24 09:37:45,708 - root - INFO - 当前用户ID为：1
2025-12-24 09:37:45,708 - root - INFO - 运行正常，显示为主窗口
2025-12-24 09:38:00,717 - root - INFO - 当前用户为：管理员
2025-12-24 09:38:00,717 - root - INFO - 当前用户ID为：1
2025-12-24 09:38:00,717 - root - INFO - 运行正常，显示为主窗口
2025-12-24 09:38:15,733 - root - INFO - 当前用户为：管理员
2025-12-24 09:38:15,733 - root - INFO - 当前用户ID为：1
2025-12-24 09:38:15,733 - root - INFO - 运行正常，显示为主窗口
2025-12-24 09:38:30,740 - root - INFO - 当前用户为：管理员
2025-12-24 09:38:30,740 - root - INFO - 当前用户ID为：1
2025-12-24 09:38:30,740 - root - INFO - 运行正常，显示为主窗口
2025-12-24 09:38:45,744 - root - INFO - 当前用户为：管理员
2025-12-24 09:38:45,744 - root - INFO - 当前用户ID为：1
2025-12-24 09:38:45,745 - root - INFO - 运行正常，显示为主窗口
2025-12-24 09:39:00,757 - root - INFO - 当前用户为：管理员
2025-12-24 09:39:00,757 - root - INFO - 当前用户ID为：1
2025-12-24 09:39:00,757 - root - INFO - 运行正常，显示为主窗口
2025-12-24 09:39:15,760 - root - INFO - 当前用户为：管理员
2025-12-24 09:39:15,760 - root - INFO - 当前用户ID为：1
2025-12-24 09:39:15,760 - root - INFO - 运行正常，显示为主窗口
2025-12-24 09:39:30,768 - root - INFO - 当前用户为：管理员
2025-12-24 09:39:30,768 - root - INFO - 当前用户ID为：1
2025-12-24 09:39:30,768 - root - INFO - 运行正常，显示为主窗口
2025-12-24 09:39:45,773 - root - INFO - 当前用户为：管理员
2025-12-24 09:39:45,773 - root - INFO - 当前用户ID为：1
2025-12-24 09:39:45,773 - root - INFO - 运行正常，显示为主窗口
2025-12-24 09:40:00,787 - root - INFO - 当前用户为：管理员
2025-12-24 09:40:00,787 - root - INFO - 当前用户ID为：1
2025-12-24 09:40:00,787 - root - INFO - 运行正常，显示为主窗口
2025-12-24 09:40:15,799 - root - INFO - 当前用户为：管理员
2025-12-24 09:40:15,799 - root - INFO - 当前用户ID为：1
2025-12-24 09:40:15,799 - root - INFO - 运行正常，显示为主窗口
2025-12-24 09:40:30,808 - root - INFO - 当前用户为：管理员
2025-12-24 09:40:30,808 - root - INFO - 当前用户ID为：1
2025-12-24 09:40:30,808 - root - INFO - 运行正常，显示为主窗口
2025-12-24 09:40:45,811 - root - INFO - 当前用户为：管理员
2025-12-24 09:40:45,811 - root - INFO - 当前用户ID为：1
2025-12-24 09:40:45,812 - root - INFO - 运行正常，显示为主窗口
2025-12-24 09:41:00,826 - root - INFO - 当前用户为：管理员
2025-12-24 09:41:00,826 - root - INFO - 当前用户ID为：1
2025-12-24 09:41:00,826 - root - INFO - 运行正常，显示为主窗口
2025-12-24 09:41:15,830 - root - INFO - 当前用户为：管理员
2025-12-24 09:41:15,830 - root - INFO - 当前用户ID为：1
2025-12-24 09:41:15,830 - root - INFO - 运行正常，显示为主窗口
2025-12-24 09:41:30,838 - root - INFO - 当前用户为：管理员
2025-12-24 09:41:30,838 - root - INFO - 当前用户ID为：1
2025-12-24 09:41:30,838 - root - INFO - 运行正常，显示为主窗口
2025-12-24 09:41:45,848 - root - INFO - 当前用户为：管理员
2025-12-24 09:41:45,848 - root - INFO - 当前用户ID为：1
2025-12-24 09:41:45,848 - root - INFO - 运行正常，显示为主窗口
2025-12-24 09:42:00,851 - root - INFO - 当前用户为：管理员
2025-12-24 09:42:00,851 - root - INFO - 当前用户ID为：1
2025-12-24 09:42:00,851 - root - INFO - 运行正常，显示为主窗口
2025-12-24 09:42:15,866 - root - INFO - 当前用户为：管理员
2025-12-24 09:42:15,866 - root - INFO - 当前用户ID为：1
2025-12-24 09:42:15,866 - root - INFO - 运行正常，显示为主窗口
2025-12-24 09:42:30,869 - root - INFO - 当前用户为：管理员
2025-12-24 09:42:30,869 - root - INFO - 当前用户ID为：1
2025-12-24 09:42:30,869 - root - INFO - 运行正常，显示为主窗口
2025-12-24 09:42:45,883 - root - INFO - 当前用户为：管理员
2025-12-24 09:42:45,883 - root - INFO - 当前用户ID为：1
2025-12-24 09:42:45,883 - root - INFO - 运行正常，显示为主窗口
2025-12-24 09:43:00,893 - root - INFO - 当前用户为：管理员
2025-12-24 09:43:00,893 - root - INFO - 当前用户ID为：1
2025-12-24 09:43:00,893 - root - INFO - 运行正常，显示为主窗口
2025-12-24 09:43:15,906 - root - INFO - 当前用户为：管理员
2025-12-24 09:43:15,906 - root - INFO - 当前用户ID为：1
2025-12-24 09:43:15,906 - root - INFO - 运行正常，显示为主窗口
2025-12-24 09:43:30,908 - root - INFO - 当前用户为：管理员
2025-12-24 09:43:30,908 - root - INFO - 当前用户ID为：1
2025-12-24 09:43:30,908 - root - INFO - 运行正常，显示为主窗口
2025-12-24 09:43:45,916 - root - INFO - 当前用户为：管理员
2025-12-24 09:43:45,916 - root - INFO - 当前用户ID为：1
2025-12-24 09:43:45,916 - root - INFO - 运行正常，显示为主窗口
2025-12-24 09:44:00,927 - root - INFO - 当前用户为：管理员
2025-12-24 09:44:00,927 - root - INFO - 当前用户ID为：1
2025-12-24 09:44:00,927 - root - INFO - 运行正常，显示为主窗口
2025-12-24 09:44:15,935 - root - INFO - 当前用户为：管理员
2025-12-24 09:44:15,935 - root - INFO - 当前用户ID为：1
2025-12-24 09:44:15,935 - root - INFO - 运行正常，显示为主窗口
2025-12-24 09:44:30,937 - root - INFO - 当前用户为：管理员
2025-12-24 09:44:30,937 - root - INFO - 当前用户ID为：1
2025-12-24 09:44:30,937 - root - INFO - 运行正常，显示为主窗口
2025-12-24 09:44:45,939 - root - INFO - 当前用户为：管理员
2025-12-24 09:44:45,939 - root - INFO - 当前用户ID为：1
2025-12-24 09:44:45,939 - root - INFO - 运行正常，显示为主窗口
2025-12-24 09:45:00,944 - root - INFO - 当前用户为：管理员
2025-12-24 09:45:00,944 - root - INFO - 当前用户ID为：1
2025-12-24 09:45:00,944 - root - INFO - 运行正常，显示为主窗口
2025-12-24 09:45:15,954 - root - INFO - 当前用户为：管理员
2025-12-24 09:45:15,954 - root - INFO - 当前用户ID为：1
2025-12-24 09:45:15,954 - root - INFO - 运行正常，显示为主窗口
2025-12-24 09:45:30,960 - root - INFO - 当前用户为：管理员
2025-12-24 09:45:30,960 - root - INFO - 当前用户ID为：1
2025-12-24 09:45:30,960 - root - INFO - 运行正常，显示为主窗口
2025-12-24 09:45:45,974 - root - INFO - 当前用户为：管理员
2025-12-24 09:45:45,974 - root - INFO - 当前用户ID为：1
2025-12-24 09:45:45,974 - root - INFO - 运行正常，显示为主窗口
2025-12-24 09:46:01,017 - root - INFO - 当前用户为：管理员
2025-12-24 09:46:01,019 - root - INFO - 当前用户ID为：1
2025-12-24 09:46:01,019 - root - INFO - 运行正常，显示为主窗口
2025-12-24 09:46:02,663 - gui.main_window - INFO - 主窗口关闭
2025-12-24 09:46:03,578 - app_controller - INFO - [MainApp] 应用程序初始化完成
2025-12-24 09:46:03,579 - app_controller - INFO - [MainApp] 数据库连接对象类型: <class 'sqlite3.Connection'>
2025-12-24 09:46:03,584 - app_controller - INFO - [MainApp] 数据库初始化/连接成功
2025-12-24 09:46:03,585 - root - INFO - [StartupWindow] 初始化中...
2025-12-24 09:46:06,916 - root - INFO - 加载完成，即将跳转到登录窗口
2025-12-24 09:46:07,118 - app_controller - INFO - DEBUG: _on_startup_loaded 被调用
2025-12-24 09:46:07,119 - root - INFO - [LoginWindow] 初始化时 db_conn 类型: <class 'sqlite3.Connection'>
2025-12-24 09:46:07,213 - app_controller - INFO - [MainApp] 传递给 LoginWindow 的 db_conn 类型: <class 'sqlite3.Connection'>
2025-12-24 09:46:07,214 - app_controller - INFO - [MainApp] 已连接登录成功信号
2025-12-24 09:46:07,426 - root - INFO - [LoginWindow] handle_auto_login 中 db_conn 类型: <class 'sqlite3.Connection'>
2025-12-24 09:46:07,426 - root - INFO - [LoginWindow] attempt_login 中 db_conn 类型: <class 'sqlite3.Connection'>
2025-12-24 09:46:07,426 - gui.login_window - INFO - 用户 admin 登录成功, 角色: admin
2025-12-24 09:46:07,427 - root - INFO - 当前用户为：管理员
2025-12-24 09:46:07,428 - root - INFO - 当前用户ID为：1
2025-12-24 09:46:07,429 - root - INFO - 运行正常，显示为主窗口
2025-12-24 09:46:22,430 - root - INFO - 当前用户为：管理员
2025-12-24 09:46:22,430 - root - INFO - 当前用户ID为：1
2025-12-24 09:46:22,430 - root - INFO - 运行正常，显示为主窗口
2025-12-24 09:46:37,445 - root - INFO - 当前用户为：管理员
2025-12-24 09:46:37,445 - root - INFO - 当前用户ID为：1
2025-12-24 09:46:37,445 - root - INFO - 运行正常，显示为主窗口
2025-12-24 09:46:52,457 - root - INFO - 当前用户为：管理员
2025-12-24 09:46:52,457 - root - INFO - 当前用户ID为：1
2025-12-24 09:46:52,457 - root - INFO - 运行正常，显示为主窗口
2025-12-24 09:47:07,470 - root - INFO - 当前用户为：管理员
2025-12-24 09:47:07,470 - root - INFO - 当前用户ID为：1
2025-12-24 09:47:07,470 - root - INFO - 运行正常，显示为主窗口
2025-12-24 09:47:22,471 - root - INFO - 当前用户为：管理员
2025-12-24 09:47:22,471 - root - INFO - 当前用户ID为：1
2025-12-24 09:47:22,471 - root - INFO - 运行正常，显示为主窗口
2025-12-24 09:47:37,481 - root - INFO - 当前用户为：管理员
2025-12-24 09:47:37,481 - root - INFO - 当前用户ID为：1
2025-12-24 09:47:37,481 - root - INFO - 运行正常，显示为主窗口
2025-12-24 09:47:52,486 - root - INFO - 当前用户为：管理员
2025-12-24 09:47:52,486 - root - INFO - 当前用户ID为：1
2025-12-24 09:47:52,486 - root - INFO - 运行正常，显示为主窗口
2025-12-24 09:48:07,491 - root - INFO - 当前用户为：管理员
2025-12-24 09:48:07,491 - root - INFO - 当前用户ID为：1
2025-12-24 09:48:07,491 - root - INFO - 运行正常，显示为主窗口
2025-12-24 09:48:22,505 - root - INFO - 当前用户为：管理员
2025-12-24 09:48:22,505 - root - INFO - 当前用户ID为：1
2025-12-24 09:48:22,505 - root - INFO - 运行正常，显示为主窗口
2025-12-24 09:48:37,515 - root - INFO - 当前用户为：管理员
2025-12-24 09:48:37,515 - root - INFO - 当前用户ID为：1
2025-12-24 09:48:37,515 - root - INFO - 运行正常，显示为主窗口
2025-12-24 09:48:52,519 - root - INFO - 当前用户为：管理员
2025-12-24 09:48:52,519 - root - INFO - 当前用户ID为：1
2025-12-24 09:48:52,519 - root - INFO - 运行正常，显示为主窗口
2025-12-24 09:49:07,524 - root - INFO - 当前用户为：管理员
2025-12-24 09:49:07,524 - root - INFO - 当前用户ID为：1
2025-12-24 09:49:07,524 - root - INFO - 运行正常，显示为主窗口
2025-12-24 09:49:22,539 - root - INFO - 当前用户为：管理员
2025-12-24 09:49:22,539 - root - INFO - 当前用户ID为：1
2025-12-24 09:49:22,539 - root - INFO - 运行正常，显示为主窗口
2025-12-24 09:49:37,551 - root - INFO - 当前用户为：管理员
2025-12-24 09:49:37,551 - root - INFO - 当前用户ID为：1
2025-12-24 09:49:37,551 - root - INFO - 运行正常，显示为主窗口
2025-12-24 09:49:52,564 - root - INFO - 当前用户为：管理员
2025-12-24 09:49:52,564 - root - INFO - 当前用户ID为：1
2025-12-24 09:49:52,564 - root - INFO - 运行正常，显示为主窗口
2025-12-24 09:50:07,571 - root - INFO - 当前用户为：管理员
2025-12-24 09:50:07,571 - root - INFO - 当前用户ID为：1
2025-12-24 09:50:07,571 - root - INFO - 运行正常，显示为主窗口
2025-12-24 09:50:22,583 - root - INFO - 当前用户为：管理员
2025-12-24 09:50:22,583 - root - INFO - 当前用户ID为：1
2025-12-24 09:50:22,583 - root - INFO - 运行正常，显示为主窗口
2025-12-24 09:50:37,599 - root - INFO - 当前用户为：管理员
2025-12-24 09:50:37,599 - root - INFO - 当前用户ID为：1
2025-12-24 09:50:37,599 - root - INFO - 运行正常，显示为主窗口
2025-12-24 09:50:52,610 - root - INFO - 当前用户为：管理员
2025-12-24 09:50:52,610 - root - INFO - 当前用户ID为：1
2025-12-24 09:50:52,610 - root - INFO - 运行正常，显示为主窗口
2025-12-24 09:51:07,618 - root - INFO - 当前用户为：管理员
2025-12-24 09:51:07,618 - root - INFO - 当前用户ID为：1
2025-12-24 09:51:07,618 - root - INFO - 运行正常，显示为主窗口
2025-12-24 09:51:22,629 - root - INFO - 当前用户为：管理员
2025-12-24 09:51:22,629 - root - INFO - 当前用户ID为：1
2025-12-24 09:51:22,629 - root - INFO - 运行正常，显示为主窗口
2025-12-24 09:51:37,644 - root - INFO - 当前用户为：管理员
2025-12-24 09:51:37,644 - root - INFO - 当前用户ID为：1
2025-12-24 09:51:37,644 - root - INFO - 运行正常，显示为主窗口
2025-12-24 09:51:52,651 - root - INFO - 当前用户为：管理员
2025-12-24 09:51:52,651 - root - INFO - 当前用户ID为：1
2025-12-24 09:51:52,651 - root - INFO - 运行正常，显示为主窗口
2025-12-24 09:52:07,662 - root - INFO - 当前用户为：管理员
2025-12-24 09:52:07,662 - root - INFO - 当前用户ID为：1
2025-12-24 09:52:07,662 - root - INFO - 运行正常，显示为主窗口
2025-12-24 09:52:22,674 - root - INFO - 当前用户为：管理员
2025-12-24 09:52:22,674 - root - INFO - 当前用户ID为：1
2025-12-24 09:52:22,674 - root - INFO - 运行正常，显示为主窗口
2025-12-24 09:52:37,675 - root - INFO - 当前用户为：管理员
2025-12-24 09:52:37,675 - root - INFO - 当前用户ID为：1
2025-12-24 09:52:37,675 - root - INFO - 运行正常，显示为主窗口
2025-12-24 09:52:52,689 - root - INFO - 当前用户为：管理员
2025-12-24 09:52:52,689 - root - INFO - 当前用户ID为：1
2025-12-24 09:52:52,689 - root - INFO - 运行正常，显示为主窗口
2025-12-24 09:53:07,691 - root - INFO - 当前用户为：管理员
2025-12-24 09:53:07,691 - root - INFO - 当前用户ID为：1
2025-12-24 09:53:07,691 - root - INFO - 运行正常，显示为主窗口
2025-12-24 09:53:22,698 - root - INFO - 当前用户为：管理员
2025-12-24 09:53:22,698 - root - INFO - 当前用户ID为：1
2025-12-24 09:53:22,698 - root - INFO - 运行正常，显示为主窗口
2025-12-24 09:53:37,708 - root - INFO - 当前用户为：管理员
2025-12-24 09:53:37,708 - root - INFO - 当前用户ID为：1
2025-12-24 09:53:37,708 - root - INFO - 运行正常，显示为主窗口
2025-12-24 09:53:52,721 - root - INFO - 当前用户为：管理员
2025-12-24 09:53:52,721 - root - INFO - 当前用户ID为：1
2025-12-24 09:53:52,721 - root - INFO - 运行正常，显示为主窗口
2025-12-24 09:54:07,730 - root - INFO - 当前用户为：管理员
2025-12-24 09:54:07,730 - root - INFO - 当前用户ID为：1
2025-12-24 09:54:07,730 - root - INFO - 运行正常，显示为主窗口
2025-12-24 09:54:22,744 - root - INFO - 当前用户为：管理员
2025-12-24 09:54:22,744 - root - INFO - 当前用户ID为：1
2025-12-24 09:54:22,744 - root - INFO - 运行正常，显示为主窗口
2025-12-24 09:54:37,747 - root - INFO - 当前用户为：管理员
2025-12-24 09:54:37,747 - root - INFO - 当前用户ID为：1
2025-12-24 09:54:37,747 - root - INFO - 运行正常，显示为主窗口
2025-12-24 09:54:52,754 - root - INFO - 当前用户为：管理员
2025-12-24 09:54:52,754 - root - INFO - 当前用户ID为：1
2025-12-24 09:54:52,754 - root - INFO - 运行正常，显示为主窗口
2025-12-24 09:55:07,760 - root - INFO - 当前用户为：管理员
2025-12-24 09:55:07,760 - root - INFO - 当前用户ID为：1
2025-12-24 09:55:07,760 - root - INFO - 运行正常，显示为主窗口
2025-12-24 09:55:22,766 - root - INFO - 当前用户为：管理员
2025-12-24 09:55:22,766 - root - INFO - 当前用户ID为：1
2025-12-24 09:55:22,766 - root - INFO - 运行正常，显示为主窗口
2025-12-24 09:55:37,778 - root - INFO - 当前用户为：管理员
2025-12-24 09:55:37,778 - root - INFO - 当前用户ID为：1
2025-12-24 09:55:37,778 - root - INFO - 运行正常，显示为主窗口
2025-12-24 09:55:52,789 - root - INFO - 当前用户为：管理员
2025-12-24 09:55:52,789 - root - INFO - 当前用户ID为：1
2025-12-24 09:55:52,789 - root - INFO - 运行正常，显示为主窗口
2025-12-24 09:56:07,799 - root - INFO - 当前用户为：管理员
2025-12-24 09:56:07,799 - root - INFO - 当前用户ID为：1
2025-12-24 09:56:07,800 - root - INFO - 运行正常，显示为主窗口
2025-12-24 09:56:22,806 - root - INFO - 当前用户为：管理员
2025-12-24 09:56:22,806 - root - INFO - 当前用户ID为：1
2025-12-24 09:56:22,806 - root - INFO - 运行正常，显示为主窗口
2025-12-24 09:56:37,816 - root - INFO - 当前用户为：管理员
2025-12-24 09:56:37,816 - root - INFO - 当前用户ID为：1
2025-12-24 09:56:37,816 - root - INFO - 运行正常，显示为主窗口
2025-12-24 09:56:52,823 - root - INFO - 当前用户为：管理员
2025-12-24 09:56:52,823 - root - INFO - 当前用户ID为：1
2025-12-24 09:56:52,823 - root - INFO - 运行正常，显示为主窗口
2025-12-24 09:56:54,999 - gui.main_window - INFO - 主窗口关闭
2025-12-24 09:57:04,781 - app_controller - INFO - [MainApp] 应用程序初始化完成
2025-12-24 09:57:04,782 - app_controller - INFO - [MainApp] 数据库连接对象类型: <class 'sqlite3.Connection'>
2025-12-24 09:57:04,790 - app_controller - INFO - [MainApp] 数据库初始化/连接成功
2025-12-24 09:57:04,791 - root - INFO - [StartupWindow] 初始化中...
2025-12-24 09:57:08,084 - root - INFO - 加载完成，即将跳转到登录窗口
2025-12-24 09:57:08,285 - app_controller - INFO - DEBUG: _on_startup_loaded 被调用
2025-12-24 09:57:08,286 - root - INFO - [LoginWindow] 初始化时 db_conn 类型: <class 'sqlite3.Connection'>
2025-12-24 09:57:08,346 - app_controller - INFO - [MainApp] 传递给 LoginWindow 的 db_conn 类型: <class 'sqlite3.Connection'>
2025-12-24 09:57:08,346 - app_controller - INFO - [MainApp] 已连接登录成功信号
2025-12-24 09:57:08,593 - root - INFO - [LoginWindow] handle_auto_login 中 db_conn 类型: <class 'sqlite3.Connection'>
2025-12-24 09:57:08,593 - root - INFO - [LoginWindow] attempt_login 中 db_conn 类型: <class 'sqlite3.Connection'>
2025-12-24 09:57:08,594 - gui.login_window - INFO - 用户 admin 登录成功, 角色: admin
2025-12-24 09:57:11,746 - gui.login_window - ERROR - 登录错误: name 'logging' is not defined
2025-12-24 09:57:17,062 - gui.login_window - INFO - 用户 admin 登录成功, 角色: admin
2025-12-24 09:57:17,763 - gui.login_window - ERROR - 登录错误: name 'logging' is not defined
2025-12-24 09:57:44,402 - app_controller - INFO - [MainApp] 应用程序初始化完成
2025-12-24 09:57:44,403 - app_controller - INFO - [MainApp] 数据库连接对象类型: <class 'sqlite3.Connection'>
2025-12-24 09:57:44,412 - app_controller - INFO - [MainApp] 数据库初始化/连接成功
2025-12-24 09:57:44,413 - root - INFO - [StartupWindow] 初始化中...
2025-12-24 09:57:47,720 - root - INFO - 加载完成，即将跳转到登录窗口
2025-12-24 09:57:47,921 - app_controller - INFO - DEBUG: _on_startup_loaded 被调用
2025-12-24 09:57:47,921 - root - INFO - [LoginWindow] 初始化时 db_conn 类型: <class 'sqlite3.Connection'>
2025-12-24 09:57:47,980 - app_controller - INFO - [MainApp] 传递给 LoginWindow 的 db_conn 类型: <class 'sqlite3.Connection'>
2025-12-24 09:57:47,980 - app_controller - INFO - [MainApp] 已连接登录成功信号
2025-12-24 09:57:48,230 - root - INFO - [LoginWindow] handle_auto_login 中 db_conn 类型: <class 'sqlite3.Connection'>
2025-12-24 09:57:48,230 - root - INFO - [LoginWindow] attempt_login 中 db_conn 类型: <class 'sqlite3.Connection'>
2025-12-24 09:57:48,230 - gui.login_window - INFO - 用户 admin 登录成功, 角色: admin
2025-12-24 09:57:48,231 - root - INFO - 当前用户为：管理员
2025-12-24 09:57:48,231 - root - INFO - 当前用户ID为：1
2025-12-24 09:57:48,231 - root - INFO - 运行正常，显示为主窗口
2025-12-24 09:58:03,246 - root - INFO - 当前用户为：管理员
2025-12-24 09:58:03,246 - root - INFO - 当前用户ID为：1
2025-12-24 09:58:03,246 - root - INFO - 运行正常，显示为主窗口
2025-12-24 09:58:18,258 - root - INFO - 当前用户为：管理员
2025-12-24 09:58:18,258 - root - INFO - 当前用户ID为：1
2025-12-24 09:58:18,258 - root - INFO - 运行正常，显示为主窗口
2025-12-24 09:58:33,270 - root - INFO - 当前用户为：管理员
2025-12-24 09:58:33,270 - root - INFO - 当前用户ID为：1
2025-12-24 09:58:33,270 - root - INFO - 运行正常，显示为主窗口
2025-12-24 09:58:48,274 - root - INFO - 当前用户为：管理员
2025-12-24 09:58:48,274 - root - INFO - 当前用户ID为：1
2025-12-24 09:58:48,274 - root - INFO - 运行正常，显示为主窗口
2025-12-24 09:59:03,285 - root - INFO - 当前用户为：管理员
2025-12-24 09:59:03,285 - root - INFO - 当前用户ID为：1
2025-12-24 09:59:03,285 - root - INFO - 运行正常，显示为主窗口
2025-12-24 09:59:18,288 - root - INFO - 当前用户为：管理员
2025-12-24 09:59:18,288 - root - INFO - 当前用户ID为：1
2025-12-24 09:59:18,288 - root - INFO - 运行正常，显示为主窗口
2025-12-24 09:59:33,299 - root - INFO - 当前用户为：管理员
2025-12-24 09:59:33,299 - root - INFO - 当前用户ID为：1
2025-12-24 09:59:33,299 - root - INFO - 运行正常，显示为主窗口
2025-12-24 09:59:48,302 - root - INFO - 当前用户为：管理员
2025-12-24 09:59:48,302 - root - INFO - 当前用户ID为：1
2025-12-24 09:59:48,302 - root - INFO - 运行正常，显示为主窗口
2025-12-24 10:00:03,310 - root - INFO - 当前用户为：管理员
2025-12-24 10:00:03,310 - root - INFO - 当前用户ID为：1
2025-12-24 10:00:03,310 - root - INFO - 运行正常，显示为主窗口
2025-12-24 10:00:18,315 - root - INFO - 当前用户为：管理员
2025-12-24 10:00:18,315 - root - INFO - 当前用户ID为：1
2025-12-24 10:00:18,315 - root - INFO - 运行正常，显示为主窗口
2025-12-24 10:00:33,329 - root - INFO - 当前用户为：管理员
2025-12-24 10:00:33,329 - root - INFO - 当前用户ID为：1
2025-12-24 10:00:33,329 - root - INFO - 运行正常，显示为主窗口
2025-12-24 10:00:48,337 - root - INFO - 当前用户为：管理员
2025-12-24 10:00:48,337 - root - INFO - 当前用户ID为：1
2025-12-24 10:00:48,337 - root - INFO - 运行正常，显示为主窗口
2025-12-24 10:01:03,339 - root - INFO - 当前用户为：管理员
2025-12-24 10:01:03,339 - root - INFO - 当前用户ID为：1
2025-12-24 10:01:03,339 - root - INFO - 运行正常，显示为主窗口
2025-12-24 10:01:18,348 - root - INFO - 当前用户为：管理员
2025-12-24 10:01:18,348 - root - INFO - 当前用户ID为：1
2025-12-24 10:01:18,348 - root - INFO - 运行正常，显示为主窗口
2025-12-24 10:01:33,358 - root - INFO - 当前用户为：管理员
2025-12-24 10:01:33,358 - root - INFO - 当前用户ID为：1
2025-12-24 10:01:33,358 - root - INFO - 运行正常，显示为主窗口
2025-12-24 10:01:48,366 - root - INFO - 当前用户为：管理员
2025-12-24 10:01:48,366 - root - INFO - 当前用户ID为：1
2025-12-24 10:01:48,366 - root - INFO - 运行正常，显示为主窗口
2025-12-24 10:02:03,379 - root - INFO - 当前用户为：管理员
2025-12-24 10:02:03,379 - root - INFO - 当前用户ID为：1
2025-12-24 10:02:03,379 - root - INFO - 运行正常，显示为主窗口
2025-12-24 10:02:18,384 - root - INFO - 当前用户为：管理员
2025-12-24 10:02:18,384 - root - INFO - 当前用户ID为：1
2025-12-24 10:02:18,384 - root - INFO - 运行正常，显示为主窗口
2025-12-24 10:02:33,385 - root - INFO - 当前用户为：管理员
2025-12-24 10:02:33,385 - root - INFO - 当前用户ID为：1
2025-12-24 10:02:33,385 - root - INFO - 运行正常，显示为主窗口
2025-12-24 10:02:48,399 - root - INFO - 当前用户为：管理员
2025-12-24 10:02:48,399 - root - INFO - 当前用户ID为：1
2025-12-24 10:02:48,399 - root - INFO - 运行正常，显示为主窗口
2025-12-24 10:03:03,409 - root - INFO - 当前用户为：管理员
2025-12-24 10:03:03,409 - root - INFO - 当前用户ID为：1
2025-12-24 10:03:03,409 - root - INFO - 运行正常，显示为主窗口
2025-12-24 10:03:18,425 - root - INFO - 当前用户为：管理员
2025-12-24 10:03:18,425 - root - INFO - 当前用户ID为：1
2025-12-24 10:03:18,425 - root - INFO - 运行正常，显示为主窗口
2025-12-24 10:03:33,426 - root - INFO - 当前用户为：管理员
2025-12-24 10:03:33,426 - root - INFO - 当前用户ID为：1
2025-12-24 10:03:33,426 - root - INFO - 运行正常，显示为主窗口
2025-12-24 10:03:48,441 - root - INFO - 当前用户为：管理员
2025-12-24 10:03:48,441 - root - INFO - 当前用户ID为：1
2025-12-24 10:03:48,441 - root - INFO - 运行正常，显示为主窗口
2025-12-24 10:04:03,446 - root - INFO - 当前用户为：管理员
2025-12-24 10:04:03,446 - root - INFO - 当前用户ID为：1
2025-12-24 10:04:03,446 - root - INFO - 运行正常，显示为主窗口
2025-12-24 10:04:18,462 - root - INFO - 当前用户为：管理员
2025-12-24 10:04:18,462 - root - INFO - 当前用户ID为：1
2025-12-24 10:04:18,462 - root - INFO - 运行正常，显示为主窗口
2025-12-24 10:04:33,476 - root - INFO - 当前用户为：管理员
2025-12-24 10:04:33,476 - root - INFO - 当前用户ID为：1
2025-12-24 10:04:33,476 - root - INFO - 运行正常，显示为主窗口
2025-12-24 10:04:48,482 - root - INFO - 当前用户为：管理员
2025-12-24 10:04:48,482 - root - INFO - 当前用户ID为：1
2025-12-24 10:04:48,482 - root - INFO - 运行正常，显示为主窗口
2025-12-24 10:05:03,495 - root - INFO - 当前用户为：管理员
2025-12-24 10:05:03,495 - root - INFO - 当前用户ID为：1
2025-12-24 10:05:03,495 - root - INFO - 运行正常，显示为主窗口
2025-12-24 10:05:18,500 - root - INFO - 当前用户为：管理员
2025-12-24 10:05:18,500 - root - INFO - 当前用户ID为：1
2025-12-24 10:05:18,500 - root - INFO - 运行正常，显示为主窗口
2025-12-24 10:05:33,504 - root - INFO - 当前用户为：管理员
2025-12-24 10:05:33,504 - root - INFO - 当前用户ID为：1
2025-12-24 10:05:33,504 - root - INFO - 运行正常，显示为主窗口
2025-12-24 10:05:48,517 - root - INFO - 当前用户为：管理员
2025-12-24 10:05:48,517 - root - INFO - 当前用户ID为：1
2025-12-24 10:05:48,517 - root - INFO - 运行正常，显示为主窗口
2025-12-24 10:06:03,534 - root - INFO - 当前用户为：管理员
2025-12-24 10:06:03,534 - root - INFO - 当前用户ID为：1
2025-12-24 10:06:03,534 - root - INFO - 运行正常，显示为主窗口
2025-12-24 10:06:18,538 - root - INFO - 当前用户为：管理员
2025-12-24 10:06:18,538 - root - INFO - 当前用户ID为：1
2025-12-24 10:06:18,538 - root - INFO - 运行正常，显示为主窗口
2025-12-24 10:06:33,541 - root - INFO - 当前用户为：管理员
2025-12-24 10:06:33,541 - root - INFO - 当前用户ID为：1
2025-12-24 10:06:33,541 - root - INFO - 运行正常，显示为主窗口
2025-12-24 10:06:48,543 - root - INFO - 当前用户为：管理员
2025-12-24 10:06:48,543 - root - INFO - 当前用户ID为：1
2025-12-24 10:06:48,543 - root - INFO - 运行正常，显示为主窗口
2025-12-24 10:07:03,551 - root - INFO - 当前用户为：管理员
2025-12-24 10:07:03,551 - root - INFO - 当前用户ID为：1
2025-12-24 10:07:03,551 - root - INFO - 运行正常，显示为主窗口
2025-12-24 10:07:18,566 - root - INFO - 当前用户为：管理员
2025-12-24 10:07:18,566 - root - INFO - 当前用户ID为：1
2025-12-24 10:07:18,567 - root - INFO - 运行正常，显示为主窗口
2025-12-24 10:07:33,577 - root - INFO - 当前用户为：管理员
2025-12-24 10:07:33,577 - root - INFO - 当前用户ID为：1
2025-12-24 10:07:33,577 - root - INFO - 运行正常，显示为主窗口
2025-12-24 10:07:48,579 - root - INFO - 当前用户为：管理员
2025-12-24 10:07:48,579 - root - INFO - 当前用户ID为：1
2025-12-24 10:07:48,579 - root - INFO - 运行正常，显示为主窗口
2025-12-24 10:08:03,595 - root - INFO - 当前用户为：管理员
2025-12-24 10:08:03,595 - root - INFO - 当前用户ID为：1
2025-12-24 10:08:03,595 - root - INFO - 运行正常，显示为主窗口
2025-12-24 10:08:18,606 - root - INFO - 当前用户为：管理员
2025-12-24 10:08:18,606 - root - INFO - 当前用户ID为：1
2025-12-24 10:08:18,606 - root - INFO - 运行正常，显示为主窗口
2025-12-24 10:08:33,618 - root - INFO - 当前用户为：管理员
2025-12-24 10:08:33,618 - root - INFO - 当前用户ID为：1
2025-12-24 10:08:33,618 - root - INFO - 运行正常，显示为主窗口
2025-12-24 10:08:48,619 - root - INFO - 当前用户为：管理员
2025-12-24 10:08:48,619 - root - INFO - 当前用户ID为：1
2025-12-24 10:08:48,619 - root - INFO - 运行正常，显示为主窗口
2025-12-24 10:09:03,620 - root - INFO - 当前用户为：管理员
2025-12-24 10:09:03,620 - root - INFO - 当前用户ID为：1
2025-12-24 10:09:03,620 - root - INFO - 运行正常，显示为主窗口
2025-12-24 10:09:18,635 - root - INFO - 当前用户为：管理员
2025-12-24 10:09:18,635 - root - INFO - 当前用户ID为：1
2025-12-24 10:09:18,635 - root - INFO - 运行正常，显示为主窗口
2025-12-24 10:09:33,647 - root - INFO - 当前用户为：管理员
2025-12-24 10:09:33,647 - root - INFO - 当前用户ID为：1
2025-12-24 10:09:33,647 - root - INFO - 运行正常，显示为主窗口
2025-12-24 10:09:48,650 - root - INFO - 当前用户为：管理员
2025-12-24 10:09:48,650 - root - INFO - 当前用户ID为：1
2025-12-24 10:09:48,650 - root - INFO - 运行正常，显示为主窗口
2025-12-24 10:10:03,663 - root - INFO - 当前用户为：管理员
2025-12-24 10:10:03,663 - root - INFO - 当前用户ID为：1
2025-12-24 10:10:03,663 - root - INFO - 运行正常，显示为主窗口
2025-12-24 10:10:18,665 - root - INFO - 当前用户为：管理员
2025-12-24 10:10:18,665 - root - INFO - 当前用户ID为：1
2025-12-24 10:10:18,665 - root - INFO - 运行正常，显示为主窗口
2025-12-24 10:10:33,669 - root - INFO - 当前用户为：管理员
2025-12-24 10:10:33,669 - root - INFO - 当前用户ID为：1
2025-12-24 10:10:33,669 - root - INFO - 运行正常，显示为主窗口
2025-12-24 10:10:48,670 - root - INFO - 当前用户为：管理员
2025-12-24 10:10:48,670 - root - INFO - 当前用户ID为：1
2025-12-24 10:10:48,670 - root - INFO - 运行正常，显示为主窗口
2025-12-24 10:11:03,672 - root - INFO - 当前用户为：管理员
2025-12-24 10:11:03,672 - root - INFO - 当前用户ID为：1
2025-12-24 10:11:03,672 - root - INFO - 运行正常，显示为主窗口
2025-12-24 10:11:18,688 - root - INFO - 当前用户为：管理员
2025-12-24 10:11:18,688 - root - INFO - 当前用户ID为：1
2025-12-24 10:11:18,688 - root - INFO - 运行正常，显示为主窗口
2025-12-24 10:11:33,695 - root - INFO - 当前用户为：管理员
2025-12-24 10:11:33,695 - root - INFO - 当前用户ID为：1
2025-12-24 10:11:33,695 - root - INFO - 运行正常，显示为主窗口
2025-12-24 10:11:48,700 - root - INFO - 当前用户为：管理员
2025-12-24 10:11:48,700 - root - INFO - 当前用户ID为：1
2025-12-24 10:11:48,700 - root - INFO - 运行正常，显示为主窗口
2025-12-24 10:12:03,708 - root - INFO - 当前用户为：管理员
2025-12-24 10:12:03,708 - root - INFO - 当前用户ID为：1
2025-12-24 10:12:03,708 - root - INFO - 运行正常，显示为主窗口
2025-12-24 10:12:18,722 - root - INFO - 当前用户为：管理员
2025-12-24 10:12:18,722 - root - INFO - 当前用户ID为：1
2025-12-24 10:12:18,722 - root - INFO - 运行正常，显示为主窗口
2025-12-24 10:12:33,735 - root - INFO - 当前用户为：管理员
2025-12-24 10:12:33,735 - root - INFO - 当前用户ID为：1
2025-12-24 10:12:33,735 - root - INFO - 运行正常，显示为主窗口
2025-12-24 10:12:48,744 - root - INFO - 当前用户为：管理员
2025-12-24 10:12:48,744 - root - INFO - 当前用户ID为：1
2025-12-24 10:12:48,745 - root - INFO - 运行正常，显示为主窗口
2025-12-24 10:13:03,748 - root - INFO - 当前用户为：管理员
2025-12-24 10:13:03,748 - root - INFO - 当前用户ID为：1
2025-12-24 10:13:03,748 - root - INFO - 运行正常，显示为主窗口
2025-12-24 10:13:18,758 - root - INFO - 当前用户为：管理员
2025-12-24 10:13:18,758 - root - INFO - 当前用户ID为：1
2025-12-24 10:13:18,758 - root - INFO - 运行正常，显示为主窗口
2025-12-24 10:13:33,759 - root - INFO - 当前用户为：管理员
2025-12-24 10:13:33,759 - root - INFO - 当前用户ID为：1
2025-12-24 10:13:33,759 - root - INFO - 运行正常，显示为主窗口
2025-12-24 10:13:48,765 - root - INFO - 当前用户为：管理员
2025-12-24 10:13:48,765 - root - INFO - 当前用户ID为：1
2025-12-24 10:13:48,765 - root - INFO - 运行正常，显示为主窗口
2025-12-24 10:13:49,366 - gui.main_window - INFO - 主窗口关闭
2025-12-24 10:13:51,872 - app_controller - INFO - [MainApp] 应用程序初始化完成
2025-12-24 10:13:51,873 - app_controller - INFO - [MainApp] 数据库连接对象类型: <class 'sqlite3.Connection'>
2025-12-24 10:13:51,882 - app_controller - INFO - [MainApp] 数据库初始化/连接成功
2025-12-24 10:13:51,882 - root - INFO - [StartupWindow] 初始化中...
2025-12-24 10:13:55,183 - root - INFO - 加载完成，即将跳转到登录窗口
2025-12-24 10:13:55,383 - app_controller - INFO - DEBUG: _on_startup_loaded 被调用
2025-12-24 10:13:55,384 - root - INFO - [LoginWindow] 初始化时 db_conn 类型: <class 'sqlite3.Connection'>
2025-12-24 10:13:55,450 - app_controller - INFO - [MainApp] 传递给 LoginWindow 的 db_conn 类型: <class 'sqlite3.Connection'>
2025-12-24 10:13:55,450 - app_controller - INFO - [MainApp] 已连接登录成功信号
2025-12-24 10:13:55,696 - root - INFO - [LoginWindow] handle_auto_login 中 db_conn 类型: <class 'sqlite3.Connection'>
2025-12-24 10:13:55,696 - root - INFO - [LoginWindow] attempt_login 中 db_conn 类型: <class 'sqlite3.Connection'>
2025-12-24 10:13:55,696 - gui.login_window - INFO - 用户 admin 登录成功, 角色: admin
2025-12-24 10:13:55,697 - root - INFO - 当前用户为：管理员
2025-12-24 10:13:55,698 - root - INFO - 当前用户ID为：1
2025-12-24 10:13:55,699 - root - INFO - 运行正常，显示为主窗口
2025-12-24 10:13:58,981 - gui.main_window - INFO - 主窗口关闭
2025-12-24 10:14:46,592 - app_controller - INFO - [MainApp] 应用程序初始化完成
2025-12-24 10:14:46,593 - app_controller - INFO - [MainApp] 数据库连接对象类型: <class 'sqlite3.Connection'>
2025-12-24 10:14:46,600 - app_controller - INFO - [MainApp] 数据库初始化/连接成功
2025-12-24 10:14:46,601 - root - INFO - [StartupWindow] 初始化中...
2025-12-24 10:14:49,934 - root - INFO - 加载完成，即将跳转到登录窗口
2025-12-24 10:14:50,135 - app_controller - INFO - DEBUG: _on_startup_loaded 被调用
2025-12-24 10:14:50,135 - root - INFO - [LoginWindow] 初始化时 db_conn 类型: <class 'sqlite3.Connection'>
2025-12-24 10:14:50,192 - app_controller - INFO - [MainApp] 传递给 LoginWindow 的 db_conn 类型: <class 'sqlite3.Connection'>
2025-12-24 10:14:50,192 - app_controller - INFO - [MainApp] 已连接登录成功信号
2025-12-24 10:14:50,449 - root - INFO - [LoginWindow] handle_auto_login 中 db_conn 类型: <class 'sqlite3.Connection'>
2025-12-24 10:14:50,449 - root - INFO - [LoginWindow] attempt_login 中 db_conn 类型: <class 'sqlite3.Connection'>
2025-12-24 10:14:50,449 - gui.login_window - INFO - 用户 admin 登录成功, 角色: admin
2025-12-24 10:14:50,450 - root - INFO - 当前用户为：管理员
2025-12-24 10:14:50,451 - root - INFO - 当前用户ID为：1
2025-12-24 10:14:50,451 - root - INFO - 运行正常，显示为主窗口
2025-12-24 10:15:05,456 - root - INFO - 当前用户为：管理员
2025-12-24 10:15:05,456 - root - INFO - 当前用户ID为：1
2025-12-24 10:15:05,456 - root - INFO - 运行正常，显示为主窗口
2025-12-24 10:15:20,471 - root - INFO - 当前用户为：管理员
2025-12-24 10:15:20,471 - root - INFO - 当前用户ID为：1
2025-12-24 10:15:20,471 - root - INFO - 运行正常，显示为主窗口
2025-12-24 10:15:35,475 - root - INFO - 当前用户为：管理员
2025-12-24 10:15:35,475 - root - INFO - 当前用户ID为：1
2025-12-24 10:15:35,476 - root - INFO - 运行正常，显示为主窗口
2025-12-24 10:15:50,481 - root - INFO - 当前用户为：管理员
2025-12-24 10:15:50,481 - root - INFO - 当前用户ID为：1
2025-12-24 10:15:50,481 - root - INFO - 运行正常，显示为主窗口
2025-12-24 10:16:05,488 - root - INFO - 当前用户为：管理员
2025-12-24 10:16:05,488 - root - INFO - 当前用户ID为：1
2025-12-24 10:16:05,488 - root - INFO - 运行正常，显示为主窗口
2025-12-24 10:16:20,491 - root - INFO - 当前用户为：管理员
2025-12-24 10:16:20,491 - root - INFO - 当前用户ID为：1
2025-12-24 10:16:20,491 - root - INFO - 运行正常，显示为主窗口
2025-12-24 10:16:35,503 - root - INFO - 当前用户为：管理员
2025-12-24 10:16:35,503 - root - INFO - 当前用户ID为：1
2025-12-24 10:16:35,503 - root - INFO - 运行正常，显示为主窗口
2025-12-24 10:16:50,508 - root - INFO - 当前用户为：管理员
2025-12-24 10:16:50,508 - root - INFO - 当前用户ID为：1
2025-12-24 10:16:50,508 - root - INFO - 运行正常，显示为主窗口
2025-12-24 10:17:05,523 - root - INFO - 当前用户为：管理员
2025-12-24 10:17:05,523 - root - INFO - 当前用户ID为：1
2025-12-24 10:17:05,523 - root - INFO - 运行正常，显示为主窗口
2025-12-24 10:17:20,527 - root - INFO - 当前用户为：管理员
2025-12-24 10:17:20,527 - root - INFO - 当前用户ID为：1
2025-12-24 10:17:20,527 - root - INFO - 运行正常，显示为主窗口
2025-12-24 10:17:35,529 - root - INFO - 当前用户为：管理员
2025-12-24 10:17:35,529 - root - INFO - 当前用户ID为：1
2025-12-24 10:17:35,529 - root - INFO - 运行正常，显示为主窗口
2025-12-24 10:17:50,532 - root - INFO - 当前用户为：管理员
2025-12-24 10:17:50,532 - root - INFO - 当前用户ID为：1
2025-12-24 10:17:50,532 - root - INFO - 运行正常，显示为主窗口
2025-12-24 10:18:05,545 - root - INFO - 当前用户为：管理员
2025-12-24 10:18:05,545 - root - INFO - 当前用户ID为：1
2025-12-24 10:18:05,545 - root - INFO - 运行正常，显示为主窗口
2025-12-24 10:18:20,555 - root - INFO - 当前用户为：管理员
2025-12-24 10:18:20,555 - root - INFO - 当前用户ID为：1
2025-12-24 10:18:20,555 - root - INFO - 运行正常，显示为主窗口
2025-12-24 10:18:35,565 - root - INFO - 当前用户为：管理员
2025-12-24 10:18:35,565 - root - INFO - 当前用户ID为：1
2025-12-24 10:18:35,565 - root - INFO - 运行正常，显示为主窗口
2025-12-24 10:18:50,568 - root - INFO - 当前用户为：管理员
2025-12-24 10:18:50,568 - root - INFO - 当前用户ID为：1
2025-12-24 10:18:50,568 - root - INFO - 运行正常，显示为主窗口
2025-12-24 10:19:05,583 - root - INFO - 当前用户为：管理员
2025-12-24 10:19:05,583 - root - INFO - 当前用户ID为：1
2025-12-24 10:19:05,583 - root - INFO - 运行正常，显示为主窗口
2025-12-24 10:19:15,224 - app_controller - INFO - [MainApp] 应用程序初始化完成
2025-12-24 10:19:15,224 - app_controller - INFO - [MainApp] 数据库连接对象类型: <class 'sqlite3.Connection'>
2025-12-24 10:19:15,231 - app_controller - INFO - [MainApp] 数据库初始化/连接成功
2025-12-24 10:19:15,231 - root - INFO - [StartupWindow] 初始化中...
2025-12-24 10:19:18,593 - root - INFO - 加载完成，即将跳转到登录窗口
2025-12-24 10:19:18,793 - app_controller - INFO - DEBUG: _on_startup_loaded 被调用
2025-12-24 10:19:18,793 - root - INFO - [LoginWindow] 初始化时 db_conn 类型: <class 'sqlite3.Connection'>
2025-12-24 10:19:18,857 - app_controller - INFO - [MainApp] 传递给 LoginWindow 的 db_conn 类型: <class 'sqlite3.Connection'>
2025-12-24 10:19:18,858 - app_controller - INFO - [MainApp] 已连接登录成功信号
2025-12-24 10:19:19,106 - root - INFO - [LoginWindow] handle_auto_login 中 db_conn 类型: <class 'sqlite3.Connection'>
2025-12-24 10:19:19,106 - root - INFO - [LoginWindow] attempt_login 中 db_conn 类型: <class 'sqlite3.Connection'>
2025-12-24 10:19:19,106 - gui.login_window - INFO - 用户 admin 登录成功, 角色: admin
2025-12-24 10:19:19,107 - root - INFO - 当前用户为：管理员
2025-12-24 10:19:19,107 - root - INFO - 当前用户ID为：1
2025-12-24 10:19:19,108 - root - INFO - 运行正常，显示为主窗口
2025-12-24 10:19:34,113 - root - INFO - 当前用户为：管理员
2025-12-24 10:19:34,113 - root - INFO - 当前用户ID为：1
2025-12-24 10:19:34,113 - root - INFO - 运行正常，显示为主窗口
2025-12-24 10:19:49,125 - root - INFO - 当前用户为：管理员
2025-12-24 10:19:49,125 - root - INFO - 当前用户ID为：1
2025-12-24 10:19:49,125 - root - INFO - 运行正常，显示为主窗口
2025-12-24 10:20:04,134 - root - INFO - 当前用户为：管理员
2025-12-24 10:20:04,134 - root - INFO - 当前用户ID为：1
2025-12-24 10:20:04,134 - root - INFO - 运行正常，显示为主窗口
2025-12-24 10:20:19,137 - root - INFO - 当前用户为：管理员
2025-12-24 10:20:19,137 - root - INFO - 当前用户ID为：1
2025-12-24 10:20:19,137 - root - INFO - 运行正常，显示为主窗口
2025-12-24 10:20:34,149 - root - INFO - 当前用户为：管理员
2025-12-24 10:20:34,149 - root - INFO - 当前用户ID为：1
2025-12-24 10:20:34,149 - root - INFO - 运行正常，显示为主窗口
2025-12-24 10:20:49,155 - root - INFO - 当前用户为：管理员
2025-12-24 10:20:49,155 - root - INFO - 当前用户ID为：1
2025-12-24 10:20:49,155 - root - INFO - 运行正常，显示为主窗口
2025-12-24 10:21:04,167 - root - INFO - 当前用户为：管理员
2025-12-24 10:21:04,167 - root - INFO - 当前用户ID为：1
2025-12-24 10:21:04,167 - root - INFO - 运行正常，显示为主窗口
2025-12-24 10:21:19,176 - root - INFO - 当前用户为：管理员
2025-12-24 10:21:19,176 - root - INFO - 当前用户ID为：1
2025-12-24 10:21:19,176 - root - INFO - 运行正常，显示为主窗口
2025-12-24 10:21:34,182 - root - INFO - 当前用户为：管理员
2025-12-24 10:21:34,182 - root - INFO - 当前用户ID为：1
2025-12-24 10:21:34,182 - root - INFO - 运行正常，显示为主窗口
2025-12-24 10:21:49,198 - root - INFO - 当前用户为：管理员
2025-12-24 10:21:49,198 - root - INFO - 当前用户ID为：1
2025-12-24 10:21:49,198 - root - INFO - 运行正常，显示为主窗口
2025-12-24 10:22:04,212 - root - INFO - 当前用户为：管理员
2025-12-24 10:22:04,212 - root - INFO - 当前用户ID为：1
2025-12-24 10:22:04,212 - root - INFO - 运行正常，显示为主窗口
2025-12-24 10:22:19,223 - root - INFO - 当前用户为：管理员
2025-12-24 10:22:19,223 - root - INFO - 当前用户ID为：1
2025-12-24 10:22:19,223 - root - INFO - 运行正常，显示为主窗口
2025-12-24 10:22:34,237 - root - INFO - 当前用户为：管理员
2025-12-24 10:22:34,237 - root - INFO - 当前用户ID为：1
2025-12-24 10:22:34,237 - root - INFO - 运行正常，显示为主窗口
2025-12-24 10:22:49,240 - root - INFO - 当前用户为：管理员
2025-12-24 10:22:49,240 - root - INFO - 当前用户ID为：1
2025-12-24 10:22:49,240 - root - INFO - 运行正常，显示为主窗口
2025-12-24 10:23:04,243 - root - INFO - 当前用户为：管理员
2025-12-24 10:23:04,243 - root - INFO - 当前用户ID为：1
2025-12-24 10:23:04,243 - root - INFO - 运行正常，显示为主窗口
2025-12-24 10:23:19,244 - root - INFO - 当前用户为：管理员
2025-12-24 10:23:19,244 - root - INFO - 当前用户ID为：1
2025-12-24 10:23:19,244 - root - INFO - 运行正常，显示为主窗口
2025-12-24 10:23:34,247 - root - INFO - 当前用户为：管理员
2025-12-24 10:23:34,247 - root - INFO - 当前用户ID为：1
2025-12-24 10:23:34,247 - root - INFO - 运行正常，显示为主窗口
2025-12-24 10:23:49,253 - root - INFO - 当前用户为：管理员
2025-12-24 10:23:49,253 - root - INFO - 当前用户ID为：1
2025-12-24 10:23:49,253 - root - INFO - 运行正常，显示为主窗口
2025-12-24 10:24:04,258 - root - INFO - 当前用户为：管理员
2025-12-24 10:24:04,258 - root - INFO - 当前用户ID为：1
2025-12-24 10:24:04,258 - root - INFO - 运行正常，显示为主窗口
2025-12-24 10:24:19,271 - root - INFO - 当前用户为：管理员
2025-12-24 10:24:19,271 - root - INFO - 当前用户ID为：1
2025-12-24 10:24:19,271 - root - INFO - 运行正常，显示为主窗口
2025-12-24 10:24:34,277 - root - INFO - 当前用户为：管理员
2025-12-24 10:24:34,277 - root - INFO - 当前用户ID为：1
2025-12-24 10:24:34,277 - root - INFO - 运行正常，显示为主窗口
2025-12-24 10:24:49,281 - root - INFO - 当前用户为：管理员
2025-12-24 10:24:49,281 - root - INFO - 当前用户ID为：1
2025-12-24 10:24:49,281 - root - INFO - 运行正常，显示为主窗口
2025-12-24 10:25:04,291 - root - INFO - 当前用户为：管理员
2025-12-24 10:25:04,291 - root - INFO - 当前用户ID为：1
2025-12-24 10:25:04,291 - root - INFO - 运行正常，显示为主窗口
2025-12-24 10:25:19,306 - root - INFO - 当前用户为：管理员
2025-12-24 10:25:19,306 - root - INFO - 当前用户ID为：1
2025-12-24 10:25:19,306 - root - INFO - 运行正常，显示为主窗口
2025-12-24 10:25:34,316 - root - INFO - 当前用户为：管理员
2025-12-24 10:25:34,316 - root - INFO - 当前用户ID为：1
2025-12-24 10:25:34,316 - root - INFO - 运行正常，显示为主窗口
2025-12-24 10:25:49,322 - root - INFO - 当前用户为：管理员
2025-12-24 10:25:49,322 - root - INFO - 当前用户ID为：1
2025-12-24 10:25:49,322 - root - INFO - 运行正常，显示为主窗口
2025-12-24 10:26:04,324 - root - INFO - 当前用户为：管理员
2025-12-24 10:26:04,324 - root - INFO - 当前用户ID为：1
2025-12-24 10:26:04,324 - root - INFO - 运行正常，显示为主窗口
2025-12-24 10:26:19,327 - root - INFO - 当前用户为：管理员
2025-12-24 10:26:19,327 - root - INFO - 当前用户ID为：1
2025-12-24 10:26:19,327 - root - INFO - 运行正常，显示为主窗口
2025-12-24 10:26:34,341 - root - INFO - 当前用户为：管理员
2025-12-24 10:26:34,341 - root - INFO - 当前用户ID为：1
2025-12-24 10:26:34,341 - root - INFO - 运行正常，显示为主窗口
2025-12-24 10:26:49,349 - root - INFO - 当前用户为：管理员
2025-12-24 10:26:49,349 - root - INFO - 当前用户ID为：1
2025-12-24 10:26:49,349 - root - INFO - 运行正常，显示为主窗口
2025-12-24 10:27:04,353 - root - INFO - 当前用户为：管理员
2025-12-24 10:27:04,353 - root - INFO - 当前用户ID为：1
2025-12-24 10:27:04,353 - root - INFO - 运行正常，显示为主窗口
2025-12-24 10:27:19,359 - root - INFO - 当前用户为：管理员
2025-12-24 10:27:19,359 - root - INFO - 当前用户ID为：1
2025-12-24 10:27:19,359 - root - INFO - 运行正常，显示为主窗口
2025-12-24 10:27:34,371 - root - INFO - 当前用户为：管理员
2025-12-24 10:27:34,371 - root - INFO - 当前用户ID为：1
2025-12-24 10:27:34,371 - root - INFO - 运行正常，显示为主窗口
2025-12-24 10:27:49,379 - root - INFO - 当前用户为：管理员
2025-12-24 10:27:49,379 - root - INFO - 当前用户ID为：1
2025-12-24 10:27:49,379 - root - INFO - 运行正常，显示为主窗口
2025-12-24 10:28:04,382 - root - INFO - 当前用户为：管理员
2025-12-24 10:28:04,382 - root - INFO - 当前用户ID为：1
2025-12-24 10:28:04,382 - root - INFO - 运行正常，显示为主窗口
2025-12-24 10:28:19,397 - root - INFO - 当前用户为：管理员
2025-12-24 10:28:19,397 - root - INFO - 当前用户ID为：1
2025-12-24 10:28:19,397 - root - INFO - 运行正常，显示为主窗口
2025-12-24 10:28:34,408 - root - INFO - 当前用户为：管理员
2025-12-24 10:28:34,408 - root - INFO - 当前用户ID为：1
2025-12-24 10:28:34,408 - root - INFO - 运行正常，显示为主窗口
2025-12-24 10:28:49,410 - root - INFO - 当前用户为：管理员
2025-12-24 10:28:49,410 - root - INFO - 当前用户ID为：1
2025-12-24 10:28:49,410 - root - INFO - 运行正常，显示为主窗口
2025-12-24 10:29:04,421 - root - INFO - 当前用户为：管理员
2025-12-24 10:29:04,421 - root - INFO - 当前用户ID为：1
2025-12-24 10:29:04,421 - root - INFO - 运行正常，显示为主窗口
2025-12-24 10:29:19,424 - root - INFO - 当前用户为：管理员
2025-12-24 10:29:19,424 - root - INFO - 当前用户ID为：1
2025-12-24 10:29:19,424 - root - INFO - 运行正常，显示为主窗口
2025-12-24 10:29:34,439 - root - INFO - 当前用户为：管理员
2025-12-24 10:29:34,439 - root - INFO - 当前用户ID为：1
2025-12-24 10:29:34,439 - root - INFO - 运行正常，显示为主窗口
2025-12-24 10:29:49,450 - root - INFO - 当前用户为：管理员
2025-12-24 10:29:49,450 - root - INFO - 当前用户ID为：1
2025-12-24 10:29:49,450 - root - INFO - 运行正常，显示为主窗口
2025-12-24 10:30:04,457 - root - INFO - 当前用户为：管理员
2025-12-24 10:30:04,457 - root - INFO - 当前用户ID为：1
2025-12-24 10:30:04,457 - root - INFO - 运行正常，显示为主窗口
2025-12-24 10:30:19,463 - root - INFO - 当前用户为：管理员
2025-12-24 10:30:19,463 - root - INFO - 当前用户ID为：1
2025-12-24 10:30:19,463 - root - INFO - 运行正常，显示为主窗口
2025-12-24 10:30:34,478 - root - INFO - 当前用户为：管理员
2025-12-24 10:30:34,478 - root - INFO - 当前用户ID为：1
2025-12-24 10:30:34,478 - root - INFO - 运行正常，显示为主窗口
2025-12-24 10:30:49,489 - root - INFO - 当前用户为：管理员
2025-12-24 10:30:49,489 - root - INFO - 当前用户ID为：1
2025-12-24 10:30:49,489 - root - INFO - 运行正常，显示为主窗口
2025-12-24 10:31:04,498 - root - INFO - 当前用户为：管理员
2025-12-24 10:31:04,498 - root - INFO - 当前用户ID为：1
2025-12-24 10:31:04,498 - root - INFO - 运行正常，显示为主窗口
2025-12-24 10:31:19,508 - root - INFO - 当前用户为：管理员
2025-12-24 10:31:19,508 - root - INFO - 当前用户ID为：1
2025-12-24 10:31:19,508 - root - INFO - 运行正常，显示为主窗口
2025-12-24 10:31:34,524 - root - INFO - 当前用户为：管理员
2025-12-24 10:31:34,524 - root - INFO - 当前用户ID为：1
2025-12-24 10:31:34,524 - root - INFO - 运行正常，显示为主窗口
2025-12-24 10:31:49,540 - root - INFO - 当前用户为：管理员
2025-12-24 10:31:49,540 - root - INFO - 当前用户ID为：1
2025-12-24 10:31:49,540 - root - INFO - 运行正常，显示为主窗口
2025-12-24 10:32:04,547 - root - INFO - 当前用户为：管理员
2025-12-24 10:32:04,547 - root - INFO - 当前用户ID为：1
2025-12-24 10:32:04,547 - root - INFO - 运行正常，显示为主窗口
2025-12-24 10:32:19,562 - root - INFO - 当前用户为：管理员
2025-12-24 10:32:19,562 - root - INFO - 当前用户ID为：1
2025-12-24 10:32:19,562 - root - INFO - 运行正常，显示为主窗口
2025-12-24 10:32:34,566 - root - INFO - 当前用户为：管理员
2025-12-24 10:32:34,566 - root - INFO - 当前用户ID为：1
2025-12-24 10:32:34,566 - root - INFO - 运行正常，显示为主窗口
2025-12-24 10:32:49,569 - root - INFO - 当前用户为：管理员
2025-12-24 10:32:49,569 - root - INFO - 当前用户ID为：1
2025-12-24 10:32:49,569 - root - INFO - 运行正常，显示为主窗口
2025-12-24 10:33:04,583 - root - INFO - 当前用户为：管理员
2025-12-24 10:33:04,583 - root - INFO - 当前用户ID为：1
2025-12-24 10:33:04,583 - root - INFO - 运行正常，显示为主窗口
2025-12-24 10:33:17,988 - app_controller - INFO - [MainApp] 应用程序初始化完成
2025-12-24 10:33:17,992 - app_controller - INFO - [MainApp] 数据库连接对象类型: <class 'sqlite3.Connection'>
2025-12-24 10:33:18,004 - app_controller - INFO - [MainApp] 数据库初始化/连接成功
2025-12-24 10:33:18,004 - root - INFO - [StartupWindow] 初始化中...
2025-12-24 10:33:19,412 - app_controller - INFO - [MainApp] 应用程序初始化完成
2025-12-24 10:33:19,418 - app_controller - INFO - [MainApp] 数据库连接对象类型: <class 'sqlite3.Connection'>
2025-12-24 10:33:19,445 - app_controller - INFO - [MainApp] 数据库初始化/连接成功
2025-12-24 10:33:19,446 - root - INFO - [StartupWindow] 初始化中...
2025-12-24 10:33:22,896 - root - INFO - 加载完成，即将跳转到登录窗口
2025-12-24 10:33:23,097 - app_controller - INFO - DEBUG: _on_startup_loaded 被调用
2025-12-24 10:33:23,097 - root - INFO - [LoginWindow] 初始化时 db_conn 类型: <class 'sqlite3.Connection'>
2025-12-24 10:33:23,168 - app_controller - INFO - [MainApp] 传递给 LoginWindow 的 db_conn 类型: <class 'sqlite3.Connection'>
2025-12-24 10:33:23,168 - app_controller - INFO - [MainApp] 已连接登录成功信号
2025-12-24 10:33:23,409 - root - INFO - [LoginWindow] handle_auto_login 中 db_conn 类型: <class 'sqlite3.Connection'>
2025-12-24 10:33:23,409 - root - INFO - [LoginWindow] attempt_login 中 db_conn 类型: <class 'sqlite3.Connection'>
2025-12-24 10:33:23,410 - gui.login_window - INFO - 用户 admin 登录成功, 角色: admin
2025-12-24 10:33:23,410 - root - INFO - 当前用户为：管理员
2025-12-24 10:33:23,412 - root - INFO - 当前用户ID为：1
2025-12-24 10:33:23,413 - root - INFO - 运行正常，显示为主窗口
2025-12-24 10:33:38,423 - root - INFO - 当前用户为：管理员
2025-12-24 10:33:38,423 - root - INFO - 当前用户ID为：1
2025-12-24 10:33:38,423 - root - INFO - 运行正常，显示为主窗口
2025-12-24 10:33:53,431 - root - INFO - 当前用户为：管理员
2025-12-24 10:33:53,431 - root - INFO - 当前用户ID为：1
2025-12-24 10:33:53,431 - root - INFO - 运行正常，显示为主窗口
2025-12-24 10:34:08,447 - root - INFO - 当前用户为：管理员
2025-12-24 10:34:08,447 - root - INFO - 当前用户ID为：1
2025-12-24 10:34:08,447 - root - INFO - 运行正常，显示为主窗口
2025-12-24 10:34:23,449 - root - INFO - 当前用户为：管理员
2025-12-24 10:34:23,449 - root - INFO - 当前用户ID为：1
2025-12-24 10:34:23,449 - root - INFO - 运行正常，显示为主窗口
2025-12-24 10:34:38,463 - root - INFO - 当前用户为：管理员
2025-12-24 10:34:38,463 - root - INFO - 当前用户ID为：1
2025-12-24 10:34:38,463 - root - INFO - 运行正常，显示为主窗口
2025-12-24 10:34:38,618 - gui.student_mgmt - INFO - 添加学生: 20240720
2025-12-24 10:34:53,464 - root - INFO - 当前用户为：管理员
2025-12-24 10:34:53,464 - root - INFO - 当前用户ID为：1
2025-12-24 10:34:53,464 - root - INFO - 运行正常，显示为主窗口
2025-12-24 10:34:54,346 - gui.student_mgmt - INFO - 添加班级: 24.7
2025-12-24 10:35:06,001 - gui.student_mgmt - INFO - 更新学生: 20240720
2025-12-24 10:35:08,464 - root - INFO - 当前用户为：管理员
2025-12-24 10:35:08,464 - root - INFO - 当前用户ID为：1
2025-12-24 10:35:08,464 - root - INFO - 运行正常，显示为主窗口
2025-12-24 10:35:23,469 - gui.course_class_mgmt - INFO - 添加关联: 课程ID 2, 班级ID 5
2025-12-24 10:35:23,471 - root - INFO - 当前用户为：管理员
2025-12-24 10:35:23,471 - root - INFO - 当前用户ID为：1
2025-12-24 10:35:23,471 - root - INFO - 运行正常，显示为主窗口
2025-12-24 10:35:38,471 - root - INFO - 当前用户为：管理员
2025-12-24 10:35:38,471 - root - INFO - 当前用户ID为：1
2025-12-24 10:35:38,471 - root - INFO - 运行正常，显示为主窗口
2025-12-24 10:35:53,481 - root - INFO - 当前用户为：管理员
2025-12-24 10:35:53,481 - root - INFO - 当前用户ID为：1
2025-12-24 10:35:53,481 - root - INFO - 运行正常，显示为主窗口
2025-12-24 10:36:08,482 - root - INFO - 当前用户为：管理员
2025-12-24 10:36:08,482 - root - INFO - 当前用户ID为：1
2025-12-24 10:36:08,482 - root - INFO - 运行正常，显示为主窗口
2025-12-24 10:36:23,485 - root - INFO - 当前用户为：管理员
2025-12-24 10:36:23,485 - root - INFO - 当前用户ID为：1
2025-12-24 10:36:23,485 - root - INFO - 运行正常，显示为主窗口
2025-12-24 10:36:38,492 - root - INFO - 当前用户为：管理员
2025-12-24 10:36:38,492 - root - INFO - 当前用户ID为：1
2025-12-24 10:36:38,492 - root - INFO - 运行正常，显示为主窗口
2025-12-24 10:36:53,505 - root - INFO - 当前用户为：管理员
2025-12-24 10:36:53,505 - root - INFO - 当前用户ID为：1
2025-12-24 10:36:53,505 - root - INFO - 运行正常，显示为主窗口
2025-12-24 10:37:08,516 - root - INFO - 当前用户为：管理员
2025-12-24 10:37:08,516 - root - INFO - 当前用户ID为：1
2025-12-24 10:37:08,516 - root - INFO - 运行正常，显示为主窗口
2025-12-24 10:37:23,524 - root - INFO - 当前用户为：管理员
2025-12-24 10:37:23,524 - root - INFO - 当前用户ID为：1
2025-12-24 10:37:23,524 - root - INFO - 运行正常，显示为主窗口
2025-12-24 10:37:38,533 - root - INFO - 当前用户为：管理员
2025-12-24 10:37:38,533 - root - INFO - 当前用户ID为：1
2025-12-24 10:37:38,533 - root - INFO - 运行正常，显示为主窗口
2025-12-24 10:37:53,542 - root - INFO - 当前用户为：管理员
2025-12-24 10:37:53,543 - root - INFO - 当前用户ID为：1
2025-12-24 10:37:53,543 - root - INFO - 运行正常，显示为主窗口
2025-12-24 10:38:08,548 - root - INFO - 当前用户为：管理员
2025-12-24 10:38:08,548 - root - INFO - 当前用户ID为：1
2025-12-24 10:38:08,548 - root - INFO - 运行正常，显示为主窗口
2025-12-24 10:38:23,554 - root - INFO - 当前用户为：管理员
2025-12-24 10:38:23,554 - root - INFO - 当前用户ID为：1
2025-12-24 10:38:23,554 - root - INFO - 运行正常，显示为主窗口
2025-12-24 10:38:38,559 - root - INFO - 当前用户为：管理员
2025-12-24 10:38:38,559 - root - INFO - 当前用户ID为：1
2025-12-24 10:38:38,559 - root - INFO - 运行正常，显示为主窗口
2025-12-24 10:38:53,563 - root - INFO - 当前用户为：管理员
2025-12-24 10:38:53,563 - root - INFO - 当前用户ID为：1
2025-12-24 10:38:53,563 - root - INFO - 运行正常，显示为主窗口
2025-12-24 10:39:08,573 - root - INFO - 当前用户为：管理员
2025-12-24 10:39:08,573 - root - INFO - 当前用户ID为：1
2025-12-24 10:39:08,573 - root - INFO - 运行正常，显示为主窗口
2025-12-24 10:39:23,575 - root - INFO - 当前用户为：管理员
2025-12-24 10:39:23,575 - root - INFO - 当前用户ID为：1
2025-12-24 10:39:23,575 - root - INFO - 运行正常，显示为主窗口
2025-12-24 10:39:38,591 - root - INFO - 当前用户为：管理员
2025-12-24 10:39:38,591 - root - INFO - 当前用户ID为：1
2025-12-24 10:39:38,591 - root - INFO - 运行正常，显示为主窗口
2025-12-24 10:39:53,600 - root - INFO - 当前用户为：管理员
2025-12-24 10:39:53,600 - root - INFO - 当前用户ID为：1
2025-12-24 10:39:53,600 - root - INFO - 运行正常，显示为主窗口
2025-12-24 10:40:08,610 - root - INFO - 当前用户为：管理员
2025-12-24 10:40:08,610 - root - INFO - 当前用户ID为：1
2025-12-24 10:40:08,610 - root - INFO - 运行正常，显示为主窗口
2025-12-24 10:40:23,613 - root - INFO - 当前用户为：管理员
2025-12-24 10:40:23,613 - root - INFO - 当前用户ID为：1
2025-12-24 10:40:23,614 - root - INFO - 运行正常，显示为主窗口
2025-12-24 10:40:38,615 - root - INFO - 当前用户为：管理员
2025-12-24 10:40:38,615 - root - INFO - 当前用户ID为：1
2025-12-24 10:40:38,615 - root - INFO - 运行正常，显示为主窗口
2025-12-24 10:40:53,621 - root - INFO - 当前用户为：管理员
2025-12-24 10:40:53,621 - root - INFO - 当前用户ID为：1
2025-12-24 10:40:53,621 - root - INFO - 运行正常，显示为主窗口
2025-12-24 10:41:08,633 - root - INFO - 当前用户为：管理员
2025-12-24 10:41:08,633 - root - INFO - 当前用户ID为：1
2025-12-24 10:41:08,633 - root - INFO - 运行正常，显示为主窗口
2025-12-24 10:41:23,638 - root - INFO - 当前用户为：管理员
2025-12-24 10:41:23,638 - root - INFO - 当前用户ID为：1
2025-12-24 10:41:23,638 - root - INFO - 运行正常，显示为主窗口
2025-12-24 10:41:38,646 - root - INFO - 当前用户为：管理员
2025-12-24 10:41:38,646 - root - INFO - 当前用户ID为：1
2025-12-24 10:41:38,646 - root - INFO - 运行正常，显示为主窗口
2025-12-24 10:41:53,659 - root - INFO - 当前用户为：管理员
2025-12-24 10:41:53,659 - root - INFO - 当前用户ID为：1
2025-12-24 10:41:53,659 - root - INFO - 运行正常，显示为主窗口
2025-12-24 10:42:08,661 - root - INFO - 当前用户为：管理员
2025-12-24 10:42:08,661 - root - INFO - 当前用户ID为：1
2025-12-24 10:42:08,661 - root - INFO - 运行正常，显示为主窗口
2025-12-24 10:42:23,668 - root - INFO - 当前用户为：管理员
2025-12-24 10:42:23,668 - root - INFO - 当前用户ID为：1
2025-12-24 10:42:23,668 - root - INFO - 运行正常，显示为主窗口
2025-12-24 10:42:38,673 - root - INFO - 当前用户为：管理员
2025-12-24 10:42:38,673 - root - INFO - 当前用户ID为：1
2025-12-24 10:42:38,673 - root - INFO - 运行正常，显示为主窗口
2025-12-24 10:42:53,682 - root - INFO - 当前用户为：管理员
2025-12-24 10:42:53,682 - root - INFO - 当前用户ID为：1
2025-12-24 10:42:53,682 - root - INFO - 运行正常，显示为主窗口
2025-12-24 10:43:08,686 - root - INFO - 当前用户为：管理员
2025-12-24 10:43:08,686 - root - INFO - 当前用户ID为：1
2025-12-24 10:43:08,686 - root - INFO - 运行正常，显示为主窗口
2025-12-24 10:43:23,687 - root - INFO - 当前用户为：管理员
2025-12-24 10:43:23,687 - root - INFO - 当前用户ID为：1
2025-12-24 10:43:23,688 - root - INFO - 运行正常，显示为主窗口
2025-12-24 10:43:38,698 - root - INFO - 当前用户为：管理员
2025-12-24 10:43:38,698 - root - INFO - 当前用户ID为：1
2025-12-24 10:43:38,698 - root - INFO - 运行正常，显示为主窗口
2025-12-24 10:43:53,704 - root - INFO - 当前用户为：管理员
2025-12-24 10:43:53,704 - root - INFO - 当前用户ID为：1
2025-12-24 10:43:53,704 - root - INFO - 运行正常，显示为主窗口
2025-12-24 10:44:08,709 - root - INFO - 当前用户为：管理员
2025-12-24 10:44:08,709 - root - INFO - 当前用户ID为：1
2025-12-24 10:44:08,709 - root - INFO - 运行正常，显示为主窗口
2025-12-24 10:44:23,717 - root - INFO - 当前用户为：管理员
2025-12-24 10:44:23,717 - root - INFO - 当前用户ID为：1
2025-12-24 10:44:23,717 - root - INFO - 运行正常，显示为主窗口
2025-12-24 10:44:38,730 - root - INFO - 当前用户为：管理员
2025-12-24 10:44:38,730 - root - INFO - 当前用户ID为：1
2025-12-24 10:44:38,730 - root - INFO - 运行正常，显示为主窗口
2025-12-24 10:44:53,744 - root - INFO - 当前用户为：管理员
2025-12-24 10:44:53,744 - root - INFO - 当前用户ID为：1
2025-12-24 10:44:53,744 - root - INFO - 运行正常，显示为主窗口
2025-12-24 10:45:08,745 - root - INFO - 当前用户为：管理员
2025-12-24 10:45:08,745 - root - INFO - 当前用户ID为：1
2025-12-24 10:45:08,746 - root - INFO - 运行正常，显示为主窗口
2025-12-24 10:45:23,752 - root - INFO - 当前用户为：管理员
2025-12-24 10:45:23,752 - root - INFO - 当前用户ID为：1
2025-12-24 10:45:23,752 - root - INFO - 运行正常，显示为主窗口
2025-12-24 10:45:38,755 - root - INFO - 当前用户为：管理员
2025-12-24 10:45:38,755 - root - INFO - 当前用户ID为：1
2025-12-24 10:45:38,755 - root - INFO - 运行正常，显示为主窗口
2025-12-24 10:45:53,757 - root - INFO - 当前用户为：管理员
2025-12-24 10:45:53,757 - root - INFO - 当前用户ID为：1
2025-12-24 10:45:53,757 - root - INFO - 运行正常，显示为主窗口
2025-12-24 10:46:08,759 - root - INFO - 当前用户为：管理员
2025-12-24 10:46:08,759 - root - INFO - 当前用户ID为：1
2025-12-24 10:46:08,759 - root - INFO - 运行正常，显示为主窗口
2025-12-24 10:46:23,764 - root - INFO - 当前用户为：管理员
2025-12-24 10:46:23,764 - root - INFO - 当前用户ID为：1
2025-12-24 10:46:23,764 - root - INFO - 运行正常，显示为主窗口
2025-12-24 10:46:38,773 - root - INFO - 当前用户为：管理员
2025-12-24 10:46:38,773 - root - INFO - 当前用户ID为：1
2025-12-24 10:46:38,773 - root - INFO - 运行正常，显示为主窗口
2025-12-24 10:46:53,785 - root - INFO - 当前用户为：管理员
2025-12-24 10:46:53,785 - root - INFO - 当前用户ID为：1
2025-12-24 10:46:53,785 - root - INFO - 运行正常，显示为主窗口
2025-12-24 10:47:08,802 - root - INFO - 当前用户为：管理员
2025-12-24 10:47:08,802 - root - INFO - 当前用户ID为：1
2025-12-24 10:47:08,802 - root - INFO - 运行正常，显示为主窗口
2025-12-24 10:47:23,809 - root - INFO - 当前用户为：管理员
2025-12-24 10:47:23,809 - root - INFO - 当前用户ID为：1
2025-12-24 10:47:23,809 - root - INFO - 运行正常，显示为主窗口
2025-12-24 10:47:38,818 - root - INFO - 当前用户为：管理员
2025-12-24 10:47:38,818 - root - INFO - 当前用户ID为：1
2025-12-24 10:47:38,818 - root - INFO - 运行正常，显示为主窗口
2025-12-24 10:47:53,833 - root - INFO - 当前用户为：管理员
2025-12-24 10:47:53,833 - root - INFO - 当前用户ID为：1
2025-12-24 10:47:53,833 - root - INFO - 运行正常，显示为主窗口
2025-12-24 10:48:08,834 - root - INFO - 当前用户为：管理员
2025-12-24 10:48:08,834 - root - INFO - 当前用户ID为：1
2025-12-24 10:48:08,834 - root - INFO - 运行正常，显示为主窗口
2025-12-24 10:48:23,835 - root - INFO - 当前用户为：管理员
2025-12-24 10:48:23,835 - root - INFO - 当前用户ID为：1
2025-12-24 10:48:23,835 - root - INFO - 运行正常，显示为主窗口
2025-12-24 10:48:38,836 - root - INFO - 当前用户为：管理员
2025-12-24 10:48:38,836 - root - INFO - 当前用户ID为：1
2025-12-24 10:48:38,836 - root - INFO - 运行正常，显示为主窗口
2025-12-24 10:48:53,840 - root - INFO - 当前用户为：管理员
2025-12-24 10:48:53,840 - root - INFO - 当前用户ID为：1
2025-12-24 10:48:53,840 - root - INFO - 运行正常，显示为主窗口
2025-12-24 10:49:08,853 - root - INFO - 当前用户为：管理员
2025-12-24 10:49:08,853 - root - INFO - 当前用户ID为：1
2025-12-24 10:49:08,853 - root - INFO - 运行正常，显示为主窗口
2025-12-24 10:49:23,863 - root - INFO - 当前用户为：管理员
2025-12-24 10:49:23,863 - root - INFO - 当前用户ID为：1
2025-12-24 10:49:23,863 - root - INFO - 运行正常，显示为主窗口
2025-12-24 10:49:38,871 - root - INFO - 当前用户为：管理员
2025-12-24 10:49:38,871 - root - INFO - 当前用户ID为：1
2025-12-24 10:49:38,871 - root - INFO - 运行正常，显示为主窗口
2025-12-24 10:49:53,883 - root - INFO - 当前用户为：管理员
2025-12-24 10:49:53,883 - root - INFO - 当前用户ID为：1
2025-12-24 10:49:53,883 - root - INFO - 运行正常，显示为主窗口
2025-12-24 10:50:08,899 - root - INFO - 当前用户为：管理员
2025-12-24 10:50:08,899 - root - INFO - 当前用户ID为：1
2025-12-24 10:50:08,899 - root - INFO - 运行正常，显示为主窗口
2025-12-24 10:50:23,902 - root - INFO - 当前用户为：管理员
2025-12-24 10:50:23,902 - root - INFO - 当前用户ID为：1
2025-12-24 10:50:23,902 - root - INFO - 运行正常，显示为主窗口
2025-12-24 10:50:38,910 - root - INFO - 当前用户为：管理员
2025-12-24 10:50:38,910 - root - INFO - 当前用户ID为：1
2025-12-24 10:50:38,910 - root - INFO - 运行正常，显示为主窗口
2025-12-24 10:50:53,923 - root - INFO - 当前用户为：管理员
2025-12-24 10:50:53,923 - root - INFO - 当前用户ID为：1
2025-12-24 10:50:53,923 - root - INFO - 运行正常，显示为主窗口
2025-12-24 10:51:08,927 - root - INFO - 当前用户为：管理员
2025-12-24 10:51:08,927 - root - INFO - 当前用户ID为：1
2025-12-24 10:51:08,927 - root - INFO - 运行正常，显示为主窗口
2025-12-24 10:51:23,935 - root - INFO - 当前用户为：管理员
2025-12-24 10:51:23,935 - root - INFO - 当前用户ID为：1
2025-12-24 10:51:23,935 - root - INFO - 运行正常，显示为主窗口
2025-12-24 10:51:38,942 - root - INFO - 当前用户为：管理员
2025-12-24 10:51:38,942 - root - INFO - 当前用户ID为：1
2025-12-24 10:51:38,942 - root - INFO - 运行正常，显示为主窗口
2025-12-24 10:51:53,956 - root - INFO - 当前用户为：管理员
2025-12-24 10:51:53,956 - root - INFO - 当前用户ID为：1
2025-12-24 10:51:53,956 - root - INFO - 运行正常，显示为主窗口
2025-12-24 10:52:08,972 - root - INFO - 当前用户为：管理员
2025-12-24 10:52:08,972 - root - INFO - 当前用户ID为：1
2025-12-24 10:52:08,972 - root - INFO - 运行正常，显示为主窗口
2025-12-24 10:52:23,977 - root - INFO - 当前用户为：管理员
2025-12-24 10:52:23,977 - root - INFO - 当前用户ID为：1
2025-12-24 10:52:23,977 - root - INFO - 运行正常，显示为主窗口
2025-12-24 10:52:38,990 - root - INFO - 当前用户为：管理员
2025-12-24 10:52:38,990 - root - INFO - 当前用户ID为：1
2025-12-24 10:52:38,990 - root - INFO - 运行正常，显示为主窗口
2025-12-24 10:52:54,000 - root - INFO - 当前用户为：管理员
2025-12-24 10:52:54,000 - root - INFO - 当前用户ID为：1
2025-12-24 10:52:54,000 - root - INFO - 运行正常，显示为主窗口
2025-12-24 10:53:09,012 - root - INFO - 当前用户为：管理员
2025-12-24 10:53:09,012 - root - INFO - 当前用户ID为：1
2025-12-24 10:53:09,012 - root - INFO - 运行正常，显示为主窗口
2025-12-24 10:53:24,016 - root - INFO - 当前用户为：管理员
2025-12-24 10:53:24,016 - root - INFO - 当前用户ID为：1
2025-12-24 10:53:24,016 - root - INFO - 运行正常，显示为主窗口
2025-12-24 10:53:39,021 - root - INFO - 当前用户为：管理员
2025-12-24 10:53:39,021 - root - INFO - 当前用户ID为：1
2025-12-24 10:53:39,021 - root - INFO - 运行正常，显示为主窗口
2025-12-24 10:53:54,028 - root - INFO - 当前用户为：管理员
2025-12-24 10:53:54,028 - root - INFO - 当前用户ID为：1
2025-12-24 10:53:54,028 - root - INFO - 运行正常，显示为主窗口
2025-12-24 10:54:09,033 - root - INFO - 当前用户为：管理员
2025-12-24 10:54:09,033 - root - INFO - 当前用户ID为：1
2025-12-24 10:54:09,033 - root - INFO - 运行正常，显示为主窗口
2025-12-24 10:54:24,036 - root - INFO - 当前用户为：管理员
2025-12-24 10:54:24,036 - root - INFO - 当前用户ID为：1
2025-12-24 10:54:24,036 - root - INFO - 运行正常，显示为主窗口
2025-12-24 10:54:39,042 - root - INFO - 当前用户为：管理员
2025-12-24 10:54:39,042 - root - INFO - 当前用户ID为：1
2025-12-24 10:54:39,042 - root - INFO - 运行正常，显示为主窗口
2025-12-24 10:54:54,057 - root - INFO - 当前用户为：管理员
2025-12-24 10:54:54,057 - root - INFO - 当前用户ID为：1
2025-12-24 10:54:54,057 - root - INFO - 运行正常，显示为主窗口
2025-12-24 10:55:09,070 - root - INFO - 当前用户为：管理员
2025-12-24 10:55:09,070 - root - INFO - 当前用户ID为：1
2025-12-24 10:55:09,070 - root - INFO - 运行正常，显示为主窗口
2025-12-24 10:55:24,085 - root - INFO - 当前用户为：管理员
2025-12-24 10:55:24,085 - root - INFO - 当前用户ID为：1
2025-12-24 10:55:24,085 - root - INFO - 运行正常，显示为主窗口
2025-12-24 10:55:39,100 - root - INFO - 当前用户为：管理员
2025-12-24 10:55:39,100 - root - INFO - 当前用户ID为：1
2025-12-24 10:55:39,100 - root - INFO - 运行正常，显示为主窗口
2025-12-24 10:55:54,116 - root - INFO - 当前用户为：管理员
2025-12-24 10:55:54,116 - root - INFO - 当前用户ID为：1
2025-12-24 10:55:54,116 - root - INFO - 运行正常，显示为主窗口
2025-12-24 10:56:09,131 - root - INFO - 当前用户为：管理员
2025-12-24 10:56:09,131 - root - INFO - 当前用户ID为：1
2025-12-24 10:56:09,131 - root - INFO - 运行正常，显示为主窗口
2025-12-24 10:56:24,141 - root - INFO - 当前用户为：管理员
2025-12-24 10:56:24,141 - root - INFO - 当前用户ID为：1
2025-12-24 10:56:24,141 - root - INFO - 运行正常，显示为主窗口
2025-12-24 10:56:39,152 - root - INFO - 当前用户为：管理员
2025-12-24 10:56:39,152 - root - INFO - 当前用户ID为：1
2025-12-24 10:56:39,152 - root - INFO - 运行正常，显示为主窗口
2025-12-24 10:56:54,158 - root - INFO - 当前用户为：管理员
2025-12-24 10:56:54,158 - root - INFO - 当前用户ID为：1
2025-12-24 10:56:54,158 - root - INFO - 运行正常，显示为主窗口
2025-12-24 10:57:09,159 - root - INFO - 当前用户为：管理员
2025-12-24 10:57:09,159 - root - INFO - 当前用户ID为：1
2025-12-24 10:57:09,160 - root - INFO - 运行正常，显示为主窗口
2025-12-24 10:57:24,163 - root - INFO - 当前用户为：管理员
2025-12-24 10:57:24,163 - root - INFO - 当前用户ID为：1
2025-12-24 10:57:24,163 - root - INFO - 运行正常，显示为主窗口
2025-12-24 10:57:39,171 - root - INFO - 当前用户为：管理员
2025-12-24 10:57:39,171 - root - INFO - 当前用户ID为：1
2025-12-24 10:57:39,171 - root - INFO - 运行正常，显示为主窗口
2025-12-24 10:57:54,186 - root - INFO - 当前用户为：管理员
2025-12-24 10:57:54,186 - root - INFO - 当前用户ID为：1
2025-12-24 10:57:54,186 - root - INFO - 运行正常，显示为主窗口
2025-12-24 10:58:09,193 - root - INFO - 当前用户为：管理员
2025-12-24 10:58:09,193 - root - INFO - 当前用户ID为：1
2025-12-24 10:58:09,193 - root - INFO - 运行正常，显示为主窗口
2025-12-24 10:58:24,196 - root - INFO - 当前用户为：管理员
2025-12-24 10:58:24,196 - root - INFO - 当前用户ID为：1
2025-12-24 10:58:24,196 - root - INFO - 运行正常，显示为主窗口
2025-12-24 10:58:39,198 - root - INFO - 当前用户为：管理员
2025-12-24 10:58:39,198 - root - INFO - 当前用户ID为：1
2025-12-24 10:58:39,198 - root - INFO - 运行正常，显示为主窗口
2025-12-24 10:58:54,211 - root - INFO - 当前用户为：管理员
2025-12-24 10:58:54,211 - root - INFO - 当前用户ID为：1
2025-12-24 10:58:54,211 - root - INFO - 运行正常，显示为主窗口
2025-12-24 10:59:09,225 - root - INFO - 当前用户为：管理员
2025-12-24 10:59:09,225 - root - INFO - 当前用户ID为：1
2025-12-24 10:59:09,225 - root - INFO - 运行正常，显示为主窗口
2025-12-24 10:59:24,229 - root - INFO - 当前用户为：管理员
2025-12-24 10:59:24,229 - root - INFO - 当前用户ID为：1
2025-12-24 10:59:24,229 - root - INFO - 运行正常，显示为主窗口
2025-12-24 10:59:39,232 - root - INFO - 当前用户为：管理员
2025-12-24 10:59:39,232 - root - INFO - 当前用户ID为：1
2025-12-24 10:59:39,232 - root - INFO - 运行正常，显示为主窗口
2025-12-24 10:59:54,238 - root - INFO - 当前用户为：管理员
2025-12-24 10:59:54,238 - root - INFO - 当前用户ID为：1
2025-12-24 10:59:54,238 - root - INFO - 运行正常，显示为主窗口
2025-12-24 11:00:09,240 - root - INFO - 当前用户为：管理员
2025-12-24 11:00:09,240 - root - INFO - 当前用户ID为：1
2025-12-24 11:00:09,240 - root - INFO - 运行正常，显示为主窗口
2025-12-24 11:00:24,251 - root - INFO - 当前用户为：管理员
2025-12-24 11:00:24,251 - root - INFO - 当前用户ID为：1
2025-12-24 11:00:24,251 - root - INFO - 运行正常，显示为主窗口
2025-12-24 11:00:39,252 - root - INFO - 当前用户为：管理员
2025-12-24 11:00:39,252 - root - INFO - 当前用户ID为：1
2025-12-24 11:00:39,252 - root - INFO - 运行正常，显示为主窗口
2025-12-24 11:00:54,262 - root - INFO - 当前用户为：管理员
2025-12-24 11:00:54,262 - root - INFO - 当前用户ID为：1
2025-12-24 11:00:54,262 - root - INFO - 运行正常，显示为主窗口
2025-12-24 11:01:09,269 - root - INFO - 当前用户为：管理员
2025-12-24 11:01:09,269 - root - INFO - 当前用户ID为：1
2025-12-24 11:01:09,269 - root - INFO - 运行正常，显示为主窗口
2025-12-24 11:01:24,274 - root - INFO - 当前用户为：管理员
2025-12-24 11:01:24,274 - root - INFO - 当前用户ID为：1
2025-12-24 11:01:24,274 - root - INFO - 运行正常，显示为主窗口
2025-12-24 11:01:39,284 - root - INFO - 当前用户为：管理员
2025-12-24 11:01:39,284 - root - INFO - 当前用户ID为：1
2025-12-24 11:01:39,284 - root - INFO - 运行正常，显示为主窗口
2025-12-24 11:01:54,285 - root - INFO - 当前用户为：管理员
2025-12-24 11:01:54,285 - root - INFO - 当前用户ID为：1
2025-12-24 11:01:54,285 - root - INFO - 运行正常，显示为主窗口
2025-12-24 11:02:09,299 - root - INFO - 当前用户为：管理员
2025-12-24 11:02:09,299 - root - INFO - 当前用户ID为：1
2025-12-24 11:02:09,299 - root - INFO - 运行正常，显示为主窗口
2025-12-24 11:02:24,307 - root - INFO - 当前用户为：管理员
2025-12-24 11:02:24,307 - root - INFO - 当前用户ID为：1
2025-12-24 11:02:24,307 - root - INFO - 运行正常，显示为主窗口
2025-12-24 11:02:39,310 - root - INFO - 当前用户为：管理员
2025-12-24 11:02:39,311 - root - INFO - 当前用户ID为：1
2025-12-24 11:02:39,311 - root - INFO - 运行正常，显示为主窗口
2025-12-24 11:02:54,316 - root - INFO - 当前用户为：管理员
2025-12-24 11:02:54,316 - root - INFO - 当前用户ID为：1
2025-12-24 11:02:54,316 - root - INFO - 运行正常，显示为主窗口
2025-12-24 11:03:09,331 - root - INFO - 当前用户为：管理员
2025-12-24 11:03:09,331 - root - INFO - 当前用户ID为：1
2025-12-24 11:03:09,331 - root - INFO - 运行正常，显示为主窗口
2025-12-24 11:03:24,347 - root - INFO - 当前用户为：管理员
2025-12-24 11:03:24,347 - root - INFO - 当前用户ID为：1
2025-12-24 11:03:24,347 - root - INFO - 运行正常，显示为主窗口
2025-12-24 11:03:39,349 - root - INFO - 当前用户为：管理员
2025-12-24 11:03:39,349 - root - INFO - 当前用户ID为：1
2025-12-24 11:03:39,349 - root - INFO - 运行正常，显示为主窗口
2025-12-24 11:03:54,364 - root - INFO - 当前用户为：管理员
2025-12-24 11:03:54,364 - root - INFO - 当前用户ID为：1
2025-12-24 11:03:54,364 - root - INFO - 运行正常，显示为主窗口
2025-12-24 11:04:09,380 - root - INFO - 当前用户为：管理员
2025-12-24 11:04:09,380 - root - INFO - 当前用户ID为：1
2025-12-24 11:04:09,380 - root - INFO - 运行正常，显示为主窗口
2025-12-24 11:04:24,391 - root - INFO - 当前用户为：管理员
2025-12-24 11:04:24,391 - root - INFO - 当前用户ID为：1
2025-12-24 11:04:24,391 - root - INFO - 运行正常，显示为主窗口
2025-12-24 11:04:39,402 - root - INFO - 当前用户为：管理员
2025-12-24 11:04:39,402 - root - INFO - 当前用户ID为：1
2025-12-24 11:04:39,402 - root - INFO - 运行正常，显示为主窗口
2025-12-24 11:04:54,417 - root - INFO - 当前用户为：管理员
2025-12-24 11:04:54,417 - root - INFO - 当前用户ID为：1
2025-12-24 11:04:54,417 - root - INFO - 运行正常，显示为主窗口
2025-12-24 11:05:09,425 - root - INFO - 当前用户为：管理员
2025-12-24 11:05:09,425 - root - INFO - 当前用户ID为：1
2025-12-24 11:05:09,425 - root - INFO - 运行正常，显示为主窗口
2025-12-24 11:05:24,426 - root - INFO - 当前用户为：管理员
2025-12-24 11:05:24,426 - root - INFO - 当前用户ID为：1
2025-12-24 11:05:24,426 - root - INFO - 运行正常，显示为主窗口
2025-12-24 11:05:39,433 - root - INFO - 当前用户为：管理员
2025-12-24 11:05:39,433 - root - INFO - 当前用户ID为：1
2025-12-24 11:05:39,433 - root - INFO - 运行正常，显示为主窗口
2025-12-24 11:05:54,441 - root - INFO - 当前用户为：管理员
2025-12-24 11:05:54,441 - root - INFO - 当前用户ID为：1
2025-12-24 11:05:54,441 - root - INFO - 运行正常，显示为主窗口
2025-12-24 11:06:09,444 - root - INFO - 当前用户为：管理员
2025-12-24 11:06:09,444 - root - INFO - 当前用户ID为：1
2025-12-24 11:06:09,444 - root - INFO - 运行正常，显示为主窗口
2025-12-24 11:06:24,458 - root - INFO - 当前用户为：管理员
2025-12-24 11:06:24,458 - root - INFO - 当前用户ID为：1
2025-12-24 11:06:24,458 - root - INFO - 运行正常，显示为主窗口
2025-12-24 11:06:39,473 - root - INFO - 当前用户为：管理员
2025-12-24 11:06:39,473 - root - INFO - 当前用户ID为：1
2025-12-24 11:06:39,473 - root - INFO - 运行正常，显示为主窗口
2025-12-24 11:06:54,484 - root - INFO - 当前用户为：管理员
2025-12-24 11:06:54,484 - root - INFO - 当前用户ID为：1
2025-12-24 11:06:54,484 - root - INFO - 运行正常，显示为主窗口
2025-12-24 11:07:09,490 - root - INFO - 当前用户为：管理员
2025-12-24 11:07:09,490 - root - INFO - 当前用户ID为：1
2025-12-24 11:07:09,490 - root - INFO - 运行正常，显示为主窗口
2025-12-24 11:07:24,500 - root - INFO - 当前用户为：管理员
2025-12-24 11:07:24,500 - root - INFO - 当前用户ID为：1
2025-12-24 11:07:24,500 - root - INFO - 运行正常，显示为主窗口
2025-12-24 11:07:39,503 - root - INFO - 当前用户为：管理员
2025-12-24 11:07:39,503 - root - INFO - 当前用户ID为：1
2025-12-24 11:07:39,503 - root - INFO - 运行正常，显示为主窗口
2025-12-24 11:07:54,514 - root - INFO - 当前用户为：管理员
2025-12-24 11:07:54,514 - root - INFO - 当前用户ID为：1
2025-12-24 11:07:54,514 - root - INFO - 运行正常，显示为主窗口
2025-12-24 11:08:09,529 - root - INFO - 当前用户为：管理员
2025-12-24 11:08:09,529 - root - INFO - 当前用户ID为：1
2025-12-24 11:08:09,529 - root - INFO - 运行正常，显示为主窗口
2025-12-24 11:08:24,530 - root - INFO - 当前用户为：管理员
2025-12-24 11:08:24,530 - root - INFO - 当前用户ID为：1
2025-12-24 11:08:24,530 - root - INFO - 运行正常，显示为主窗口
2025-12-24 11:08:39,536 - root - INFO - 当前用户为：管理员
2025-12-24 11:08:39,536 - root - INFO - 当前用户ID为：1
2025-12-24 11:08:39,536 - root - INFO - 运行正常，显示为主窗口
2025-12-24 11:08:54,543 - root - INFO - 当前用户为：管理员
2025-12-24 11:08:54,543 - root - INFO - 当前用户ID为：1
2025-12-24 11:08:54,543 - root - INFO - 运行正常，显示为主窗口
2025-12-24 11:09:09,548 - root - INFO - 当前用户为：管理员
2025-12-24 11:09:09,548 - root - INFO - 当前用户ID为：1
2025-12-24 11:09:09,548 - root - INFO - 运行正常，显示为主窗口
2025-12-24 11:09:24,559 - root - INFO - 当前用户为：管理员
2025-12-24 11:09:24,559 - root - INFO - 当前用户ID为：1
2025-12-24 11:09:24,559 - root - INFO - 运行正常，显示为主窗口
2025-12-24 11:09:39,571 - root - INFO - 当前用户为：管理员
2025-12-24 11:09:39,571 - root - INFO - 当前用户ID为：1
2025-12-24 11:09:39,571 - root - INFO - 运行正常，显示为主窗口
2025-12-24 11:09:54,584 - root - INFO - 当前用户为：管理员
2025-12-24 11:09:54,584 - root - INFO - 当前用户ID为：1
2025-12-24 11:09:54,584 - root - INFO - 运行正常，显示为主窗口
2025-12-24 11:10:09,595 - root - INFO - 当前用户为：管理员
2025-12-24 11:10:09,595 - root - INFO - 当前用户ID为：1
2025-12-24 11:10:09,595 - root - INFO - 运行正常，显示为主窗口
2025-12-24 11:10:24,605 - root - INFO - 当前用户为：管理员
2025-12-24 11:10:24,605 - root - INFO - 当前用户ID为：1
2025-12-24 11:10:24,605 - root - INFO - 运行正常，显示为主窗口
2025-12-24 11:10:39,620 - root - INFO - 当前用户为：管理员
2025-12-24 11:10:39,620 - root - INFO - 当前用户ID为：1
2025-12-24 11:10:39,620 - root - INFO - 运行正常，显示为主窗口
2025-12-24 11:10:54,631 - root - INFO - 当前用户为：管理员
2025-12-24 11:10:54,631 - root - INFO - 当前用户ID为：1
2025-12-24 11:10:54,631 - root - INFO - 运行正常，显示为主窗口
2025-12-24 11:11:09,634 - root - INFO - 当前用户为：管理员
2025-12-24 11:11:09,634 - root - INFO - 当前用户ID为：1
2025-12-24 11:11:09,634 - root - INFO - 运行正常，显示为主窗口
2025-12-24 11:11:24,635 - root - INFO - 当前用户为：管理员
2025-12-24 11:11:24,635 - root - INFO - 当前用户ID为：1
2025-12-24 11:11:24,636 - root - INFO - 运行正常，显示为主窗口
2025-12-24 11:11:39,640 - root - INFO - 当前用户为：管理员
2025-12-24 11:11:39,640 - root - INFO - 当前用户ID为：1
2025-12-24 11:11:39,640 - root - INFO - 运行正常，显示为主窗口
2025-12-24 11:11:54,651 - root - INFO - 当前用户为：管理员
2025-12-24 11:11:54,651 - root - INFO - 当前用户ID为：1
2025-12-24 11:11:54,651 - root - INFO - 运行正常，显示为主窗口
2025-12-24 11:12:09,654 - root - INFO - 当前用户为：管理员
2025-12-24 11:12:09,654 - root - INFO - 当前用户ID为：1
2025-12-24 11:12:09,654 - root - INFO - 运行正常，显示为主窗口
2025-12-24 11:12:24,656 - root - INFO - 当前用户为：管理员
2025-12-24 11:12:24,656 - root - INFO - 当前用户ID为：1
2025-12-24 11:12:24,656 - root - INFO - 运行正常，显示为主窗口
2025-12-24 11:12:39,658 - root - INFO - 当前用户为：管理员
2025-12-24 11:12:39,658 - root - INFO - 当前用户ID为：1
2025-12-24 11:12:39,658 - root - INFO - 运行正常，显示为主窗口
2025-12-24 11:12:54,663 - root - INFO - 当前用户为：管理员
2025-12-24 11:12:54,663 - root - INFO - 当前用户ID为：1
2025-12-24 11:12:54,663 - root - INFO - 运行正常，显示为主窗口
2025-12-24 11:13:09,668 - root - INFO - 当前用户为：管理员
2025-12-24 11:13:09,668 - root - INFO - 当前用户ID为：1
2025-12-24 11:13:09,668 - root - INFO - 运行正常，显示为主窗口
2025-12-24 11:13:24,676 - root - INFO - 当前用户为：管理员
2025-12-24 11:13:24,676 - root - INFO - 当前用户ID为：1
2025-12-24 11:13:24,676 - root - INFO - 运行正常，显示为主窗口
2025-12-24 11:13:39,686 - root - INFO - 当前用户为：管理员
2025-12-24 11:13:39,686 - root - INFO - 当前用户ID为：1
2025-12-24 11:13:39,686 - root - INFO - 运行正常，显示为主窗口
2025-12-24 11:13:54,688 - root - INFO - 当前用户为：管理员
2025-12-24 11:13:54,688 - root - INFO - 当前用户ID为：1
2025-12-24 11:13:54,688 - root - INFO - 运行正常，显示为主窗口
2025-12-24 11:14:09,694 - root - INFO - 当前用户为：管理员
2025-12-24 11:14:09,694 - root - INFO - 当前用户ID为：1
2025-12-24 11:14:09,694 - root - INFO - 运行正常，显示为主窗口
2025-12-24 11:14:24,699 - root - INFO - 当前用户为：管理员
2025-12-24 11:14:24,699 - root - INFO - 当前用户ID为：1
2025-12-24 11:14:24,699 - root - INFO - 运行正常，显示为主窗口
2025-12-24 11:14:39,706 - root - INFO - 当前用户为：管理员
2025-12-24 11:14:39,706 - root - INFO - 当前用户ID为：1
2025-12-24 11:14:39,706 - root - INFO - 运行正常，显示为主窗口
2025-12-24 11:14:54,721 - root - INFO - 当前用户为：管理员
2025-12-24 11:14:54,721 - root - INFO - 当前用户ID为：1
2025-12-24 11:14:54,721 - root - INFO - 运行正常，显示为主窗口
2025-12-24 11:15:09,727 - root - INFO - 当前用户为：管理员
2025-12-24 11:15:09,727 - root - INFO - 当前用户ID为：1
2025-12-24 11:15:09,727 - root - INFO - 运行正常，显示为主窗口
2025-12-24 11:15:24,728 - root - INFO - 当前用户为：管理员
2025-12-24 11:15:24,728 - root - INFO - 当前用户ID为：1
2025-12-24 11:15:24,728 - root - INFO - 运行正常，显示为主窗口
2025-12-24 11:15:39,740 - root - INFO - 当前用户为：管理员
2025-12-24 11:15:39,740 - root - INFO - 当前用户ID为：1
2025-12-24 11:15:39,740 - root - INFO - 运行正常，显示为主窗口
2025-12-24 11:15:54,753 - root - INFO - 当前用户为：管理员
2025-12-24 11:15:54,753 - root - INFO - 当前用户ID为：1
2025-12-24 11:15:54,753 - root - INFO - 运行正常，显示为主窗口
2025-12-24 11:16:09,755 - root - INFO - 当前用户为：管理员
2025-12-24 11:16:09,755 - root - INFO - 当前用户ID为：1
2025-12-24 11:16:09,755 - root - INFO - 运行正常，显示为主窗口
2025-12-24 11:16:24,770 - root - INFO - 当前用户为：管理员
2025-12-24 11:16:24,770 - root - INFO - 当前用户ID为：1
2025-12-24 11:16:24,770 - root - INFO - 运行正常，显示为主窗口
2025-12-24 11:16:39,782 - root - INFO - 当前用户为：管理员
2025-12-24 11:16:39,782 - root - INFO - 当前用户ID为：1
2025-12-24 11:16:39,782 - root - INFO - 运行正常，显示为主窗口
2025-12-24 11:16:54,788 - root - INFO - 当前用户为：管理员
2025-12-24 11:16:54,788 - root - INFO - 当前用户ID为：1
2025-12-24 11:16:54,788 - root - INFO - 运行正常，显示为主窗口
2025-12-24 11:17:09,791 - root - INFO - 当前用户为：管理员
2025-12-24 11:17:09,791 - root - INFO - 当前用户ID为：1
2025-12-24 11:17:09,791 - root - INFO - 运行正常，显示为主窗口
2025-12-24 11:17:24,797 - root - INFO - 当前用户为：管理员
2025-12-24 11:17:24,797 - root - INFO - 当前用户ID为：1
2025-12-24 11:17:24,797 - root - INFO - 运行正常，显示为主窗口
2025-12-24 11:17:39,810 - root - INFO - 当前用户为：管理员
2025-12-24 11:17:39,810 - root - INFO - 当前用户ID为：1
2025-12-24 11:17:39,810 - root - INFO - 运行正常，显示为主窗口
2025-12-24 11:17:54,818 - root - INFO - 当前用户为：管理员
2025-12-24 11:17:54,818 - root - INFO - 当前用户ID为：1
2025-12-24 11:17:54,818 - root - INFO - 运行正常，显示为主窗口
2025-12-24 11:18:09,819 - root - INFO - 当前用户为：管理员
2025-12-24 11:18:09,819 - root - INFO - 当前用户ID为：1
2025-12-24 11:18:09,819 - root - INFO - 运行正常，显示为主窗口
2025-12-24 11:18:24,831 - root - INFO - 当前用户为：管理员
2025-12-24 11:18:24,831 - root - INFO - 当前用户ID为：1
2025-12-24 11:18:24,831 - root - INFO - 运行正常，显示为主窗口
2025-12-24 11:18:39,833 - root - INFO - 当前用户为：管理员
2025-12-24 11:18:39,833 - root - INFO - 当前用户ID为：1
2025-12-24 11:18:39,833 - root - INFO - 运行正常，显示为主窗口
2025-12-24 11:18:54,843 - root - INFO - 当前用户为：管理员
2025-12-24 11:18:54,843 - root - INFO - 当前用户ID为：1
2025-12-24 11:18:54,843 - root - INFO - 运行正常，显示为主窗口
2025-12-24 11:19:09,848 - root - INFO - 当前用户为：管理员
2025-12-24 11:19:09,848 - root - INFO - 当前用户ID为：1
2025-12-24 11:19:09,848 - root - INFO - 运行正常，显示为主窗口
2025-12-24 11:19:24,865 - root - INFO - 当前用户为：管理员
2025-12-24 11:19:24,865 - root - INFO - 当前用户ID为：1
2025-12-24 11:19:24,865 - root - INFO - 运行正常，显示为主窗口
2025-12-24 11:19:39,870 - root - INFO - 当前用户为：管理员
2025-12-24 11:19:39,870 - root - INFO - 当前用户ID为：1
2025-12-24 11:19:39,870 - root - INFO - 运行正常，显示为主窗口
2025-12-24 11:19:54,879 - root - INFO - 当前用户为：管理员
2025-12-24 11:19:54,879 - root - INFO - 当前用户ID为：1
2025-12-24 11:19:54,879 - root - INFO - 运行正常，显示为主窗口
2025-12-24 11:20:09,882 - root - INFO - 当前用户为：管理员
2025-12-24 11:20:09,882 - root - INFO - 当前用户ID为：1
2025-12-24 11:20:09,882 - root - INFO - 运行正常，显示为主窗口
2025-12-24 11:20:24,886 - root - INFO - 当前用户为：管理员
2025-12-24 11:20:24,886 - root - INFO - 当前用户ID为：1
2025-12-24 11:20:24,886 - root - INFO - 运行正常，显示为主窗口
2025-12-24 11:20:39,887 - root - INFO - 当前用户为：管理员
2025-12-24 11:20:39,887 - root - INFO - 当前用户ID为：1
2025-12-24 11:20:39,887 - root - INFO - 运行正常，显示为主窗口
2025-12-24 11:20:54,890 - root - INFO - 当前用户为：管理员
2025-12-24 11:20:54,890 - root - INFO - 当前用户ID为：1
2025-12-24 11:20:54,890 - root - INFO - 运行正常，显示为主窗口
2025-12-24 11:21:09,894 - root - INFO - 当前用户为：管理员
2025-12-24 11:21:09,894 - root - INFO - 当前用户ID为：1
2025-12-24 11:21:09,894 - root - INFO - 运行正常，显示为主窗口
2025-12-24 11:21:24,910 - root - INFO - 当前用户为：管理员
2025-12-24 11:21:24,910 - root - INFO - 当前用户ID为：1
2025-12-24 11:21:24,910 - root - INFO - 运行正常，显示为主窗口
2025-12-24 11:21:39,913 - root - INFO - 当前用户为：管理员
2025-12-24 11:21:39,913 - root - INFO - 当前用户ID为：1
2025-12-24 11:21:39,913 - root - INFO - 运行正常，显示为主窗口
2025-12-24 11:21:54,921 - root - INFO - 当前用户为：管理员
2025-12-24 11:21:54,921 - root - INFO - 当前用户ID为：1
2025-12-24 11:21:54,921 - root - INFO - 运行正常，显示为主窗口
2025-12-24 11:22:09,924 - root - INFO - 当前用户为：管理员
2025-12-24 11:22:09,924 - root - INFO - 当前用户ID为：1
2025-12-24 11:22:09,924 - root - INFO - 运行正常，显示为主窗口
2025-12-24 11:22:24,930 - root - INFO - 当前用户为：管理员
2025-12-24 11:22:24,930 - root - INFO - 当前用户ID为：1
2025-12-24 11:22:24,930 - root - INFO - 运行正常，显示为主窗口
2025-12-24 11:22:39,938 - root - INFO - 当前用户为：管理员
2025-12-24 11:22:39,938 - root - INFO - 当前用户ID为：1
2025-12-24 11:22:39,938 - root - INFO - 运行正常，显示为主窗口
2025-12-24 11:22:54,954 - root - INFO - 当前用户为：管理员
2025-12-24 11:22:54,954 - root - INFO - 当前用户ID为：1
2025-12-24 11:22:54,954 - root - INFO - 运行正常，显示为主窗口
2025-12-24 11:23:09,967 - root - INFO - 当前用户为：管理员
2025-12-24 11:23:09,967 - root - INFO - 当前用户ID为：1
2025-12-24 11:23:09,967 - root - INFO - 运行正常，显示为主窗口
2025-12-24 11:23:24,976 - root - INFO - 当前用户为：管理员
2025-12-24 11:23:24,976 - root - INFO - 当前用户ID为：1
2025-12-24 11:23:24,976 - root - INFO - 运行正常，显示为主窗口
2025-12-24 11:23:39,979 - root - INFO - 当前用户为：管理员
2025-12-24 11:23:39,979 - root - INFO - 当前用户ID为：1
2025-12-24 11:23:39,979 - root - INFO - 运行正常，显示为主窗口
2025-12-24 11:23:54,987 - root - INFO - 当前用户为：管理员
2025-12-24 11:23:54,987 - root - INFO - 当前用户ID为：1
2025-12-24 11:23:54,987 - root - INFO - 运行正常，显示为主窗口
2025-12-24 11:24:09,997 - root - INFO - 当前用户为：管理员
2025-12-24 11:24:09,997 - root - INFO - 当前用户ID为：1
2025-12-24 11:24:09,997 - root - INFO - 运行正常，显示为主窗口
2025-12-24 11:24:25,001 - root - INFO - 当前用户为：管理员
2025-12-24 11:24:25,001 - root - INFO - 当前用户ID为：1
2025-12-24 11:24:25,001 - root - INFO - 运行正常，显示为主窗口
2025-12-24 11:24:40,004 - root - INFO - 当前用户为：管理员
2025-12-24 11:24:40,004 - root - INFO - 当前用户ID为：1
2025-12-24 11:24:40,004 - root - INFO - 运行正常，显示为主窗口
2025-12-24 11:24:55,009 - root - INFO - 当前用户为：管理员
2025-12-24 11:24:55,009 - root - INFO - 当前用户ID为：1
2025-12-24 11:24:55,009 - root - INFO - 运行正常，显示为主窗口
2025-12-24 11:25:10,023 - root - INFO - 当前用户为：管理员
2025-12-24 11:25:10,023 - root - INFO - 当前用户ID为：1
2025-12-24 11:25:10,023 - root - INFO - 运行正常，显示为主窗口
2025-12-24 11:25:25,037 - root - INFO - 当前用户为：管理员
2025-12-24 11:25:25,037 - root - INFO - 当前用户ID为：1
2025-12-24 11:25:25,037 - root - INFO - 运行正常，显示为主窗口
2025-12-24 11:25:40,047 - root - INFO - 当前用户为：管理员
2025-12-24 11:25:40,047 - root - INFO - 当前用户ID为：1
2025-12-24 11:25:40,047 - root - INFO - 运行正常，显示为主窗口
2025-12-24 11:25:55,054 - root - INFO - 当前用户为：管理员
2025-12-24 11:25:55,054 - root - INFO - 当前用户ID为：1
2025-12-24 11:25:55,054 - root - INFO - 运行正常，显示为主窗口
2025-12-24 11:26:10,068 - root - INFO - 当前用户为：管理员
2025-12-24 11:26:10,068 - root - INFO - 当前用户ID为：1
2025-12-24 11:26:10,068 - root - INFO - 运行正常，显示为主窗口
2025-12-24 11:26:25,075 - root - INFO - 当前用户为：管理员
2025-12-24 11:26:25,075 - root - INFO - 当前用户ID为：1
2025-12-24 11:26:25,075 - root - INFO - 运行正常，显示为主窗口
2025-12-24 11:26:40,091 - root - INFO - 当前用户为：管理员
2025-12-24 11:26:40,091 - root - INFO - 当前用户ID为：1
2025-12-24 11:26:40,091 - root - INFO - 运行正常，显示为主窗口
2025-12-24 11:26:55,107 - root - INFO - 当前用户为：管理员
2025-12-24 11:26:55,107 - root - INFO - 当前用户ID为：1
2025-12-24 11:26:55,108 - root - INFO - 运行正常，显示为主窗口
2025-12-24 11:27:10,114 - root - INFO - 当前用户为：管理员
2025-12-24 11:27:10,114 - root - INFO - 当前用户ID为：1
2025-12-24 11:27:10,114 - root - INFO - 运行正常，显示为主窗口
2025-12-24 11:27:25,123 - root - INFO - 当前用户为：管理员
2025-12-24 11:27:25,123 - root - INFO - 当前用户ID为：1
2025-12-24 11:27:25,123 - root - INFO - 运行正常，显示为主窗口
2025-12-24 11:27:40,124 - root - INFO - 当前用户为：管理员
2025-12-24 11:27:40,124 - root - INFO - 当前用户ID为：1
2025-12-24 11:27:40,124 - root - INFO - 运行正常，显示为主窗口
2025-12-24 11:27:55,129 - root - INFO - 当前用户为：管理员
2025-12-24 11:27:55,129 - root - INFO - 当前用户ID为：1
2025-12-24 11:27:55,129 - root - INFO - 运行正常，显示为主窗口
2025-12-24 11:28:10,133 - root - INFO - 当前用户为：管理员
2025-12-24 11:28:10,133 - root - INFO - 当前用户ID为：1
2025-12-24 11:28:10,133 - root - INFO - 运行正常，显示为主窗口
2025-12-24 11:28:25,148 - root - INFO - 当前用户为：管理员
2025-12-24 11:28:25,148 - root - INFO - 当前用户ID为：1
2025-12-24 11:28:25,149 - root - INFO - 运行正常，显示为主窗口
2025-12-24 11:28:40,161 - root - INFO - 当前用户为：管理员
2025-12-24 11:28:40,161 - root - INFO - 当前用户ID为：1
2025-12-24 11:28:40,161 - root - INFO - 运行正常，显示为主窗口
2025-12-24 11:28:55,165 - root - INFO - 当前用户为：管理员
2025-12-24 11:28:55,165 - root - INFO - 当前用户ID为：1
2025-12-24 11:28:55,165 - root - INFO - 运行正常，显示为主窗口
2025-12-24 11:29:10,181 - root - INFO - 当前用户为：管理员
2025-12-24 11:29:10,181 - root - INFO - 当前用户ID为：1
2025-12-24 11:29:10,181 - root - INFO - 运行正常，显示为主窗口
2025-12-24 11:29:25,186 - root - INFO - 当前用户为：管理员
2025-12-24 11:29:25,187 - root - INFO - 当前用户ID为：1
2025-12-24 11:29:25,187 - root - INFO - 运行正常，显示为主窗口
2025-12-24 11:29:40,190 - root - INFO - 当前用户为：管理员
2025-12-24 11:29:40,190 - root - INFO - 当前用户ID为：1
2025-12-24 11:29:40,190 - root - INFO - 运行正常，显示为主窗口
2025-12-24 11:29:55,197 - root - INFO - 当前用户为：管理员
2025-12-24 11:29:55,197 - root - INFO - 当前用户ID为：1
2025-12-24 11:29:55,197 - root - INFO - 运行正常，显示为主窗口
2025-12-24 11:30:10,212 - root - INFO - 当前用户为：管理员
2025-12-24 11:30:10,212 - root - INFO - 当前用户ID为：1
2025-12-24 11:30:10,212 - root - INFO - 运行正常，显示为主窗口
2025-12-24 11:30:25,213 - root - INFO - 当前用户为：管理员
2025-12-24 11:30:25,213 - root - INFO - 当前用户ID为：1
2025-12-24 11:30:25,213 - root - INFO - 运行正常，显示为主窗口
2025-12-24 11:30:40,221 - root - INFO - 当前用户为：管理员
2025-12-24 11:30:40,221 - root - INFO - 当前用户ID为：1
2025-12-24 11:30:40,221 - root - INFO - 运行正常，显示为主窗口
2025-12-24 11:30:55,233 - root - INFO - 当前用户为：管理员
2025-12-24 11:30:55,233 - root - INFO - 当前用户ID为：1
2025-12-24 11:30:55,233 - root - INFO - 运行正常，显示为主窗口
2025-12-24 11:31:10,235 - root - INFO - 当前用户为：管理员
2025-12-24 11:31:10,235 - root - INFO - 当前用户ID为：1
2025-12-24 11:31:10,235 - root - INFO - 运行正常，显示为主窗口
2025-12-24 11:31:25,242 - root - INFO - 当前用户为：管理员
2025-12-24 11:31:25,242 - root - INFO - 当前用户ID为：1
2025-12-24 11:31:25,243 - root - INFO - 运行正常，显示为主窗口
2025-12-24 11:31:40,256 - root - INFO - 当前用户为：管理员
2025-12-24 11:31:40,256 - root - INFO - 当前用户ID为：1
2025-12-24 11:31:40,256 - root - INFO - 运行正常，显示为主窗口
2025-12-24 11:31:55,258 - root - INFO - 当前用户为：管理员
2025-12-24 11:31:55,258 - root - INFO - 当前用户ID为：1
2025-12-24 11:31:55,258 - root - INFO - 运行正常，显示为主窗口
2025-12-24 11:32:10,260 - root - INFO - 当前用户为：管理员
2025-12-24 11:32:10,260 - root - INFO - 当前用户ID为：1
2025-12-24 11:32:10,260 - root - INFO - 运行正常，显示为主窗口
2025-12-24 11:32:25,271 - root - INFO - 当前用户为：管理员
2025-12-24 11:32:25,271 - root - INFO - 当前用户ID为：1
2025-12-24 11:32:25,271 - root - INFO - 运行正常，显示为主窗口
2025-12-24 11:32:40,286 - root - INFO - 当前用户为：管理员
2025-12-24 11:32:40,286 - root - INFO - 当前用户ID为：1
2025-12-24 11:32:40,286 - root - INFO - 运行正常，显示为主窗口
2025-12-24 11:32:55,295 - root - INFO - 当前用户为：管理员
2025-12-24 11:32:55,295 - root - INFO - 当前用户ID为：1
2025-12-24 11:32:55,295 - root - INFO - 运行正常，显示为主窗口
2025-12-24 11:33:10,305 - root - INFO - 当前用户为：管理员
2025-12-24 11:33:10,305 - root - INFO - 当前用户ID为：1
2025-12-24 11:33:10,305 - root - INFO - 运行正常，显示为主窗口
2025-12-24 11:33:25,315 - root - INFO - 当前用户为：管理员
2025-12-24 11:33:25,315 - root - INFO - 当前用户ID为：1
2025-12-24 11:33:25,315 - root - INFO - 运行正常，显示为主窗口
2025-12-24 11:33:40,319 - root - INFO - 当前用户为：管理员
2025-12-24 11:33:40,319 - root - INFO - 当前用户ID为：1
2025-12-24 11:33:40,319 - root - INFO - 运行正常，显示为主窗口
2025-12-24 11:33:55,322 - root - INFO - 当前用户为：管理员
2025-12-24 11:33:55,322 - root - INFO - 当前用户ID为：1
2025-12-24 11:33:55,322 - root - INFO - 运行正常，显示为主窗口
2025-12-24 11:34:10,333 - root - INFO - 当前用户为：管理员
2025-12-24 11:34:10,333 - root - INFO - 当前用户ID为：1
2025-12-24 11:34:10,333 - root - INFO - 运行正常，显示为主窗口
2025-12-24 11:34:25,335 - root - INFO - 当前用户为：管理员
2025-12-24 11:34:25,335 - root - INFO - 当前用户ID为：1
2025-12-24 11:34:25,335 - root - INFO - 运行正常，显示为主窗口
2025-12-24 11:34:40,337 - root - INFO - 当前用户为：管理员
2025-12-24 11:34:40,337 - root - INFO - 当前用户ID为：1
2025-12-24 11:34:40,337 - root - INFO - 运行正常，显示为主窗口
2025-12-24 11:34:55,349 - root - INFO - 当前用户为：管理员
2025-12-24 11:34:55,349 - root - INFO - 当前用户ID为：1
2025-12-24 11:34:55,349 - root - INFO - 运行正常，显示为主窗口
2025-12-24 11:35:10,364 - root - INFO - 当前用户为：管理员
2025-12-24 11:35:10,364 - root - INFO - 当前用户ID为：1
2025-12-24 11:35:10,364 - root - INFO - 运行正常，显示为主窗口
2025-12-24 11:35:25,367 - root - INFO - 当前用户为：管理员
2025-12-24 11:35:25,367 - root - INFO - 当前用户ID为：1
2025-12-24 11:35:25,367 - root - INFO - 运行正常，显示为主窗口
2025-12-24 11:35:40,374 - root - INFO - 当前用户为：管理员
2025-12-24 11:35:40,374 - root - INFO - 当前用户ID为：1
2025-12-24 11:35:40,374 - root - INFO - 运行正常，显示为主窗口
2025-12-24 11:35:55,385 - root - INFO - 当前用户为：管理员
2025-12-24 11:35:55,385 - root - INFO - 当前用户ID为：1
2025-12-24 11:35:55,385 - root - INFO - 运行正常，显示为主窗口
2025-12-24 11:36:10,395 - root - INFO - 当前用户为：管理员
2025-12-24 11:36:10,395 - root - INFO - 当前用户ID为：1
2025-12-24 11:36:10,395 - root - INFO - 运行正常，显示为主窗口
2025-12-24 11:36:25,397 - root - INFO - 当前用户为：管理员
2025-12-24 11:36:25,397 - root - INFO - 当前用户ID为：1
2025-12-24 11:36:25,397 - root - INFO - 运行正常，显示为主窗口
2025-12-24 11:36:40,410 - root - INFO - 当前用户为：管理员
2025-12-24 11:36:40,410 - root - INFO - 当前用户ID为：1
2025-12-24 11:36:40,410 - root - INFO - 运行正常，显示为主窗口
2025-12-24 11:36:55,417 - root - INFO - 当前用户为：管理员
2025-12-24 11:36:55,417 - root - INFO - 当前用户ID为：1
2025-12-24 11:36:55,417 - root - INFO - 运行正常，显示为主窗口
2025-12-24 11:37:10,424 - root - INFO - 当前用户为：管理员
2025-12-24 11:37:10,424 - root - INFO - 当前用户ID为：1
2025-12-24 11:37:10,424 - root - INFO - 运行正常，显示为主窗口
2025-12-24 11:37:25,426 - root - INFO - 当前用户为：管理员
2025-12-24 11:37:25,426 - root - INFO - 当前用户ID为：1
2025-12-24 11:37:25,426 - root - INFO - 运行正常，显示为主窗口
2025-12-24 11:37:40,440 - root - INFO - 当前用户为：管理员
2025-12-24 11:37:40,440 - root - INFO - 当前用户ID为：1
2025-12-24 11:37:40,440 - root - INFO - 运行正常，显示为主窗口
2025-12-24 11:37:55,449 - root - INFO - 当前用户为：管理员
2025-12-24 11:37:55,449 - root - INFO - 当前用户ID为：1
2025-12-24 11:37:55,449 - root - INFO - 运行正常，显示为主窗口
2025-12-24 11:38:10,463 - root - INFO - 当前用户为：管理员
2025-12-24 11:38:10,463 - root - INFO - 当前用户ID为：1
2025-12-24 11:38:10,463 - root - INFO - 运行正常，显示为主窗口
2025-12-24 11:38:25,475 - root - INFO - 当前用户为：管理员
2025-12-24 11:38:25,475 - root - INFO - 当前用户ID为：1
2025-12-24 11:38:25,475 - root - INFO - 运行正常，显示为主窗口
2025-12-24 11:38:40,487 - root - INFO - 当前用户为：管理员
2025-12-24 11:38:40,487 - root - INFO - 当前用户ID为：1
2025-12-24 11:38:40,487 - root - INFO - 运行正常，显示为主窗口
2025-12-24 11:38:55,494 - root - INFO - 当前用户为：管理员
2025-12-24 11:38:55,494 - root - INFO - 当前用户ID为：1
2025-12-24 11:38:55,494 - root - INFO - 运行正常，显示为主窗口
2025-12-24 11:39:10,504 - root - INFO - 当前用户为：管理员
2025-12-24 11:39:10,504 - root - INFO - 当前用户ID为：1
2025-12-24 11:39:10,504 - root - INFO - 运行正常，显示为主窗口
2025-12-24 11:39:25,516 - root - INFO - 当前用户为：管理员
2025-12-24 11:39:25,516 - root - INFO - 当前用户ID为：1
2025-12-24 11:39:25,516 - root - INFO - 运行正常，显示为主窗口
2025-12-24 11:39:40,523 - root - INFO - 当前用户为：管理员
2025-12-24 11:39:40,523 - root - INFO - 当前用户ID为：1
2025-12-24 11:39:40,523 - root - INFO - 运行正常，显示为主窗口
2025-12-24 11:39:55,527 - root - INFO - 当前用户为：管理员
2025-12-24 11:39:55,527 - root - INFO - 当前用户ID为：1
2025-12-24 11:39:55,527 - root - INFO - 运行正常，显示为主窗口
2025-12-24 11:40:10,540 - root - INFO - 当前用户为：管理员
2025-12-24 11:40:10,540 - root - INFO - 当前用户ID为：1
2025-12-24 11:40:10,540 - root - INFO - 运行正常，显示为主窗口
2025-12-24 11:40:25,550 - root - INFO - 当前用户为：管理员
2025-12-24 11:40:25,550 - root - INFO - 当前用户ID为：1
2025-12-24 11:40:25,550 - root - INFO - 运行正常，显示为主窗口
2025-12-24 11:40:40,565 - root - INFO - 当前用户为：管理员
2025-12-24 11:40:40,565 - root - INFO - 当前用户ID为：1
2025-12-24 11:40:40,565 - root - INFO - 运行正常，显示为主窗口
2025-12-24 11:40:55,580 - root - INFO - 当前用户为：管理员
2025-12-24 11:40:55,580 - root - INFO - 当前用户ID为：1
2025-12-24 11:40:55,580 - root - INFO - 运行正常，显示为主窗口
2025-12-24 11:41:10,589 - root - INFO - 当前用户为：管理员
2025-12-24 11:41:10,589 - root - INFO - 当前用户ID为：1
2025-12-24 11:41:10,589 - root - INFO - 运行正常，显示为主窗口
2025-12-24 11:41:25,593 - root - INFO - 当前用户为：管理员
2025-12-24 11:41:25,593 - root - INFO - 当前用户ID为：1
2025-12-24 11:41:25,594 - root - INFO - 运行正常，显示为主窗口
2025-12-24 11:41:40,602 - root - INFO - 当前用户为：管理员
2025-12-24 11:41:40,602 - root - INFO - 当前用户ID为：1
2025-12-24 11:41:40,602 - root - INFO - 运行正常，显示为主窗口
2025-12-24 11:41:55,614 - root - INFO - 当前用户为：管理员
2025-12-24 11:41:55,614 - root - INFO - 当前用户ID为：1
2025-12-24 11:41:55,614 - root - INFO - 运行正常，显示为主窗口
2025-12-24 11:42:10,628 - root - INFO - 当前用户为：管理员
2025-12-24 11:42:10,628 - root - INFO - 当前用户ID为：1
2025-12-24 11:42:10,628 - root - INFO - 运行正常，显示为主窗口
2025-12-24 11:42:25,642 - root - INFO - 当前用户为：管理员
2025-12-24 11:42:25,642 - root - INFO - 当前用户ID为：1
2025-12-24 11:42:25,642 - root - INFO - 运行正常，显示为主窗口
2025-12-24 11:42:40,648 - root - INFO - 当前用户为：管理员
2025-12-24 11:42:40,648 - root - INFO - 当前用户ID为：1
2025-12-24 11:42:40,648 - root - INFO - 运行正常，显示为主窗口
2025-12-24 11:42:55,657 - root - INFO - 当前用户为：管理员
2025-12-24 11:42:55,657 - root - INFO - 当前用户ID为：1
2025-12-24 11:42:55,657 - root - INFO - 运行正常，显示为主窗口
2025-12-24 11:43:10,661 - root - INFO - 当前用户为：管理员
2025-12-24 11:43:10,661 - root - INFO - 当前用户ID为：1
2025-12-24 11:43:10,661 - root - INFO - 运行正常，显示为主窗口
2025-12-24 11:43:25,665 - root - INFO - 当前用户为：管理员
2025-12-24 11:43:25,665 - root - INFO - 当前用户ID为：1
2025-12-24 11:43:25,665 - root - INFO - 运行正常，显示为主窗口
2025-12-24 11:43:40,670 - root - INFO - 当前用户为：管理员
2025-12-24 11:43:40,670 - root - INFO - 当前用户ID为：1
2025-12-24 11:43:40,670 - root - INFO - 运行正常，显示为主窗口
2025-12-24 11:43:55,676 - root - INFO - 当前用户为：管理员
2025-12-24 11:43:55,676 - root - INFO - 当前用户ID为：1
2025-12-24 11:43:55,676 - root - INFO - 运行正常，显示为主窗口
2025-12-24 11:44:10,690 - root - INFO - 当前用户为：管理员
2025-12-24 11:44:10,690 - root - INFO - 当前用户ID为：1
2025-12-24 11:44:10,690 - root - INFO - 运行正常，显示为主窗口
2025-12-24 11:44:25,694 - root - INFO - 当前用户为：管理员
2025-12-24 11:44:25,694 - root - INFO - 当前用户ID为：1
2025-12-24 11:44:25,694 - root - INFO - 运行正常，显示为主窗口
2025-12-24 11:44:40,709 - root - INFO - 当前用户为：管理员
2025-12-24 11:44:40,709 - root - INFO - 当前用户ID为：1
2025-12-24 11:44:40,709 - root - INFO - 运行正常，显示为主窗口
2025-12-24 11:44:55,712 - root - INFO - 当前用户为：管理员
2025-12-24 11:44:55,712 - root - INFO - 当前用户ID为：1
2025-12-24 11:44:55,712 - root - INFO - 运行正常，显示为主窗口
2025-12-24 11:45:10,720 - root - INFO - 当前用户为：管理员
2025-12-24 11:45:10,720 - root - INFO - 当前用户ID为：1
2025-12-24 11:45:10,720 - root - INFO - 运行正常，显示为主窗口
2025-12-24 11:45:25,726 - root - INFO - 当前用户为：管理员
2025-12-24 11:45:25,726 - root - INFO - 当前用户ID为：1
2025-12-24 11:45:25,726 - root - INFO - 运行正常，显示为主窗口
2025-12-24 11:45:40,736 - root - INFO - 当前用户为：管理员
2025-12-24 11:45:40,736 - root - INFO - 当前用户ID为：1
2025-12-24 11:45:40,736 - root - INFO - 运行正常，显示为主窗口
2025-12-24 11:45:55,750 - root - INFO - 当前用户为：管理员
2025-12-24 11:45:55,750 - root - INFO - 当前用户ID为：1
2025-12-24 11:45:55,750 - root - INFO - 运行正常，显示为主窗口
2025-12-24 11:46:10,760 - root - INFO - 当前用户为：管理员
2025-12-24 11:46:10,760 - root - INFO - 当前用户ID为：1
2025-12-24 11:46:10,760 - root - INFO - 运行正常，显示为主窗口
2025-12-24 11:46:25,774 - root - INFO - 当前用户为：管理员
2025-12-24 11:46:25,774 - root - INFO - 当前用户ID为：1
2025-12-24 11:46:25,774 - root - INFO - 运行正常，显示为主窗口
2025-12-24 11:46:40,779 - root - INFO - 当前用户为：管理员
2025-12-24 11:46:40,779 - root - INFO - 当前用户ID为：1
2025-12-24 11:46:40,779 - root - INFO - 运行正常，显示为主窗口
2025-12-24 11:46:55,792 - root - INFO - 当前用户为：管理员
2025-12-24 11:46:55,792 - root - INFO - 当前用户ID为：1
2025-12-24 11:46:55,792 - root - INFO - 运行正常，显示为主窗口
2025-12-24 11:47:10,805 - root - INFO - 当前用户为：管理员
2025-12-24 11:47:10,805 - root - INFO - 当前用户ID为：1
2025-12-24 11:47:10,805 - root - INFO - 运行正常，显示为主窗口
2025-12-24 11:47:25,821 - root - INFO - 当前用户为：管理员
2025-12-24 11:47:25,821 - root - INFO - 当前用户ID为：1
2025-12-24 11:47:25,821 - root - INFO - 运行正常，显示为主窗口
2025-12-24 11:47:40,834 - root - INFO - 当前用户为：管理员
2025-12-24 11:47:40,834 - root - INFO - 当前用户ID为：1
2025-12-24 11:47:40,834 - root - INFO - 运行正常，显示为主窗口
2025-12-24 11:47:55,849 - root - INFO - 当前用户为：管理员
2025-12-24 11:47:55,849 - root - INFO - 当前用户ID为：1
2025-12-24 11:47:55,849 - root - INFO - 运行正常，显示为主窗口
2025-12-24 11:48:10,850 - root - INFO - 当前用户为：管理员
2025-12-24 11:48:10,850 - root - INFO - 当前用户ID为：1
2025-12-24 11:48:10,850 - root - INFO - 运行正常，显示为主窗口
2025-12-24 11:48:25,862 - root - INFO - 当前用户为：管理员
2025-12-24 11:48:25,862 - root - INFO - 当前用户ID为：1
2025-12-24 11:48:25,862 - root - INFO - 运行正常，显示为主窗口
2025-12-24 11:48:40,870 - root - INFO - 当前用户为：管理员
2025-12-24 11:48:40,870 - root - INFO - 当前用户ID为：1
2025-12-24 11:48:40,870 - root - INFO - 运行正常，显示为主窗口
2025-12-24 11:48:55,884 - root - INFO - 当前用户为：管理员
2025-12-24 11:48:55,884 - root - INFO - 当前用户ID为：1
2025-12-24 11:48:55,884 - root - INFO - 运行正常，显示为主窗口
2025-12-24 11:49:10,891 - root - INFO - 当前用户为：管理员
2025-12-24 11:49:10,891 - root - INFO - 当前用户ID为：1
2025-12-24 11:49:10,891 - root - INFO - 运行正常，显示为主窗口
2025-12-24 11:49:25,896 - root - INFO - 当前用户为：管理员
2025-12-24 11:49:25,896 - root - INFO - 当前用户ID为：1
2025-12-24 11:49:25,896 - root - INFO - 运行正常，显示为主窗口
2025-12-24 11:49:40,910 - root - INFO - 当前用户为：管理员
2025-12-24 11:49:40,910 - root - INFO - 当前用户ID为：1
2025-12-24 11:49:40,910 - root - INFO - 运行正常，显示为主窗口
2025-12-24 11:49:55,918 - root - INFO - 当前用户为：管理员
2025-12-24 11:49:55,918 - root - INFO - 当前用户ID为：1
2025-12-24 11:49:55,918 - root - INFO - 运行正常，显示为主窗口
2025-12-24 11:50:10,930 - root - INFO - 当前用户为：管理员
2025-12-24 11:50:10,930 - root - INFO - 当前用户ID为：1
2025-12-24 11:50:10,930 - root - INFO - 运行正常，显示为主窗口
2025-12-24 11:50:25,942 - root - INFO - 当前用户为：管理员
2025-12-24 11:50:25,942 - root - INFO - 当前用户ID为：1
2025-12-24 11:50:25,942 - root - INFO - 运行正常，显示为主窗口
2025-12-24 11:50:40,952 - root - INFO - 当前用户为：管理员
2025-12-24 11:50:40,952 - root - INFO - 当前用户ID为：1
2025-12-24 11:50:40,952 - root - INFO - 运行正常，显示为主窗口
2025-12-24 11:50:55,967 - root - INFO - 当前用户为：管理员
2025-12-24 11:50:55,967 - root - INFO - 当前用户ID为：1
2025-12-24 11:50:55,967 - root - INFO - 运行正常，显示为主窗口
2025-12-24 11:51:10,968 - root - INFO - 当前用户为：管理员
2025-12-24 11:51:10,968 - root - INFO - 当前用户ID为：1
2025-12-24 11:51:10,968 - root - INFO - 运行正常，显示为主窗口
2025-12-24 11:51:25,971 - root - INFO - 当前用户为：管理员
2025-12-24 11:51:25,971 - root - INFO - 当前用户ID为：1
2025-12-24 11:51:25,971 - root - INFO - 运行正常，显示为主窗口
2025-12-24 11:51:40,973 - root - INFO - 当前用户为：管理员
2025-12-24 11:51:40,973 - root - INFO - 当前用户ID为：1
2025-12-24 11:51:40,973 - root - INFO - 运行正常，显示为主窗口
2025-12-24 11:51:55,977 - root - INFO - 当前用户为：管理员
2025-12-24 11:51:55,977 - root - INFO - 当前用户ID为：1
2025-12-24 11:51:55,977 - root - INFO - 运行正常，显示为主窗口
2025-12-24 11:52:10,992 - root - INFO - 当前用户为：管理员
2025-12-24 11:52:10,992 - root - INFO - 当前用户ID为：1
2025-12-24 11:52:10,992 - root - INFO - 运行正常，显示为主窗口
2025-12-24 11:52:26,005 - root - INFO - 当前用户为：管理员
2025-12-24 11:52:26,005 - root - INFO - 当前用户ID为：1
2025-12-24 11:52:26,005 - root - INFO - 运行正常，显示为主窗口
2025-12-24 11:52:41,019 - root - INFO - 当前用户为：管理员
2025-12-24 11:52:41,019 - root - INFO - 当前用户ID为：1
2025-12-24 11:52:41,019 - root - INFO - 运行正常，显示为主窗口
2025-12-24 11:52:56,021 - root - INFO - 当前用户为：管理员
2025-12-24 11:52:56,021 - root - INFO - 当前用户ID为：1
2025-12-24 11:52:56,021 - root - INFO - 运行正常，显示为主窗口
2025-12-24 11:53:11,026 - root - INFO - 当前用户为：管理员
2025-12-24 11:53:11,026 - root - INFO - 当前用户ID为：1
2025-12-24 11:53:11,026 - root - INFO - 运行正常，显示为主窗口
2025-12-24 11:53:26,027 - root - INFO - 当前用户为：管理员
2025-12-24 11:53:26,027 - root - INFO - 当前用户ID为：1
2025-12-24 11:53:26,027 - root - INFO - 运行正常，显示为主窗口
2025-12-24 11:53:41,043 - root - INFO - 当前用户为：管理员
2025-12-24 11:53:41,043 - root - INFO - 当前用户ID为：1
2025-12-24 11:53:41,043 - root - INFO - 运行正常，显示为主窗口
2025-12-24 11:53:56,049 - root - INFO - 当前用户为：管理员
2025-12-24 11:53:56,049 - root - INFO - 当前用户ID为：1
2025-12-24 11:53:56,049 - root - INFO - 运行正常，显示为主窗口
2025-12-24 11:54:11,063 - root - INFO - 当前用户为：管理员
2025-12-24 11:54:11,063 - root - INFO - 当前用户ID为：1
2025-12-24 11:54:11,063 - root - INFO - 运行正常，显示为主窗口
2025-12-24 11:54:26,070 - root - INFO - 当前用户为：管理员
2025-12-24 11:54:26,070 - root - INFO - 当前用户ID为：1
2025-12-24 11:54:26,070 - root - INFO - 运行正常，显示为主窗口
2025-12-24 11:54:41,083 - root - INFO - 当前用户为：管理员
2025-12-24 11:54:41,083 - root - INFO - 当前用户ID为：1
2025-12-24 11:54:41,083 - root - INFO - 运行正常，显示为主窗口
2025-12-24 11:54:56,090 - root - INFO - 当前用户为：管理员
2025-12-24 11:54:56,090 - root - INFO - 当前用户ID为：1
2025-12-24 11:54:56,090 - root - INFO - 运行正常，显示为主窗口
2025-12-24 11:55:11,102 - root - INFO - 当前用户为：管理员
2025-12-24 11:55:11,102 - root - INFO - 当前用户ID为：1
2025-12-24 11:55:11,102 - root - INFO - 运行正常，显示为主窗口
2025-12-24 11:55:26,113 - root - INFO - 当前用户为：管理员
2025-12-24 11:55:26,113 - root - INFO - 当前用户ID为：1
2025-12-24 11:55:26,113 - root - INFO - 运行正常，显示为主窗口
2025-12-24 11:55:41,118 - root - INFO - 当前用户为：管理员
2025-12-24 11:55:41,118 - root - INFO - 当前用户ID为：1
2025-12-24 11:55:41,118 - root - INFO - 运行正常，显示为主窗口
2025-12-24 11:55:56,131 - root - INFO - 当前用户为：管理员
2025-12-24 11:55:56,131 - root - INFO - 当前用户ID为：1
2025-12-24 11:55:56,131 - root - INFO - 运行正常，显示为主窗口
2025-12-24 11:56:11,137 - root - INFO - 当前用户为：管理员
2025-12-24 11:56:11,137 - root - INFO - 当前用户ID为：1
2025-12-24 11:56:11,137 - root - INFO - 运行正常，显示为主窗口
2025-12-24 11:56:26,138 - root - INFO - 当前用户为：管理员
2025-12-24 11:56:26,138 - root - INFO - 当前用户ID为：1
2025-12-24 11:56:26,138 - root - INFO - 运行正常，显示为主窗口
2025-12-24 11:56:41,145 - root - INFO - 当前用户为：管理员
2025-12-24 11:56:41,145 - root - INFO - 当前用户ID为：1
2025-12-24 11:56:41,145 - root - INFO - 运行正常，显示为主窗口
2025-12-24 11:56:56,158 - root - INFO - 当前用户为：管理员
2025-12-24 11:56:56,158 - root - INFO - 当前用户ID为：1
2025-12-24 11:56:56,159 - root - INFO - 运行正常，显示为主窗口
2025-12-24 11:57:11,167 - root - INFO - 当前用户为：管理员
2025-12-24 11:57:11,167 - root - INFO - 当前用户ID为：1
2025-12-24 11:57:11,167 - root - INFO - 运行正常，显示为主窗口
2025-12-24 11:57:26,172 - root - INFO - 当前用户为：管理员
2025-12-24 11:57:26,172 - root - INFO - 当前用户ID为：1
2025-12-24 11:57:26,172 - root - INFO - 运行正常，显示为主窗口
2025-12-24 11:57:41,176 - root - INFO - 当前用户为：管理员
2025-12-24 11:57:41,176 - root - INFO - 当前用户ID为：1
2025-12-24 11:57:41,176 - root - INFO - 运行正常，显示为主窗口
2025-12-24 11:57:56,188 - root - INFO - 当前用户为：管理员
2025-12-24 11:57:56,188 - root - INFO - 当前用户ID为：1
2025-12-24 11:57:56,188 - root - INFO - 运行正常，显示为主窗口
2025-12-24 11:58:11,197 - root - INFO - 当前用户为：管理员
2025-12-24 11:58:11,197 - root - INFO - 当前用户ID为：1
2025-12-24 11:58:11,197 - root - INFO - 运行正常，显示为主窗口
2025-12-24 11:58:26,212 - root - INFO - 当前用户为：管理员
2025-12-24 11:58:26,212 - root - INFO - 当前用户ID为：1
2025-12-24 11:58:26,212 - root - INFO - 运行正常，显示为主窗口
2025-12-24 11:58:41,220 - root - INFO - 当前用户为：管理员
2025-12-24 11:58:41,220 - root - INFO - 当前用户ID为：1
2025-12-24 11:58:41,220 - root - INFO - 运行正常，显示为主窗口
2025-12-24 11:58:56,231 - root - INFO - 当前用户为：管理员
2025-12-24 11:58:56,231 - root - INFO - 当前用户ID为：1
2025-12-24 11:58:56,231 - root - INFO - 运行正常，显示为主窗口
2025-12-24 11:59:11,234 - root - INFO - 当前用户为：管理员
2025-12-24 11:59:11,234 - root - INFO - 当前用户ID为：1
2025-12-24 11:59:11,234 - root - INFO - 运行正常，显示为主窗口
2025-12-24 11:59:26,239 - root - INFO - 当前用户为：管理员
2025-12-24 11:59:26,239 - root - INFO - 当前用户ID为：1
2025-12-24 11:59:26,239 - root - INFO - 运行正常，显示为主窗口
2025-12-24 11:59:41,243 - root - INFO - 当前用户为：管理员
2025-12-24 11:59:41,244 - root - INFO - 当前用户ID为：1
2025-12-24 11:59:41,244 - root - INFO - 运行正常，显示为主窗口
2025-12-24 11:59:56,251 - root - INFO - 当前用户为：管理员
2025-12-24 11:59:56,251 - root - INFO - 当前用户ID为：1
2025-12-24 11:59:56,251 - root - INFO - 运行正常，显示为主窗口
2025-12-24 12:00:11,254 - root - INFO - 当前用户为：管理员
2025-12-24 12:00:11,254 - root - INFO - 当前用户ID为：1
2025-12-24 12:00:11,254 - root - INFO - 运行正常，显示为主窗口
2025-12-24 12:00:26,255 - root - INFO - 当前用户为：管理员
2025-12-24 12:00:26,255 - root - INFO - 当前用户ID为：1
2025-12-24 12:00:26,255 - root - INFO - 运行正常，显示为主窗口
2025-12-24 12:00:41,267 - root - INFO - 当前用户为：管理员
2025-12-24 12:00:41,267 - root - INFO - 当前用户ID为：1
2025-12-24 12:00:41,267 - root - INFO - 运行正常，显示为主窗口
2025-12-24 12:00:56,280 - root - INFO - 当前用户为：管理员
2025-12-24 12:00:56,280 - root - INFO - 当前用户ID为：1
2025-12-24 12:00:56,280 - root - INFO - 运行正常，显示为主窗口
2025-12-24 12:01:11,288 - root - INFO - 当前用户为：管理员
2025-12-24 12:01:11,288 - root - INFO - 当前用户ID为：1
2025-12-24 12:01:11,288 - root - INFO - 运行正常，显示为主窗口
2025-12-24 12:01:26,303 - root - INFO - 当前用户为：管理员
2025-12-24 12:01:26,303 - root - INFO - 当前用户ID为：1
2025-12-24 12:01:26,303 - root - INFO - 运行正常，显示为主窗口
2025-12-24 12:01:41,318 - root - INFO - 当前用户为：管理员
2025-12-24 12:01:41,318 - root - INFO - 当前用户ID为：1
2025-12-24 12:01:41,318 - root - INFO - 运行正常，显示为主窗口
2025-12-24 12:01:56,321 - root - INFO - 当前用户为：管理员
2025-12-24 12:01:56,321 - root - INFO - 当前用户ID为：1
2025-12-24 12:01:56,321 - root - INFO - 运行正常，显示为主窗口
2025-12-24 12:02:11,335 - root - INFO - 当前用户为：管理员
2025-12-24 12:02:11,335 - root - INFO - 当前用户ID为：1
2025-12-24 12:02:11,335 - root - INFO - 运行正常，显示为主窗口
2025-12-24 12:02:26,342 - root - INFO - 当前用户为：管理员
2025-12-24 12:02:26,343 - root - INFO - 当前用户ID为：1
2025-12-24 12:02:26,343 - root - INFO - 运行正常，显示为主窗口
2025-12-24 12:02:41,344 - root - INFO - 当前用户为：管理员
2025-12-24 12:02:41,344 - root - INFO - 当前用户ID为：1
2025-12-24 12:02:41,344 - root - INFO - 运行正常，显示为主窗口
2025-12-24 12:02:56,347 - root - INFO - 当前用户为：管理员
2025-12-24 12:02:56,347 - root - INFO - 当前用户ID为：1
2025-12-24 12:02:56,347 - root - INFO - 运行正常，显示为主窗口
2025-12-24 12:03:11,360 - root - INFO - 当前用户为：管理员
2025-12-24 12:03:11,360 - root - INFO - 当前用户ID为：1
2025-12-24 12:03:11,360 - root - INFO - 运行正常，显示为主窗口
2025-12-24 12:03:26,364 - root - INFO - 当前用户为：管理员
2025-12-24 12:03:26,365 - root - INFO - 当前用户ID为：1
2025-12-24 12:03:26,365 - root - INFO - 运行正常，显示为主窗口
2025-12-24 12:03:41,380 - root - INFO - 当前用户为：管理员
2025-12-24 12:03:41,380 - root - INFO - 当前用户ID为：1
2025-12-24 12:03:41,380 - root - INFO - 运行正常，显示为主窗口
2025-12-24 12:03:56,393 - root - INFO - 当前用户为：管理员
2025-12-24 12:03:56,393 - root - INFO - 当前用户ID为：1
2025-12-24 12:03:56,393 - root - INFO - 运行正常，显示为主窗口
2025-12-24 12:04:11,405 - root - INFO - 当前用户为：管理员
2025-12-24 12:04:11,405 - root - INFO - 当前用户ID为：1
2025-12-24 12:04:11,405 - root - INFO - 运行正常，显示为主窗口
2025-12-24 12:04:26,412 - root - INFO - 当前用户为：管理员
2025-12-24 12:04:26,412 - root - INFO - 当前用户ID为：1
2025-12-24 12:04:26,412 - root - INFO - 运行正常，显示为主窗口
2025-12-24 12:04:41,414 - root - INFO - 当前用户为：管理员
2025-12-24 12:04:41,414 - root - INFO - 当前用户ID为：1
2025-12-24 12:04:41,414 - root - INFO - 运行正常，显示为主窗口
2025-12-24 12:04:56,426 - root - INFO - 当前用户为：管理员
2025-12-24 12:04:56,426 - root - INFO - 当前用户ID为：1
2025-12-24 12:04:56,427 - root - INFO - 运行正常，显示为主窗口
2025-12-24 12:05:11,433 - root - INFO - 当前用户为：管理员
2025-12-24 12:05:11,433 - root - INFO - 当前用户ID为：1
2025-12-24 12:05:11,433 - root - INFO - 运行正常，显示为主窗口
2025-12-24 12:05:26,447 - root - INFO - 当前用户为：管理员
2025-12-24 12:05:26,447 - root - INFO - 当前用户ID为：1
2025-12-24 12:05:26,447 - root - INFO - 运行正常，显示为主窗口
2025-12-24 12:05:41,450 - root - INFO - 当前用户为：管理员
2025-12-24 12:05:41,450 - root - INFO - 当前用户ID为：1
2025-12-24 12:05:41,450 - root - INFO - 运行正常，显示为主窗口
2025-12-24 12:05:44,239 - gui.main_window - INFO - 主窗口关闭
2025-12-25 10:51:34,395 - app_controller - INFO - [MainApp] 应用程序初始化完成
2025-12-25 10:51:34,397 - app_controller - INFO - [MainApp] 数据库连接对象类型: <class 'sqlite3.Connection'>
2025-12-25 10:51:34,402 - app_controller - INFO - [MainApp] 数据库初始化/连接成功
2025-12-25 10:51:34,403 - root - INFO - [StartupWindow] 初始化中...
2025-12-25 10:51:37,948 - root - INFO - 加载完成，即将跳转到登录窗口
2025-12-25 10:51:38,149 - app_controller - INFO - DEBUG: _on_startup_loaded 被调用
2025-12-25 10:51:38,150 - root - INFO - [LoginWindow] 初始化时 db_conn 类型: <class 'sqlite3.Connection'>
2025-12-25 10:51:38,202 - app_controller - INFO - [MainApp] 传递给 LoginWindow 的 db_conn 类型: <class 'sqlite3.Connection'>
2025-12-25 10:51:38,202 - app_controller - INFO - [MainApp] 已连接登录成功信号
2025-12-25 10:51:38,470 - root - INFO - [LoginWindow] handle_auto_login 中 db_conn 类型: <class 'sqlite3.Connection'>
2025-12-25 10:51:38,471 - root - INFO - [LoginWindow] attempt_login 中 db_conn 类型: <class 'sqlite3.Connection'>
2025-12-25 10:51:38,471 - gui.login_window - INFO - 用户 admin 登录成功, 角色: admin
2025-12-25 10:51:38,472 - root - INFO - 当前用户为：管理员
2025-12-25 10:51:38,474 - root - INFO - 当前用户ID为：1
2025-12-25 10:51:38,475 - root - INFO - 运行正常，显示为主窗口
2025-12-25 10:51:53,483 - root - INFO - 当前用户为：管理员
2025-12-25 10:51:53,483 - root - INFO - 当前用户ID为：1
2025-12-25 10:51:53,483 - root - INFO - 运行正常，显示为主窗口
2025-12-25 10:52:08,499 - root - INFO - 当前用户为：管理员
2025-12-25 10:52:08,499 - root - INFO - 当前用户ID为：1
2025-12-25 10:52:08,499 - root - INFO - 运行正常，显示为主窗口
2025-12-25 10:52:23,515 - root - INFO - 当前用户为：管理员
2025-12-25 10:52:23,515 - root - INFO - 当前用户ID为：1
2025-12-25 10:52:23,515 - root - INFO - 运行正常，显示为主窗口
2025-12-25 10:52:38,526 - root - INFO - 当前用户为：管理员
2025-12-25 10:52:38,526 - root - INFO - 当前用户ID为：1
2025-12-25 10:52:38,527 - root - INFO - 运行正常，显示为主窗口
2025-12-25 10:52:53,540 - root - INFO - 当前用户为：管理员
2025-12-25 10:52:53,540 - root - INFO - 当前用户ID为：1
2025-12-25 10:52:53,540 - root - INFO - 运行正常，显示为主窗口
2025-12-25 10:53:08,540 - root - INFO - 当前用户为：管理员
2025-12-25 10:53:08,540 - root - INFO - 当前用户ID为：1
2025-12-25 10:53:08,540 - root - INFO - 运行正常，显示为主窗口
2025-12-25 10:53:23,543 - root - INFO - 当前用户为：管理员
2025-12-25 10:53:23,543 - root - INFO - 当前用户ID为：1
2025-12-25 10:53:23,543 - root - INFO - 运行正常，显示为主窗口
2025-12-25 10:53:38,549 - root - INFO - 当前用户为：管理员
2025-12-25 10:53:38,549 - root - INFO - 当前用户ID为：1
2025-12-25 10:53:38,549 - root - INFO - 运行正常，显示为主窗口
2025-12-25 10:53:53,550 - root - INFO - 当前用户为：管理员
2025-12-25 10:53:53,551 - root - INFO - 当前用户ID为：1
2025-12-25 10:53:53,551 - root - INFO - 运行正常，显示为主窗口
2025-12-25 10:54:08,562 - root - INFO - 当前用户为：管理员
2025-12-25 10:54:08,562 - root - INFO - 当前用户ID为：1
2025-12-25 10:54:08,562 - root - INFO - 运行正常，显示为主窗口
2025-12-25 10:54:23,567 - root - INFO - 当前用户为：管理员
2025-12-25 10:54:23,567 - root - INFO - 当前用户ID为：1
2025-12-25 10:54:23,567 - root - INFO - 运行正常，显示为主窗口
2025-12-25 10:54:38,575 - root - INFO - 当前用户为：管理员
2025-12-25 10:54:38,575 - root - INFO - 当前用户ID为：1
2025-12-25 10:54:38,575 - root - INFO - 运行正常，显示为主窗口
2025-12-25 10:54:53,591 - root - INFO - 当前用户为：管理员
2025-12-25 10:54:53,591 - root - INFO - 当前用户ID为：1
2025-12-25 10:54:53,591 - root - INFO - 运行正常，显示为主窗口
2025-12-25 10:55:08,598 - root - INFO - 当前用户为：管理员
2025-12-25 10:55:08,598 - root - INFO - 当前用户ID为：1
2025-12-25 10:55:08,598 - root - INFO - 运行正常，显示为主窗口
2025-12-25 10:55:23,606 - root - INFO - 当前用户为：管理员
2025-12-25 10:55:23,606 - root - INFO - 当前用户ID为：1
2025-12-25 10:55:23,607 - root - INFO - 运行正常，显示为主窗口
2025-12-25 10:55:38,610 - root - INFO - 当前用户为：管理员
2025-12-25 10:55:38,611 - root - INFO - 当前用户ID为：1
2025-12-25 10:55:38,611 - root - INFO - 运行正常，显示为主窗口
2025-12-25 10:55:53,625 - root - INFO - 当前用户为：管理员
2025-12-25 10:55:53,625 - root - INFO - 当前用户ID为：1
2025-12-25 10:55:53,626 - root - INFO - 运行正常，显示为主窗口
2025-12-25 10:56:08,632 - root - INFO - 当前用户为：管理员
2025-12-25 10:56:08,632 - root - INFO - 当前用户ID为：1
2025-12-25 10:56:08,632 - root - INFO - 运行正常，显示为主窗口
2025-12-25 10:56:23,643 - root - INFO - 当前用户为：管理员
2025-12-25 10:56:23,643 - root - INFO - 当前用户ID为：1
2025-12-25 10:56:23,643 - root - INFO - 运行正常，显示为主窗口
2025-12-25 10:56:38,647 - root - INFO - 当前用户为：管理员
2025-12-25 10:56:38,647 - root - INFO - 当前用户ID为：1
2025-12-25 10:56:38,647 - root - INFO - 运行正常，显示为主窗口
2025-12-25 10:56:53,648 - root - INFO - 当前用户为：管理员
2025-12-25 10:56:53,648 - root - INFO - 当前用户ID为：1
2025-12-25 10:56:53,648 - root - INFO - 运行正常，显示为主窗口
2025-12-25 10:57:08,663 - root - INFO - 当前用户为：管理员
2025-12-25 10:57:08,663 - root - INFO - 当前用户ID为：1
2025-12-25 10:57:08,663 - root - INFO - 运行正常，显示为主窗口
2025-12-25 10:57:23,677 - root - INFO - 当前用户为：管理员
2025-12-25 10:57:23,677 - root - INFO - 当前用户ID为：1
2025-12-25 10:57:23,677 - root - INFO - 运行正常，显示为主窗口
2025-12-25 10:57:38,680 - root - INFO - 当前用户为：管理员
2025-12-25 10:57:38,680 - root - INFO - 当前用户ID为：1
2025-12-25 10:57:38,680 - root - INFO - 运行正常，显示为主窗口
2025-12-25 10:57:53,683 - root - INFO - 当前用户为：管理员
2025-12-25 10:57:53,683 - root - INFO - 当前用户ID为：1
2025-12-25 10:57:53,683 - root - INFO - 运行正常，显示为主窗口
2025-12-25 10:58:08,689 - root - INFO - 当前用户为：管理员
2025-12-25 10:58:08,689 - root - INFO - 当前用户ID为：1
2025-12-25 10:58:08,689 - root - INFO - 运行正常，显示为主窗口
2025-12-25 10:58:23,694 - root - INFO - 当前用户为：管理员
2025-12-25 10:58:23,694 - root - INFO - 当前用户ID为：1
2025-12-25 10:58:23,694 - root - INFO - 运行正常，显示为主窗口
2025-12-25 10:58:38,706 - root - INFO - 当前用户为：管理员
2025-12-25 10:58:38,706 - root - INFO - 当前用户ID为：1
2025-12-25 10:58:38,706 - root - INFO - 运行正常，显示为主窗口
2025-12-25 10:58:53,716 - root - INFO - 当前用户为：管理员
2025-12-25 10:58:53,716 - root - INFO - 当前用户ID为：1
2025-12-25 10:58:53,717 - root - INFO - 运行正常，显示为主窗口
2025-12-25 10:59:08,723 - root - INFO - 当前用户为：管理员
2025-12-25 10:59:08,723 - root - INFO - 当前用户ID为：1
2025-12-25 10:59:08,723 - root - INFO - 运行正常，显示为主窗口
2025-12-25 10:59:23,734 - root - INFO - 当前用户为：管理员
2025-12-25 10:59:23,734 - root - INFO - 当前用户ID为：1
2025-12-25 10:59:23,734 - root - INFO - 运行正常，显示为主窗口
2025-12-25 10:59:38,741 - root - INFO - 当前用户为：管理员
2025-12-25 10:59:38,742 - root - INFO - 当前用户ID为：1
2025-12-25 10:59:38,742 - root - INFO - 运行正常，显示为主窗口
2025-12-25 10:59:53,748 - root - INFO - 当前用户为：管理员
2025-12-25 10:59:53,748 - root - INFO - 当前用户ID为：1
2025-12-25 10:59:53,748 - root - INFO - 运行正常，显示为主窗口
2025-12-25 11:00:08,762 - root - INFO - 当前用户为：管理员
2025-12-25 11:00:08,762 - root - INFO - 当前用户ID为：1
2025-12-25 11:00:08,762 - root - INFO - 运行正常，显示为主窗口
2025-12-25 11:00:23,765 - root - INFO - 当前用户为：管理员
2025-12-25 11:00:23,765 - root - INFO - 当前用户ID为：1
2025-12-25 11:00:23,766 - root - INFO - 运行正常，显示为主窗口
2025-12-25 11:00:38,774 - root - INFO - 当前用户为：管理员
2025-12-25 11:00:38,775 - root - INFO - 当前用户ID为：1
2025-12-25 11:00:38,775 - root - INFO - 运行正常，显示为主窗口
2025-12-25 11:00:53,782 - root - INFO - 当前用户为：管理员
2025-12-25 11:00:53,782 - root - INFO - 当前用户ID为：1
2025-12-25 11:00:53,782 - root - INFO - 运行正常，显示为主窗口
2025-12-25 11:01:08,787 - root - INFO - 当前用户为：管理员
2025-12-25 11:01:08,788 - root - INFO - 当前用户ID为：1
2025-12-25 11:01:08,788 - root - INFO - 运行正常，显示为主窗口
2025-12-25 11:01:23,789 - root - INFO - 当前用户为：管理员
2025-12-25 11:01:23,789 - root - INFO - 当前用户ID为：1
2025-12-25 11:01:23,789 - root - INFO - 运行正常，显示为主窗口
2025-12-25 11:01:38,804 - root - INFO - 当前用户为：管理员
2025-12-25 11:01:38,804 - root - INFO - 当前用户ID为：1
2025-12-25 11:01:38,804 - root - INFO - 运行正常，显示为主窗口
2025-12-25 11:01:53,812 - root - INFO - 当前用户为：管理员
2025-12-25 11:01:53,812 - root - INFO - 当前用户ID为：1
2025-12-25 11:01:53,812 - root - INFO - 运行正常，显示为主窗口
2025-12-25 11:02:08,815 - root - INFO - 当前用户为：管理员
2025-12-25 11:02:08,815 - root - INFO - 当前用户ID为：1
2025-12-25 11:02:08,815 - root - INFO - 运行正常，显示为主窗口
2025-12-25 11:02:23,819 - root - INFO - 当前用户为：管理员
2025-12-25 11:02:23,819 - root - INFO - 当前用户ID为：1
2025-12-25 11:02:23,820 - root - INFO - 运行正常，显示为主窗口
2025-12-25 11:02:38,829 - root - INFO - 当前用户为：管理员
2025-12-25 11:02:38,829 - root - INFO - 当前用户ID为：1
2025-12-25 11:02:38,829 - root - INFO - 运行正常，显示为主窗口
2025-12-25 11:02:53,839 - root - INFO - 当前用户为：管理员
2025-12-25 11:02:53,840 - root - INFO - 当前用户ID为：1
2025-12-25 11:02:53,840 - root - INFO - 运行正常，显示为主窗口
2025-12-25 11:03:08,852 - root - INFO - 当前用户为：管理员
2025-12-25 11:03:08,852 - root - INFO - 当前用户ID为：1
2025-12-25 11:03:08,852 - root - INFO - 运行正常，显示为主窗口
2025-12-25 11:03:23,862 - root - INFO - 当前用户为：管理员
2025-12-25 11:03:23,862 - root - INFO - 当前用户ID为：1
2025-12-25 11:03:23,862 - root - INFO - 运行正常，显示为主窗口
2025-12-25 11:03:38,878 - root - INFO - 当前用户为：管理员
2025-12-25 11:03:38,878 - root - INFO - 当前用户ID为：1
2025-12-25 11:03:38,879 - root - INFO - 运行正常，显示为主窗口
2025-12-25 11:03:53,881 - root - INFO - 当前用户为：管理员
2025-12-25 11:03:53,881 - root - INFO - 当前用户ID为：1
2025-12-25 11:03:53,881 - root - INFO - 运行正常，显示为主窗口
2025-12-25 11:04:08,882 - root - INFO - 当前用户为：管理员
2025-12-25 11:04:08,882 - root - INFO - 当前用户ID为：1
2025-12-25 11:04:08,882 - root - INFO - 运行正常，显示为主窗口
2025-12-25 11:04:23,888 - root - INFO - 当前用户为：管理员
2025-12-25 11:04:23,888 - root - INFO - 当前用户ID为：1
2025-12-25 11:04:23,888 - root - INFO - 运行正常，显示为主窗口
2025-12-25 11:04:38,896 - root - INFO - 当前用户为：管理员
2025-12-25 11:04:38,897 - root - INFO - 当前用户ID为：1
2025-12-25 11:04:38,897 - root - INFO - 运行正常，显示为主窗口
2025-12-25 11:04:53,906 - root - INFO - 当前用户为：管理员
2025-12-25 11:04:53,906 - root - INFO - 当前用户ID为：1
2025-12-25 11:04:53,906 - root - INFO - 运行正常，显示为主窗口
2025-12-25 11:05:08,911 - root - INFO - 当前用户为：管理员
2025-12-25 11:05:08,911 - root - INFO - 当前用户ID为：1
2025-12-25 11:05:08,911 - root - INFO - 运行正常，显示为主窗口
2025-12-25 11:05:23,921 - root - INFO - 当前用户为：管理员
2025-12-25 11:05:23,921 - root - INFO - 当前用户ID为：1
2025-12-25 11:05:23,922 - root - INFO - 运行正常，显示为主窗口
2025-12-25 11:05:38,923 - root - INFO - 当前用户为：管理员
2025-12-25 11:05:38,923 - root - INFO - 当前用户ID为：1
2025-12-25 11:05:38,923 - root - INFO - 运行正常，显示为主窗口
2025-12-25 11:05:53,931 - root - INFO - 当前用户为：管理员
2025-12-25 11:05:53,931 - root - INFO - 当前用户ID为：1
2025-12-25 11:05:53,931 - root - INFO - 运行正常，显示为主窗口
2025-12-25 11:06:08,935 - root - INFO - 当前用户为：管理员
2025-12-25 11:06:08,936 - root - INFO - 当前用户ID为：1
2025-12-25 11:06:08,936 - root - INFO - 运行正常，显示为主窗口
2025-12-25 11:06:23,951 - root - INFO - 当前用户为：管理员
2025-12-25 11:06:23,951 - root - INFO - 当前用户ID为：1
2025-12-25 11:06:23,951 - root - INFO - 运行正常，显示为主窗口
2025-12-25 11:06:38,965 - root - INFO - 当前用户为：管理员
2025-12-25 11:06:38,966 - root - INFO - 当前用户ID为：1
2025-12-25 11:06:38,966 - root - INFO - 运行正常，显示为主窗口
2025-12-25 11:06:53,977 - root - INFO - 当前用户为：管理员
2025-12-25 11:06:53,977 - root - INFO - 当前用户ID为：1
2025-12-25 11:06:53,977 - root - INFO - 运行正常，显示为主窗口
2025-12-25 11:07:08,984 - root - INFO - 当前用户为：管理员
2025-12-25 11:07:08,984 - root - INFO - 当前用户ID为：1
2025-12-25 11:07:08,984 - root - INFO - 运行正常，显示为主窗口
2025-12-25 11:07:23,997 - root - INFO - 当前用户为：管理员
2025-12-25 11:07:23,998 - root - INFO - 当前用户ID为：1
2025-12-25 11:07:23,998 - root - INFO - 运行正常，显示为主窗口
2025-12-25 11:07:39,003 - root - INFO - 当前用户为：管理员
2025-12-25 11:07:39,003 - root - INFO - 当前用户ID为：1
2025-12-25 11:07:39,003 - root - INFO - 运行正常，显示为主窗口
2025-12-25 11:07:54,018 - root - INFO - 当前用户为：管理员
2025-12-25 11:07:54,018 - root - INFO - 当前用户ID为：1
2025-12-25 11:07:54,018 - root - INFO - 运行正常，显示为主窗口
2025-12-25 11:08:09,032 - root - INFO - 当前用户为：管理员
2025-12-25 11:08:09,032 - root - INFO - 当前用户ID为：1
2025-12-25 11:08:09,032 - root - INFO - 运行正常，显示为主窗口
2025-12-25 11:08:24,040 - root - INFO - 当前用户为：管理员
2025-12-25 11:08:24,040 - root - INFO - 当前用户ID为：1
2025-12-25 11:08:24,040 - root - INFO - 运行正常，显示为主窗口
2025-12-25 11:08:39,044 - root - INFO - 当前用户为：管理员
2025-12-25 11:08:39,044 - root - INFO - 当前用户ID为：1
2025-12-25 11:08:39,044 - root - INFO - 运行正常，显示为主窗口
2025-12-25 11:08:54,048 - root - INFO - 当前用户为：管理员
2025-12-25 11:08:54,048 - root - INFO - 当前用户ID为：1
2025-12-25 11:08:54,048 - root - INFO - 运行正常，显示为主窗口
2025-12-25 11:09:09,050 - root - INFO - 当前用户为：管理员
2025-12-25 11:09:09,050 - root - INFO - 当前用户ID为：1
2025-12-25 11:09:09,050 - root - INFO - 运行正常，显示为主窗口
2025-12-25 11:09:24,058 - root - INFO - 当前用户为：管理员
2025-12-25 11:09:24,058 - root - INFO - 当前用户ID为：1
2025-12-25 11:09:24,058 - root - INFO - 运行正常，显示为主窗口
2025-12-25 11:09:39,072 - root - INFO - 当前用户为：管理员
2025-12-25 11:09:39,072 - root - INFO - 当前用户ID为：1
2025-12-25 11:09:39,072 - root - INFO - 运行正常，显示为主窗口
2025-12-25 11:09:54,086 - root - INFO - 当前用户为：管理员
2025-12-25 11:09:54,086 - root - INFO - 当前用户ID为：1
2025-12-25 11:09:54,087 - root - INFO - 运行正常，显示为主窗口
2025-12-25 11:10:09,101 - root - INFO - 当前用户为：管理员
2025-12-25 11:10:09,101 - root - INFO - 当前用户ID为：1
2025-12-25 11:10:09,101 - root - INFO - 运行正常，显示为主窗口
2025-12-25 11:10:24,113 - root - INFO - 当前用户为：管理员
2025-12-25 11:10:24,114 - root - INFO - 当前用户ID为：1
2025-12-25 11:10:24,114 - root - INFO - 运行正常，显示为主窗口
2025-12-25 11:10:39,118 - root - INFO - 当前用户为：管理员
2025-12-25 11:10:39,118 - root - INFO - 当前用户ID为：1
2025-12-25 11:10:39,118 - root - INFO - 运行正常，显示为主窗口
2025-12-25 11:10:54,122 - root - INFO - 当前用户为：管理员
2025-12-25 11:10:54,122 - root - INFO - 当前用户ID为：1
2025-12-25 11:10:54,122 - root - INFO - 运行正常，显示为主窗口
2025-12-25 11:11:09,138 - root - INFO - 当前用户为：管理员
2025-12-25 11:11:09,138 - root - INFO - 当前用户ID为：1
2025-12-25 11:11:09,138 - root - INFO - 运行正常，显示为主窗口
2025-12-25 11:11:24,153 - root - INFO - 当前用户为：管理员
2025-12-25 11:11:24,153 - root - INFO - 当前用户ID为：1
2025-12-25 11:11:24,153 - root - INFO - 运行正常，显示为主窗口
2025-12-25 11:11:39,162 - root - INFO - 当前用户为：管理员
2025-12-25 11:11:39,162 - root - INFO - 当前用户ID为：1
2025-12-25 11:11:39,163 - root - INFO - 运行正常，显示为主窗口
2025-12-25 11:11:54,175 - root - INFO - 当前用户为：管理员
2025-12-25 11:11:54,175 - root - INFO - 当前用户ID为：1
2025-12-25 11:11:54,175 - root - INFO - 运行正常，显示为主窗口
2025-12-25 11:12:09,180 - root - INFO - 当前用户为：管理员
2025-12-25 11:12:09,180 - root - INFO - 当前用户ID为：1
2025-12-25 11:12:09,180 - root - INFO - 运行正常，显示为主窗口
2025-12-25 11:12:24,183 - root - INFO - 当前用户为：管理员
2025-12-25 11:12:24,183 - root - INFO - 当前用户ID为：1
2025-12-25 11:12:24,183 - root - INFO - 运行正常，显示为主窗口
2025-12-25 11:12:39,192 - root - INFO - 当前用户为：管理员
2025-12-25 11:12:39,192 - root - INFO - 当前用户ID为：1
2025-12-25 11:12:39,192 - root - INFO - 运行正常，显示为主窗口
2025-12-25 11:12:54,199 - root - INFO - 当前用户为：管理员
2025-12-25 11:12:54,200 - root - INFO - 当前用户ID为：1
2025-12-25 11:12:54,200 - root - INFO - 运行正常，显示为主窗口
2025-12-25 11:13:09,212 - root - INFO - 当前用户为：管理员
2025-12-25 11:13:09,212 - root - INFO - 当前用户ID为：1
2025-12-25 11:13:09,212 - root - INFO - 运行正常，显示为主窗口
2025-12-25 11:13:24,228 - root - INFO - 当前用户为：管理员
2025-12-25 11:13:24,228 - root - INFO - 当前用户ID为：1
2025-12-25 11:13:24,228 - root - INFO - 运行正常，显示为主窗口
2025-12-25 11:13:39,230 - root - INFO - 当前用户为：管理员
2025-12-25 11:13:39,230 - root - INFO - 当前用户ID为：1
2025-12-25 11:13:39,230 - root - INFO - 运行正常，显示为主窗口
2025-12-25 11:13:54,240 - root - INFO - 当前用户为：管理员
2025-12-25 11:13:54,240 - root - INFO - 当前用户ID为：1
2025-12-25 11:13:54,240 - root - INFO - 运行正常，显示为主窗口
2025-12-25 11:14:09,241 - root - INFO - 当前用户为：管理员
2025-12-25 11:14:09,241 - root - INFO - 当前用户ID为：1
2025-12-25 11:14:09,241 - root - INFO - 运行正常，显示为主窗口
2025-12-25 11:14:24,244 - root - INFO - 当前用户为：管理员
2025-12-25 11:14:24,244 - root - INFO - 当前用户ID为：1
2025-12-25 11:14:24,244 - root - INFO - 运行正常，显示为主窗口
2025-12-25 11:14:39,259 - root - INFO - 当前用户为：管理员
2025-12-25 11:14:39,259 - root - INFO - 当前用户ID为：1
2025-12-25 11:14:39,259 - root - INFO - 运行正常，显示为主窗口
2025-12-25 11:14:54,269 - root - INFO - 当前用户为：管理员
2025-12-25 11:14:54,269 - root - INFO - 当前用户ID为：1
2025-12-25 11:14:54,269 - root - INFO - 运行正常，显示为主窗口
2025-12-25 11:15:09,277 - root - INFO - 当前用户为：管理员
2025-12-25 11:15:09,277 - root - INFO - 当前用户ID为：1
2025-12-25 11:15:09,277 - root - INFO - 运行正常，显示为主窗口
2025-12-25 11:15:24,293 - root - INFO - 当前用户为：管理员
2025-12-25 11:15:24,293 - root - INFO - 当前用户ID为：1
2025-12-25 11:15:24,293 - root - INFO - 运行正常，显示为主窗口
2025-12-25 11:15:39,305 - root - INFO - 当前用户为：管理员
2025-12-25 11:15:39,305 - root - INFO - 当前用户ID为：1
2025-12-25 11:15:39,305 - root - INFO - 运行正常，显示为主窗口
2025-12-25 11:15:54,313 - root - INFO - 当前用户为：管理员
2025-12-25 11:15:54,313 - root - INFO - 当前用户ID为：1
2025-12-25 11:15:54,313 - root - INFO - 运行正常，显示为主窗口
2025-12-25 11:16:09,315 - root - INFO - 当前用户为：管理员
2025-12-25 11:16:09,315 - root - INFO - 当前用户ID为：1
2025-12-25 11:16:09,315 - root - INFO - 运行正常，显示为主窗口
2025-12-25 11:16:24,329 - root - INFO - 当前用户为：管理员
2025-12-25 11:16:24,329 - root - INFO - 当前用户ID为：1
2025-12-25 11:16:24,329 - root - INFO - 运行正常，显示为主窗口
2025-12-25 11:16:39,336 - root - INFO - 当前用户为：管理员
2025-12-25 11:16:39,337 - root - INFO - 当前用户ID为：1
2025-12-25 11:16:39,337 - root - INFO - 运行正常，显示为主窗口
2025-12-25 11:16:54,340 - root - INFO - 当前用户为：管理员
2025-12-25 11:16:54,340 - root - INFO - 当前用户ID为：1
2025-12-25 11:16:54,340 - root - INFO - 运行正常，显示为主窗口
2025-12-25 11:17:09,346 - root - INFO - 当前用户为：管理员
2025-12-25 11:17:09,346 - root - INFO - 当前用户ID为：1
2025-12-25 11:17:09,346 - root - INFO - 运行正常，显示为主窗口
2025-12-25 11:17:24,354 - root - INFO - 当前用户为：管理员
2025-12-25 11:17:24,354 - root - INFO - 当前用户ID为：1
2025-12-25 11:17:24,354 - root - INFO - 运行正常，显示为主窗口
2025-12-25 11:17:39,359 - root - INFO - 当前用户为：管理员
2025-12-25 11:17:39,360 - root - INFO - 当前用户ID为：1
2025-12-25 11:17:39,360 - root - INFO - 运行正常，显示为主窗口
2025-12-25 11:17:54,366 - root - INFO - 当前用户为：管理员
2025-12-25 11:17:54,366 - root - INFO - 当前用户ID为：1
2025-12-25 11:17:54,366 - root - INFO - 运行正常，显示为主窗口
2025-12-25 11:18:09,367 - root - INFO - 当前用户为：管理员
2025-12-25 11:18:09,368 - root - INFO - 当前用户ID为：1
2025-12-25 11:18:09,368 - root - INFO - 运行正常，显示为主窗口
2025-12-25 11:18:24,372 - root - INFO - 当前用户为：管理员
2025-12-25 11:18:24,372 - root - INFO - 当前用户ID为：1
2025-12-25 11:18:24,372 - root - INFO - 运行正常，显示为主窗口
2025-12-25 11:18:39,382 - root - INFO - 当前用户为：管理员
2025-12-25 11:18:39,382 - root - INFO - 当前用户ID为：1
2025-12-25 11:18:39,382 - root - INFO - 运行正常，显示为主窗口
2025-12-25 11:18:54,389 - root - INFO - 当前用户为：管理员
2025-12-25 11:18:54,389 - root - INFO - 当前用户ID为：1
2025-12-25 11:18:54,390 - root - INFO - 运行正常，显示为主窗口
2025-12-25 11:19:09,403 - root - INFO - 当前用户为：管理员
2025-12-25 11:19:09,403 - root - INFO - 当前用户ID为：1
2025-12-25 11:19:09,403 - root - INFO - 运行正常，显示为主窗口
2025-12-25 11:19:24,409 - root - INFO - 当前用户为：管理员
2025-12-25 11:19:24,409 - root - INFO - 当前用户ID为：1
2025-12-25 11:19:24,409 - root - INFO - 运行正常，显示为主窗口
2025-12-25 11:19:39,412 - root - INFO - 当前用户为：管理员
2025-12-25 11:19:39,412 - root - INFO - 当前用户ID为：1
2025-12-25 11:19:39,412 - root - INFO - 运行正常，显示为主窗口
2025-12-25 11:19:54,425 - root - INFO - 当前用户为：管理员
2025-12-25 11:19:54,425 - root - INFO - 当前用户ID为：1
2025-12-25 11:19:54,425 - root - INFO - 运行正常，显示为主窗口
2025-12-25 11:20:09,436 - root - INFO - 当前用户为：管理员
2025-12-25 11:20:09,437 - root - INFO - 当前用户ID为：1
2025-12-25 11:20:09,437 - root - INFO - 运行正常，显示为主窗口
2025-12-25 11:20:24,450 - root - INFO - 当前用户为：管理员
2025-12-25 11:20:24,450 - root - INFO - 当前用户ID为：1
2025-12-25 11:20:24,451 - root - INFO - 运行正常，显示为主窗口
2025-12-25 11:20:39,453 - root - INFO - 当前用户为：管理员
2025-12-25 11:20:39,453 - root - INFO - 当前用户ID为：1
2025-12-25 11:20:39,453 - root - INFO - 运行正常，显示为主窗口
2025-12-25 11:20:54,466 - root - INFO - 当前用户为：管理员
2025-12-25 11:20:54,467 - root - INFO - 当前用户ID为：1
2025-12-25 11:20:54,467 - root - INFO - 运行正常，显示为主窗口
2025-12-25 11:21:09,467 - root - INFO - 当前用户为：管理员
2025-12-25 11:21:09,467 - root - INFO - 当前用户ID为：1
2025-12-25 11:21:09,467 - root - INFO - 运行正常，显示为主窗口
2025-12-25 11:21:24,474 - root - INFO - 当前用户为：管理员
2025-12-25 11:21:24,475 - root - INFO - 当前用户ID为：1
2025-12-25 11:21:24,475 - root - INFO - 运行正常，显示为主窗口
2025-12-25 11:21:39,475 - root - INFO - 当前用户为：管理员
2025-12-25 11:21:39,475 - root - INFO - 当前用户ID为：1
2025-12-25 11:21:39,475 - root - INFO - 运行正常，显示为主窗口
2025-12-25 11:21:54,484 - root - INFO - 当前用户为：管理员
2025-12-25 11:21:54,484 - root - INFO - 当前用户ID为：1
2025-12-25 11:21:54,484 - root - INFO - 运行正常，显示为主窗口
2025-12-25 11:22:09,487 - root - INFO - 当前用户为：管理员
2025-12-25 11:22:09,487 - root - INFO - 当前用户ID为：1
2025-12-25 11:22:09,487 - root - INFO - 运行正常，显示为主窗口
2025-12-25 11:22:24,493 - root - INFO - 当前用户为：管理员
2025-12-25 11:22:24,493 - root - INFO - 当前用户ID为：1
2025-12-25 11:22:24,494 - root - INFO - 运行正常，显示为主窗口
2025-12-25 11:22:39,496 - root - INFO - 当前用户为：管理员
2025-12-25 11:22:39,496 - root - INFO - 当前用户ID为：1
2025-12-25 11:22:39,496 - root - INFO - 运行正常，显示为主窗口
2025-12-25 11:22:54,498 - root - INFO - 当前用户为：管理员
2025-12-25 11:22:54,498 - root - INFO - 当前用户ID为：1
2025-12-25 11:22:54,498 - root - INFO - 运行正常，显示为主窗口
2025-12-25 11:23:09,509 - root - INFO - 当前用户为：管理员
2025-12-25 11:23:09,509 - root - INFO - 当前用户ID为：1
2025-12-25 11:23:09,509 - root - INFO - 运行正常，显示为主窗口
2025-12-25 11:23:24,513 - root - INFO - 当前用户为：管理员
2025-12-25 11:23:24,513 - root - INFO - 当前用户ID为：1
2025-12-25 11:23:24,513 - root - INFO - 运行正常，显示为主窗口
2025-12-25 11:23:39,527 - root - INFO - 当前用户为：管理员
2025-12-25 11:23:39,527 - root - INFO - 当前用户ID为：1
2025-12-25 11:23:39,527 - root - INFO - 运行正常，显示为主窗口
2025-12-25 11:23:54,537 - root - INFO - 当前用户为：管理员
2025-12-25 11:23:54,537 - root - INFO - 当前用户ID为：1
2025-12-25 11:23:54,537 - root - INFO - 运行正常，显示为主窗口
2025-12-25 11:24:09,544 - root - INFO - 当前用户为：管理员
2025-12-25 11:24:09,544 - root - INFO - 当前用户ID为：1
2025-12-25 11:24:09,544 - root - INFO - 运行正常，显示为主窗口
2025-12-25 11:24:24,549 - root - INFO - 当前用户为：管理员
2025-12-25 11:24:24,549 - root - INFO - 当前用户ID为：1
2025-12-25 11:24:24,549 - root - INFO - 运行正常，显示为主窗口
2025-12-25 11:24:39,564 - root - INFO - 当前用户为：管理员
2025-12-25 11:24:39,565 - root - INFO - 当前用户ID为：1
2025-12-25 11:24:39,565 - root - INFO - 运行正常，显示为主窗口
2025-12-25 11:24:54,574 - root - INFO - 当前用户为：管理员
2025-12-25 11:24:54,574 - root - INFO - 当前用户ID为：1
2025-12-25 11:24:54,574 - root - INFO - 运行正常，显示为主窗口
2025-12-25 11:25:09,578 - root - INFO - 当前用户为：管理员
2025-12-25 11:25:09,578 - root - INFO - 当前用户ID为：1
2025-12-25 11:25:09,578 - root - INFO - 运行正常，显示为主窗口
2025-12-25 11:25:24,587 - root - INFO - 当前用户为：管理员
2025-12-25 11:25:24,587 - root - INFO - 当前用户ID为：1
2025-12-25 11:25:24,588 - root - INFO - 运行正常，显示为主窗口
2025-12-25 11:25:39,599 - root - INFO - 当前用户为：管理员
2025-12-25 11:25:39,599 - root - INFO - 当前用户ID为：1
2025-12-25 11:25:39,599 - root - INFO - 运行正常，显示为主窗口
2025-12-25 11:25:54,600 - root - INFO - 当前用户为：管理员
2025-12-25 11:25:54,601 - root - INFO - 当前用户ID为：1
2025-12-25 11:25:54,601 - root - INFO - 运行正常，显示为主窗口
2025-12-25 11:26:09,608 - root - INFO - 当前用户为：管理员
2025-12-25 11:26:09,608 - root - INFO - 当前用户ID为：1
2025-12-25 11:26:09,608 - root - INFO - 运行正常，显示为主窗口
2025-12-25 11:26:24,621 - root - INFO - 当前用户为：管理员
2025-12-25 11:26:24,622 - root - INFO - 当前用户ID为：1
2025-12-25 11:26:24,622 - root - INFO - 运行正常，显示为主窗口
2025-12-25 11:26:39,623 - root - INFO - 当前用户为：管理员
2025-12-25 11:26:39,623 - root - INFO - 当前用户ID为：1
2025-12-25 11:26:39,623 - root - INFO - 运行正常，显示为主窗口
2025-12-25 11:26:54,635 - root - INFO - 当前用户为：管理员
2025-12-25 11:26:54,635 - root - INFO - 当前用户ID为：1
2025-12-25 11:26:54,636 - root - INFO - 运行正常，显示为主窗口
2025-12-25 11:27:09,643 - root - INFO - 当前用户为：管理员
2025-12-25 11:27:09,643 - root - INFO - 当前用户ID为：1
2025-12-25 11:27:09,643 - root - INFO - 运行正常，显示为主窗口
2025-12-25 11:27:24,654 - root - INFO - 当前用户为：管理员
2025-12-25 11:27:24,654 - root - INFO - 当前用户ID为：1
2025-12-25 11:27:24,655 - root - INFO - 运行正常，显示为主窗口
2025-12-25 11:27:39,656 - root - INFO - 当前用户为：管理员
2025-12-25 11:27:39,656 - root - INFO - 当前用户ID为：1
2025-12-25 11:27:39,656 - root - INFO - 运行正常，显示为主窗口
2025-12-25 11:27:54,666 - root - INFO - 当前用户为：管理员
2025-12-25 11:27:54,666 - root - INFO - 当前用户ID为：1
2025-12-25 11:27:54,666 - root - INFO - 运行正常，显示为主窗口
2025-12-25 11:28:09,682 - root - INFO - 当前用户为：管理员
2025-12-25 11:28:09,682 - root - INFO - 当前用户ID为：1
2025-12-25 11:28:09,682 - root - INFO - 运行正常，显示为主窗口
2025-12-25 11:28:24,695 - root - INFO - 当前用户为：管理员
2025-12-25 11:28:24,695 - root - INFO - 当前用户ID为：1
2025-12-25 11:28:24,696 - root - INFO - 运行正常，显示为主窗口
2025-12-25 11:28:39,703 - root - INFO - 当前用户为：管理员
2025-12-25 11:28:39,704 - root - INFO - 当前用户ID为：1
2025-12-25 11:28:39,704 - root - INFO - 运行正常，显示为主窗口
2025-12-25 11:28:54,704 - root - INFO - 当前用户为：管理员
2025-12-25 11:28:54,704 - root - INFO - 当前用户ID为：1
2025-12-25 11:28:54,704 - root - INFO - 运行正常，显示为主窗口
2025-12-25 11:29:09,711 - root - INFO - 当前用户为：管理员
2025-12-25 11:29:09,711 - root - INFO - 当前用户ID为：1
2025-12-25 11:29:09,711 - root - INFO - 运行正常，显示为主窗口
2025-12-25 11:29:24,719 - root - INFO - 当前用户为：管理员
2025-12-25 11:29:24,719 - root - INFO - 当前用户ID为：1
2025-12-25 11:29:24,719 - root - INFO - 运行正常，显示为主窗口
2025-12-25 11:29:39,732 - root - INFO - 当前用户为：管理员
2025-12-25 11:29:39,732 - root - INFO - 当前用户ID为：1
2025-12-25 11:29:39,732 - root - INFO - 运行正常，显示为主窗口
2025-12-25 11:29:54,740 - root - INFO - 当前用户为：管理员
2025-12-25 11:29:54,740 - root - INFO - 当前用户ID为：1
2025-12-25 11:29:54,740 - root - INFO - 运行正常，显示为主窗口
2025-12-25 11:30:09,748 - root - INFO - 当前用户为：管理员
2025-12-25 11:30:09,749 - root - INFO - 当前用户ID为：1
2025-12-25 11:30:09,749 - root - INFO - 运行正常，显示为主窗口
2025-12-25 11:30:24,750 - root - INFO - 当前用户为：管理员
2025-12-25 11:30:24,751 - root - INFO - 当前用户ID为：1
2025-12-25 11:30:24,751 - root - INFO - 运行正常，显示为主窗口
2025-12-25 11:30:39,764 - root - INFO - 当前用户为：管理员
2025-12-25 11:30:39,764 - root - INFO - 当前用户ID为：1
2025-12-25 11:30:39,764 - root - INFO - 运行正常，显示为主窗口
2025-12-25 11:30:54,767 - root - INFO - 当前用户为：管理员
2025-12-25 11:30:54,767 - root - INFO - 当前用户ID为：1
2025-12-25 11:30:54,767 - root - INFO - 运行正常，显示为主窗口
2025-12-25 11:31:09,770 - root - INFO - 当前用户为：管理员
2025-12-25 11:31:09,770 - root - INFO - 当前用户ID为：1
2025-12-25 11:31:09,770 - root - INFO - 运行正常，显示为主窗口
2025-12-25 11:31:24,773 - root - INFO - 当前用户为：管理员
2025-12-25 11:31:24,773 - root - INFO - 当前用户ID为：1
2025-12-25 11:31:24,773 - root - INFO - 运行正常，显示为主窗口
2025-12-25 11:31:39,776 - root - INFO - 当前用户为：管理员
2025-12-25 11:31:39,777 - root - INFO - 当前用户ID为：1
2025-12-25 11:31:39,777 - root - INFO - 运行正常，显示为主窗口
2025-12-25 11:31:54,791 - root - INFO - 当前用户为：管理员
2025-12-25 11:31:54,791 - root - INFO - 当前用户ID为：1
2025-12-25 11:31:54,792 - root - INFO - 运行正常，显示为主窗口
2025-12-25 11:32:09,803 - root - INFO - 当前用户为：管理员
2025-12-25 11:32:09,803 - root - INFO - 当前用户ID为：1
2025-12-25 11:32:09,804 - root - INFO - 运行正常，显示为主窗口
2025-12-25 11:32:24,813 - root - INFO - 当前用户为：管理员
2025-12-25 11:32:24,813 - root - INFO - 当前用户ID为：1
2025-12-25 11:32:24,813 - root - INFO - 运行正常，显示为主窗口
2025-12-25 11:32:39,828 - root - INFO - 当前用户为：管理员
2025-12-25 11:32:39,828 - root - INFO - 当前用户ID为：1
2025-12-25 11:32:39,829 - root - INFO - 运行正常，显示为主窗口
2025-12-25 11:32:54,843 - root - INFO - 当前用户为：管理员
2025-12-25 11:32:54,843 - root - INFO - 当前用户ID为：1
2025-12-25 11:32:54,843 - root - INFO - 运行正常，显示为主窗口
2025-12-25 11:33:09,846 - root - INFO - 当前用户为：管理员
2025-12-25 11:33:09,846 - root - INFO - 当前用户ID为：1
2025-12-25 11:33:09,846 - root - INFO - 运行正常，显示为主窗口
2025-12-25 11:33:24,852 - root - INFO - 当前用户为：管理员
2025-12-25 11:33:24,852 - root - INFO - 当前用户ID为：1
2025-12-25 11:33:24,852 - root - INFO - 运行正常，显示为主窗口
2025-12-25 11:33:39,854 - root - INFO - 当前用户为：管理员
2025-12-25 11:33:39,854 - root - INFO - 当前用户ID为：1
2025-12-25 11:33:39,854 - root - INFO - 运行正常，显示为主窗口
2025-12-25 11:33:54,867 - root - INFO - 当前用户为：管理员
2025-12-25 11:33:54,867 - root - INFO - 当前用户ID为：1
2025-12-25 11:33:54,868 - root - INFO - 运行正常，显示为主窗口
2025-12-25 11:34:09,873 - root - INFO - 当前用户为：管理员
2025-12-25 11:34:09,873 - root - INFO - 当前用户ID为：1
2025-12-25 11:34:09,873 - root - INFO - 运行正常，显示为主窗口
2025-12-25 11:34:24,874 - root - INFO - 当前用户为：管理员
2025-12-25 11:34:24,874 - root - INFO - 当前用户ID为：1
2025-12-25 11:34:24,874 - root - INFO - 运行正常，显示为主窗口
2025-12-25 11:34:39,879 - root - INFO - 当前用户为：管理员
2025-12-25 11:34:39,879 - root - INFO - 当前用户ID为：1
2025-12-25 11:34:39,879 - root - INFO - 运行正常，显示为主窗口
2025-12-25 11:34:54,884 - root - INFO - 当前用户为：管理员
2025-12-25 11:34:54,885 - root - INFO - 当前用户ID为：1
2025-12-25 11:34:54,885 - root - INFO - 运行正常，显示为主窗口
2025-12-25 11:35:09,899 - root - INFO - 当前用户为：管理员
2025-12-25 11:35:09,899 - root - INFO - 当前用户ID为：1
2025-12-25 11:35:09,899 - root - INFO - 运行正常，显示为主窗口
2025-12-25 11:35:24,913 - root - INFO - 当前用户为：管理员
2025-12-25 11:35:24,913 - root - INFO - 当前用户ID为：1
2025-12-25 11:35:24,913 - root - INFO - 运行正常，显示为主窗口
2025-12-25 11:35:39,914 - root - INFO - 当前用户为：管理员
2025-12-25 11:35:39,915 - root - INFO - 当前用户ID为：1
2025-12-25 11:35:39,915 - root - INFO - 运行正常，显示为主窗口
2025-12-25 11:35:54,927 - root - INFO - 当前用户为：管理员
2025-12-25 11:35:54,927 - root - INFO - 当前用户ID为：1
2025-12-25 11:35:54,927 - root - INFO - 运行正常，显示为主窗口
2025-12-25 11:36:09,941 - root - INFO - 当前用户为：管理员
2025-12-25 11:36:09,941 - root - INFO - 当前用户ID为：1
2025-12-25 11:36:09,941 - root - INFO - 运行正常，显示为主窗口
2025-12-25 11:36:24,951 - root - INFO - 当前用户为：管理员
2025-12-25 11:36:24,951 - root - INFO - 当前用户ID为：1
2025-12-25 11:36:24,951 - root - INFO - 运行正常，显示为主窗口
2025-12-25 11:36:39,965 - root - INFO - 当前用户为：管理员
2025-12-25 11:36:39,966 - root - INFO - 当前用户ID为：1
2025-12-25 11:36:39,966 - root - INFO - 运行正常，显示为主窗口
2025-12-25 11:36:54,968 - root - INFO - 当前用户为：管理员
2025-12-25 11:36:54,969 - root - INFO - 当前用户ID为：1
2025-12-25 11:36:54,969 - root - INFO - 运行正常，显示为主窗口
2025-12-25 11:37:09,979 - root - INFO - 当前用户为：管理员
2025-12-25 11:37:09,979 - root - INFO - 当前用户ID为：1
2025-12-25 11:37:09,979 - root - INFO - 运行正常，显示为主窗口
2025-12-25 11:37:24,991 - root - INFO - 当前用户为：管理员
2025-12-25 11:37:24,991 - root - INFO - 当前用户ID为：1
2025-12-25 11:37:24,991 - root - INFO - 运行正常，显示为主窗口
2025-12-25 11:37:40,007 - root - INFO - 当前用户为：管理员
2025-12-25 11:37:40,007 - root - INFO - 当前用户ID为：1
2025-12-25 11:37:40,008 - root - INFO - 运行正常，显示为主窗口
2025-12-25 11:37:55,010 - root - INFO - 当前用户为：管理员
2025-12-25 11:37:55,011 - root - INFO - 当前用户ID为：1
2025-12-25 11:37:55,011 - root - INFO - 运行正常，显示为主窗口
2025-12-25 11:38:10,018 - root - INFO - 当前用户为：管理员
2025-12-25 11:38:10,018 - root - INFO - 当前用户ID为：1
2025-12-25 11:38:10,018 - root - INFO - 运行正常，显示为主窗口
2025-12-25 11:38:25,022 - root - INFO - 当前用户为：管理员
2025-12-25 11:38:25,022 - root - INFO - 当前用户ID为：1
2025-12-25 11:38:25,023 - root - INFO - 运行正常，显示为主窗口
2025-12-25 11:38:40,031 - root - INFO - 当前用户为：管理员
2025-12-25 11:38:40,031 - root - INFO - 当前用户ID为：1
2025-12-25 11:38:40,031 - root - INFO - 运行正常，显示为主窗口
2025-12-25 11:38:55,043 - root - INFO - 当前用户为：管理员
2025-12-25 11:38:55,043 - root - INFO - 当前用户ID为：1
2025-12-25 11:38:55,043 - root - INFO - 运行正常，显示为主窗口
2025-12-25 11:39:10,044 - root - INFO - 当前用户为：管理员
2025-12-25 11:39:10,044 - root - INFO - 当前用户ID为：1
2025-12-25 11:39:10,044 - root - INFO - 运行正常，显示为主窗口
2025-12-25 11:39:25,055 - root - INFO - 当前用户为：管理员
2025-12-25 11:39:25,055 - root - INFO - 当前用户ID为：1
2025-12-25 11:39:25,055 - root - INFO - 运行正常，显示为主窗口
2025-12-25 11:39:40,062 - root - INFO - 当前用户为：管理员
2025-12-25 11:39:40,062 - root - INFO - 当前用户ID为：1
2025-12-25 11:39:40,062 - root - INFO - 运行正常，显示为主窗口
2025-12-25 11:39:55,071 - root - INFO - 当前用户为：管理员
2025-12-25 11:39:55,071 - root - INFO - 当前用户ID为：1
2025-12-25 11:39:55,071 - root - INFO - 运行正常，显示为主窗口
2025-12-25 11:40:10,084 - root - INFO - 当前用户为：管理员
2025-12-25 11:40:10,084 - root - INFO - 当前用户ID为：1
2025-12-25 11:40:10,084 - root - INFO - 运行正常，显示为主窗口
2025-12-25 11:40:25,097 - root - INFO - 当前用户为：管理员
2025-12-25 11:40:25,097 - root - INFO - 当前用户ID为：1
2025-12-25 11:40:25,097 - root - INFO - 运行正常，显示为主窗口
2025-12-25 11:40:40,106 - root - INFO - 当前用户为：管理员
2025-12-25 11:40:40,106 - root - INFO - 当前用户ID为：1
2025-12-25 11:40:40,106 - root - INFO - 运行正常，显示为主窗口
2025-12-25 11:40:55,113 - root - INFO - 当前用户为：管理员
2025-12-25 11:40:55,114 - root - INFO - 当前用户ID为：1
2025-12-25 11:40:55,114 - root - INFO - 运行正常，显示为主窗口
2025-12-25 11:41:10,121 - root - INFO - 当前用户为：管理员
2025-12-25 11:41:10,121 - root - INFO - 当前用户ID为：1
2025-12-25 11:41:10,121 - root - INFO - 运行正常，显示为主窗口
2025-12-25 11:41:25,124 - root - INFO - 当前用户为：管理员
2025-12-25 11:41:25,124 - root - INFO - 当前用户ID为：1
2025-12-25 11:41:25,125 - root - INFO - 运行正常，显示为主窗口
2025-12-25 11:41:40,130 - root - INFO - 当前用户为：管理员
2025-12-25 11:41:40,130 - root - INFO - 当前用户ID为：1
2025-12-25 11:41:40,131 - root - INFO - 运行正常，显示为主窗口
2025-12-25 11:41:55,137 - root - INFO - 当前用户为：管理员
2025-12-25 11:41:55,137 - root - INFO - 当前用户ID为：1
2025-12-25 11:41:55,137 - root - INFO - 运行正常，显示为主窗口
2025-12-25 11:42:10,152 - root - INFO - 当前用户为：管理员
2025-12-25 11:42:10,152 - root - INFO - 当前用户ID为：1
2025-12-25 11:42:10,152 - root - INFO - 运行正常，显示为主窗口
2025-12-25 11:42:25,159 - root - INFO - 当前用户为：管理员
2025-12-25 11:42:25,159 - root - INFO - 当前用户ID为：1
2025-12-25 11:42:25,159 - root - INFO - 运行正常，显示为主窗口
2025-12-25 11:42:40,172 - root - INFO - 当前用户为：管理员
2025-12-25 11:42:40,172 - root - INFO - 当前用户ID为：1
2025-12-25 11:42:40,172 - root - INFO - 运行正常，显示为主窗口
2025-12-25 11:42:55,174 - root - INFO - 当前用户为：管理员
2025-12-25 11:42:55,174 - root - INFO - 当前用户ID为：1
2025-12-25 11:42:55,174 - root - INFO - 运行正常，显示为主窗口
2025-12-25 11:43:10,188 - root - INFO - 当前用户为：管理员
2025-12-25 11:43:10,188 - root - INFO - 当前用户ID为：1
2025-12-25 11:43:10,188 - root - INFO - 运行正常，显示为主窗口
2025-12-25 11:43:25,190 - root - INFO - 当前用户为：管理员
2025-12-25 11:43:25,190 - root - INFO - 当前用户ID为：1
2025-12-25 11:43:25,190 - root - INFO - 运行正常，显示为主窗口
2025-12-25 11:43:40,191 - root - INFO - 当前用户为：管理员
2025-12-25 11:43:40,191 - root - INFO - 当前用户ID为：1
2025-12-25 11:43:40,191 - root - INFO - 运行正常，显示为主窗口
2025-12-25 11:43:55,194 - root - INFO - 当前用户为：管理员
2025-12-25 11:43:55,194 - root - INFO - 当前用户ID为：1
2025-12-25 11:43:55,194 - root - INFO - 运行正常，显示为主窗口
2025-12-25 11:44:10,199 - root - INFO - 当前用户为：管理员
2025-12-25 11:44:10,199 - root - INFO - 当前用户ID为：1
2025-12-25 11:44:10,199 - root - INFO - 运行正常，显示为主窗口
2025-12-25 11:44:25,211 - root - INFO - 当前用户为：管理员
2025-12-25 11:44:25,211 - root - INFO - 当前用户ID为：1
2025-12-25 11:44:25,211 - root - INFO - 运行正常，显示为主窗口
2025-12-25 11:44:40,227 - root - INFO - 当前用户为：管理员
2025-12-25 11:44:40,227 - root - INFO - 当前用户ID为：1
2025-12-25 11:44:40,227 - root - INFO - 运行正常，显示为主窗口
2025-12-25 11:44:55,235 - root - INFO - 当前用户为：管理员
2025-12-25 11:44:55,235 - root - INFO - 当前用户ID为：1
2025-12-25 11:44:55,235 - root - INFO - 运行正常，显示为主窗口
2025-12-25 11:45:10,244 - root - INFO - 当前用户为：管理员
2025-12-25 11:45:10,244 - root - INFO - 当前用户ID为：1
2025-12-25 11:45:10,244 - root - INFO - 运行正常，显示为主窗口
2025-12-25 11:45:25,250 - root - INFO - 当前用户为：管理员
2025-12-25 11:45:25,250 - root - INFO - 当前用户ID为：1
2025-12-25 11:45:25,250 - root - INFO - 运行正常，显示为主窗口
2025-12-25 11:45:40,264 - root - INFO - 当前用户为：管理员
2025-12-25 11:45:40,264 - root - INFO - 当前用户ID为：1
2025-12-25 11:45:40,265 - root - INFO - 运行正常，显示为主窗口
2025-12-25 11:45:55,266 - root - INFO - 当前用户为：管理员
2025-12-25 11:45:55,266 - root - INFO - 当前用户ID为：1
2025-12-25 11:45:55,266 - root - INFO - 运行正常，显示为主窗口
2025-12-25 11:46:10,280 - root - INFO - 当前用户为：管理员
2025-12-25 11:46:10,280 - root - INFO - 当前用户ID为：1
2025-12-25 11:46:10,280 - root - INFO - 运行正常，显示为主窗口
2025-12-25 11:46:25,287 - root - INFO - 当前用户为：管理员
2025-12-25 11:46:25,287 - root - INFO - 当前用户ID为：1
2025-12-25 11:46:25,287 - root - INFO - 运行正常，显示为主窗口
2025-12-25 11:46:40,295 - root - INFO - 当前用户为：管理员
2025-12-25 11:46:40,295 - root - INFO - 当前用户ID为：1
2025-12-25 11:46:40,295 - root - INFO - 运行正常，显示为主窗口
2025-12-25 11:46:55,296 - root - INFO - 当前用户为：管理员
2025-12-25 11:46:55,297 - root - INFO - 当前用户ID为：1
2025-12-25 11:46:55,297 - root - INFO - 运行正常，显示为主窗口
2025-12-25 11:47:10,302 - root - INFO - 当前用户为：管理员
2025-12-25 11:47:10,302 - root - INFO - 当前用户ID为：1
2025-12-25 11:47:10,302 - root - INFO - 运行正常，显示为主窗口
2025-12-25 11:47:25,315 - root - INFO - 当前用户为：管理员
2025-12-25 11:47:25,315 - root - INFO - 当前用户ID为：1
2025-12-25 11:47:25,315 - root - INFO - 运行正常，显示为主窗口
2025-12-25 11:47:40,323 - root - INFO - 当前用户为：管理员
2025-12-25 11:47:40,323 - root - INFO - 当前用户ID为：1
2025-12-25 11:47:40,323 - root - INFO - 运行正常，显示为主窗口
2025-12-25 11:47:55,331 - root - INFO - 当前用户为：管理员
2025-12-25 11:47:55,331 - root - INFO - 当前用户ID为：1
2025-12-25 11:47:55,331 - root - INFO - 运行正常，显示为主窗口
2025-12-25 11:48:10,343 - root - INFO - 当前用户为：管理员
2025-12-25 11:48:10,343 - root - INFO - 当前用户ID为：1
2025-12-25 11:48:10,343 - root - INFO - 运行正常，显示为主窗口
2025-12-25 11:48:25,356 - root - INFO - 当前用户为：管理员
2025-12-25 11:48:25,356 - root - INFO - 当前用户ID为：1
2025-12-25 11:48:25,356 - root - INFO - 运行正常，显示为主窗口
2025-12-25 11:48:40,366 - root - INFO - 当前用户为：管理员
2025-12-25 11:48:40,366 - root - INFO - 当前用户ID为：1
2025-12-25 11:48:40,367 - root - INFO - 运行正常，显示为主窗口
2025-12-25 11:48:55,380 - root - INFO - 当前用户为：管理员
2025-12-25 11:48:55,380 - root - INFO - 当前用户ID为：1
2025-12-25 11:48:55,380 - root - INFO - 运行正常，显示为主窗口
2025-12-25 11:49:10,384 - root - INFO - 当前用户为：管理员
2025-12-25 11:49:10,385 - root - INFO - 当前用户ID为：1
2025-12-25 11:49:10,385 - root - INFO - 运行正常，显示为主窗口
2025-12-25 11:49:25,401 - root - INFO - 当前用户为：管理员
2025-12-25 11:49:25,401 - root - INFO - 当前用户ID为：1
2025-12-25 11:49:25,401 - root - INFO - 运行正常，显示为主窗口
2025-12-25 11:49:40,402 - root - INFO - 当前用户为：管理员
2025-12-25 11:49:40,403 - root - INFO - 当前用户ID为：1
2025-12-25 11:49:40,403 - root - INFO - 运行正常，显示为主窗口
2025-12-25 11:49:55,409 - root - INFO - 当前用户为：管理员
2025-12-25 11:49:55,409 - root - INFO - 当前用户ID为：1
2025-12-25 11:49:55,410 - root - INFO - 运行正常，显示为主窗口
2025-12-25 11:50:10,414 - root - INFO - 当前用户为：管理员
2025-12-25 11:50:10,414 - root - INFO - 当前用户ID为：1
2025-12-25 11:50:10,414 - root - INFO - 运行正常，显示为主窗口
2025-12-25 11:50:25,419 - root - INFO - 当前用户为：管理员
2025-12-25 11:50:25,419 - root - INFO - 当前用户ID为：1
2025-12-25 11:50:25,420 - root - INFO - 运行正常，显示为主窗口
2025-12-25 11:50:40,428 - root - INFO - 当前用户为：管理员
2025-12-25 11:50:40,428 - root - INFO - 当前用户ID为：1
2025-12-25 11:50:40,428 - root - INFO - 运行正常，显示为主窗口
2025-12-25 11:50:55,441 - root - INFO - 当前用户为：管理员
2025-12-25 11:50:55,441 - root - INFO - 当前用户ID为：1
2025-12-25 11:50:55,441 - root - INFO - 运行正常，显示为主窗口
2025-12-25 11:51:10,451 - root - INFO - 当前用户为：管理员
2025-12-25 11:51:10,451 - root - INFO - 当前用户ID为：1
2025-12-25 11:51:10,451 - root - INFO - 运行正常，显示为主窗口
2025-12-25 11:51:25,452 - root - INFO - 当前用户为：管理员
2025-12-25 11:51:25,453 - root - INFO - 当前用户ID为：1
2025-12-25 11:51:25,453 - root - INFO - 运行正常，显示为主窗口
2025-12-25 11:51:40,455 - root - INFO - 当前用户为：管理员
2025-12-25 11:51:40,456 - root - INFO - 当前用户ID为：1
2025-12-25 11:51:40,456 - root - INFO - 运行正常，显示为主窗口
2025-12-25 11:51:55,465 - root - INFO - 当前用户为：管理员
2025-12-25 11:51:55,466 - root - INFO - 当前用户ID为：1
2025-12-25 11:51:55,466 - root - INFO - 运行正常，显示为主窗口
2025-12-25 11:52:10,473 - root - INFO - 当前用户为：管理员
2025-12-25 11:52:10,473 - root - INFO - 当前用户ID为：1
2025-12-25 11:52:10,474 - root - INFO - 运行正常，显示为主窗口
2025-12-25 11:52:25,487 - root - INFO - 当前用户为：管理员
2025-12-25 11:52:25,487 - root - INFO - 当前用户ID为：1
2025-12-25 11:52:25,487 - root - INFO - 运行正常，显示为主窗口
2025-12-25 11:52:40,493 - root - INFO - 当前用户为：管理员
2025-12-25 11:52:40,493 - root - INFO - 当前用户ID为：1
2025-12-25 11:52:40,493 - root - INFO - 运行正常，显示为主窗口
2025-12-25 11:52:55,496 - root - INFO - 当前用户为：管理员
2025-12-25 11:52:55,496 - root - INFO - 当前用户ID为：1
2025-12-25 11:52:55,497 - root - INFO - 运行正常，显示为主窗口
2025-12-25 11:53:10,507 - root - INFO - 当前用户为：管理员
2025-12-25 11:53:10,507 - root - INFO - 当前用户ID为：1
2025-12-25 11:53:10,507 - root - INFO - 运行正常，显示为主窗口
2025-12-25 11:53:25,512 - root - INFO - 当前用户为：管理员
2025-12-25 11:53:25,512 - root - INFO - 当前用户ID为：1
2025-12-25 11:53:25,512 - root - INFO - 运行正常，显示为主窗口
2025-12-25 11:53:40,517 - root - INFO - 当前用户为：管理员
2025-12-25 11:53:40,517 - root - INFO - 当前用户ID为：1
2025-12-25 11:53:40,517 - root - INFO - 运行正常，显示为主窗口
2025-12-25 11:53:55,525 - root - INFO - 当前用户为：管理员
2025-12-25 11:53:55,525 - root - INFO - 当前用户ID为：1
2025-12-25 11:53:55,525 - root - INFO - 运行正常，显示为主窗口
2025-12-25 11:54:10,533 - root - INFO - 当前用户为：管理员
2025-12-25 11:54:10,533 - root - INFO - 当前用户ID为：1
2025-12-25 11:54:10,533 - root - INFO - 运行正常，显示为主窗口
2025-12-25 11:54:25,538 - root - INFO - 当前用户为：管理员
2025-12-25 11:54:25,538 - root - INFO - 当前用户ID为：1
2025-12-25 11:54:25,538 - root - INFO - 运行正常，显示为主窗口
2025-12-25 11:54:40,552 - root - INFO - 当前用户为：管理员
2025-12-25 11:54:40,552 - root - INFO - 当前用户ID为：1
2025-12-25 11:54:40,552 - root - INFO - 运行正常，显示为主窗口
2025-12-25 11:54:55,564 - root - INFO - 当前用户为：管理员
2025-12-25 11:54:55,565 - root - INFO - 当前用户ID为：1
2025-12-25 11:54:55,565 - root - INFO - 运行正常，显示为主窗口
2025-12-25 11:55:10,568 - root - INFO - 当前用户为：管理员
2025-12-25 11:55:10,568 - root - INFO - 当前用户ID为：1
2025-12-25 11:55:10,568 - root - INFO - 运行正常，显示为主窗口
2025-12-25 11:55:25,578 - root - INFO - 当前用户为：管理员
2025-12-25 11:55:25,578 - root - INFO - 当前用户ID为：1
2025-12-25 11:55:25,578 - root - INFO - 运行正常，显示为主窗口
2025-12-25 11:55:40,579 - root - INFO - 当前用户为：管理员
2025-12-25 11:55:40,579 - root - INFO - 当前用户ID为：1
2025-12-25 11:55:40,579 - root - INFO - 运行正常，显示为主窗口
2025-12-25 11:55:55,586 - root - INFO - 当前用户为：管理员
2025-12-25 11:55:55,586 - root - INFO - 当前用户ID为：1
2025-12-25 11:55:55,587 - root - INFO - 运行正常，显示为主窗口
2025-12-25 11:56:10,600 - root - INFO - 当前用户为：管理员
2025-12-25 11:56:10,600 - root - INFO - 当前用户ID为：1
2025-12-25 11:56:10,600 - root - INFO - 运行正常，显示为主窗口
2025-12-25 11:56:25,606 - root - INFO - 当前用户为：管理员
2025-12-25 11:56:25,606 - root - INFO - 当前用户ID为：1
2025-12-25 11:56:25,606 - root - INFO - 运行正常，显示为主窗口
2025-12-25 11:56:40,612 - root - INFO - 当前用户为：管理员
2025-12-25 11:56:40,612 - root - INFO - 当前用户ID为：1
2025-12-25 11:56:40,612 - root - INFO - 运行正常，显示为主窗口
2025-12-25 11:56:55,613 - root - INFO - 当前用户为：管理员
2025-12-25 11:56:55,613 - root - INFO - 当前用户ID为：1
2025-12-25 11:56:55,613 - root - INFO - 运行正常，显示为主窗口
2025-12-25 11:57:10,627 - root - INFO - 当前用户为：管理员
2025-12-25 11:57:10,627 - root - INFO - 当前用户ID为：1
2025-12-25 11:57:10,627 - root - INFO - 运行正常，显示为主窗口
2025-12-25 11:57:25,638 - root - INFO - 当前用户为：管理员
2025-12-25 11:57:25,638 - root - INFO - 当前用户ID为：1
2025-12-25 11:57:25,638 - root - INFO - 运行正常，显示为主窗口
2025-12-25 11:57:40,652 - root - INFO - 当前用户为：管理员
2025-12-25 11:57:40,653 - root - INFO - 当前用户ID为：1
2025-12-25 11:57:40,653 - root - INFO - 运行正常，显示为主窗口
2025-12-25 11:57:55,653 - root - INFO - 当前用户为：管理员
2025-12-25 11:57:55,653 - root - INFO - 当前用户ID为：1
2025-12-25 11:57:55,654 - root - INFO - 运行正常，显示为主窗口
2025-12-25 11:58:10,657 - root - INFO - 当前用户为：管理员
2025-12-25 11:58:10,657 - root - INFO - 当前用户ID为：1
2025-12-25 11:58:10,657 - root - INFO - 运行正常，显示为主窗口
2025-12-25 11:58:25,663 - root - INFO - 当前用户为：管理员
2025-12-25 11:58:25,663 - root - INFO - 当前用户ID为：1
2025-12-25 11:58:25,663 - root - INFO - 运行正常，显示为主窗口
2025-12-25 11:58:40,679 - root - INFO - 当前用户为：管理员
2025-12-25 11:58:40,679 - root - INFO - 当前用户ID为：1
2025-12-25 11:58:40,679 - root - INFO - 运行正常，显示为主窗口
2025-12-25 11:58:55,686 - root - INFO - 当前用户为：管理员
2025-12-25 11:58:55,687 - root - INFO - 当前用户ID为：1
2025-12-25 11:58:55,687 - root - INFO - 运行正常，显示为主窗口
2025-12-25 11:59:10,696 - root - INFO - 当前用户为：管理员
2025-12-25 11:59:10,696 - root - INFO - 当前用户ID为：1
2025-12-25 11:59:10,696 - root - INFO - 运行正常，显示为主窗口
2025-12-25 11:59:25,708 - root - INFO - 当前用户为：管理员
2025-12-25 11:59:25,709 - root - INFO - 当前用户ID为：1
2025-12-25 11:59:25,709 - root - INFO - 运行正常，显示为主窗口
2025-12-25 11:59:40,714 - root - INFO - 当前用户为：管理员
2025-12-25 11:59:40,714 - root - INFO - 当前用户ID为：1
2025-12-25 11:59:40,714 - root - INFO - 运行正常，显示为主窗口
2025-12-25 11:59:55,720 - root - INFO - 当前用户为：管理员
2025-12-25 11:59:55,720 - root - INFO - 当前用户ID为：1
2025-12-25 11:59:55,720 - root - INFO - 运行正常，显示为主窗口
2025-12-25 12:00:10,721 - root - INFO - 当前用户为：管理员
2025-12-25 12:00:10,721 - root - INFO - 当前用户ID为：1
2025-12-25 12:00:10,722 - root - INFO - 运行正常，显示为主窗口
2025-12-25 12:00:25,727 - root - INFO - 当前用户为：管理员
2025-12-25 12:00:25,727 - root - INFO - 当前用户ID为：1
2025-12-25 12:00:25,727 - root - INFO - 运行正常，显示为主窗口
2025-12-25 12:00:40,734 - root - INFO - 当前用户为：管理员
2025-12-25 12:00:40,734 - root - INFO - 当前用户ID为：1
2025-12-25 12:00:40,734 - root - INFO - 运行正常，显示为主窗口
2025-12-25 12:00:55,740 - root - INFO - 当前用户为：管理员
2025-12-25 12:00:55,741 - root - INFO - 当前用户ID为：1
2025-12-25 12:00:55,741 - root - INFO - 运行正常，显示为主窗口
2025-12-25 12:01:10,746 - root - INFO - 当前用户为：管理员
2025-12-25 12:01:10,746 - root - INFO - 当前用户ID为：1
2025-12-25 12:01:10,746 - root - INFO - 运行正常，显示为主窗口
2025-12-25 12:01:25,762 - root - INFO - 当前用户为：管理员
2025-12-25 12:01:25,762 - root - INFO - 当前用户ID为：1
2025-12-25 12:01:25,762 - root - INFO - 运行正常，显示为主窗口
2025-12-25 12:01:40,767 - root - INFO - 当前用户为：管理员
2025-12-25 12:01:40,767 - root - INFO - 当前用户ID为：1
2025-12-25 12:01:40,768 - root - INFO - 运行正常，显示为主窗口
2025-12-25 12:01:55,770 - root - INFO - 当前用户为：管理员
2025-12-25 12:01:55,770 - root - INFO - 当前用户ID为：1
2025-12-25 12:01:55,770 - root - INFO - 运行正常，显示为主窗口
2025-12-25 12:02:10,785 - root - INFO - 当前用户为：管理员
2025-12-25 12:02:10,785 - root - INFO - 当前用户ID为：1
2025-12-25 12:02:10,785 - root - INFO - 运行正常，显示为主窗口
2025-12-25 12:02:25,795 - root - INFO - 当前用户为：管理员
2025-12-25 12:02:25,795 - root - INFO - 当前用户ID为：1
2025-12-25 12:02:25,795 - root - INFO - 运行正常，显示为主窗口
2025-12-25 12:02:40,800 - root - INFO - 当前用户为：管理员
2025-12-25 12:02:40,800 - root - INFO - 当前用户ID为：1
2025-12-25 12:02:40,801 - root - INFO - 运行正常，显示为主窗口
2025-12-25 12:02:55,803 - root - INFO - 当前用户为：管理员
2025-12-25 12:02:55,803 - root - INFO - 当前用户ID为：1
2025-12-25 12:02:55,803 - root - INFO - 运行正常，显示为主窗口
2025-12-25 12:03:10,810 - root - INFO - 当前用户为：管理员
2025-12-25 12:03:10,810 - root - INFO - 当前用户ID为：1
2025-12-25 12:03:10,811 - root - INFO - 运行正常，显示为主窗口
2025-12-25 12:03:25,815 - root - INFO - 当前用户为：管理员
2025-12-25 12:03:25,815 - root - INFO - 当前用户ID为：1
2025-12-25 12:03:25,815 - root - INFO - 运行正常，显示为主窗口
2025-12-25 12:03:40,826 - root - INFO - 当前用户为：管理员
2025-12-25 12:03:40,826 - root - INFO - 当前用户ID为：1
2025-12-25 12:03:40,826 - root - INFO - 运行正常，显示为主窗口
2025-12-25 12:03:55,830 - root - INFO - 当前用户为：管理员
2025-12-25 12:03:55,830 - root - INFO - 当前用户ID为：1
2025-12-25 12:03:55,830 - root - INFO - 运行正常，显示为主窗口
2025-12-25 12:04:10,833 - root - INFO - 当前用户为：管理员
2025-12-25 12:04:10,833 - root - INFO - 当前用户ID为：1
2025-12-25 12:04:10,833 - root - INFO - 运行正常，显示为主窗口
2025-12-25 12:04:25,845 - root - INFO - 当前用户为：管理员
2025-12-25 12:04:25,845 - root - INFO - 当前用户ID为：1
2025-12-25 12:04:25,845 - root - INFO - 运行正常，显示为主窗口
2025-12-25 12:04:40,849 - root - INFO - 当前用户为：管理员
2025-12-25 12:04:40,849 - root - INFO - 当前用户ID为：1
2025-12-25 12:04:40,850 - root - INFO - 运行正常，显示为主窗口
2025-12-25 12:04:55,863 - root - INFO - 当前用户为：管理员
2025-12-25 12:04:55,864 - root - INFO - 当前用户ID为：1
2025-12-25 12:04:55,864 - root - INFO - 运行正常，显示为主窗口
2025-12-25 12:05:10,875 - root - INFO - 当前用户为：管理员
2025-12-25 12:05:10,876 - root - INFO - 当前用户ID为：1
2025-12-25 12:05:10,876 - root - INFO - 运行正常，显示为主窗口
2025-12-25 12:05:25,882 - root - INFO - 当前用户为：管理员
2025-12-25 12:05:25,883 - root - INFO - 当前用户ID为：1
2025-12-25 12:05:25,883 - root - INFO - 运行正常，显示为主窗口
2025-12-25 12:05:40,894 - root - INFO - 当前用户为：管理员
2025-12-25 12:05:40,894 - root - INFO - 当前用户ID为：1
2025-12-25 12:05:40,894 - root - INFO - 运行正常，显示为主窗口
2025-12-25 12:05:55,898 - root - INFO - 当前用户为：管理员
2025-12-25 12:05:55,899 - root - INFO - 当前用户ID为：1
2025-12-25 12:05:55,899 - root - INFO - 运行正常，显示为主窗口
2025-12-25 12:06:10,900 - root - INFO - 当前用户为：管理员
2025-12-25 12:06:10,900 - root - INFO - 当前用户ID为：1
2025-12-25 12:06:10,900 - root - INFO - 运行正常，显示为主窗口
2025-12-25 12:06:25,909 - root - INFO - 当前用户为：管理员
2025-12-25 12:06:25,909 - root - INFO - 当前用户ID为：1
2025-12-25 12:06:25,909 - root - INFO - 运行正常，显示为主窗口
2025-12-25 12:06:40,913 - root - INFO - 当前用户为：管理员
2025-12-25 12:06:40,913 - root - INFO - 当前用户ID为：1
2025-12-25 12:06:40,913 - root - INFO - 运行正常，显示为主窗口
2025-12-25 12:06:55,927 - root - INFO - 当前用户为：管理员
2025-12-25 12:06:55,927 - root - INFO - 当前用户ID为：1
2025-12-25 12:06:55,927 - root - INFO - 运行正常，显示为主窗口
2025-12-25 12:07:10,936 - root - INFO - 当前用户为：管理员
2025-12-25 12:07:10,936 - root - INFO - 当前用户ID为：1
2025-12-25 12:07:10,936 - root - INFO - 运行正常，显示为主窗口
2025-12-25 12:07:25,942 - root - INFO - 当前用户为：管理员
2025-12-25 12:07:25,942 - root - INFO - 当前用户ID为：1
2025-12-25 12:07:25,942 - root - INFO - 运行正常，显示为主窗口
2025-12-25 12:07:40,944 - root - INFO - 当前用户为：管理员
2025-12-25 12:07:40,944 - root - INFO - 当前用户ID为：1
2025-12-25 12:07:40,945 - root - INFO - 运行正常，显示为主窗口
2025-12-25 12:07:55,950 - root - INFO - 当前用户为：管理员
2025-12-25 12:07:55,950 - root - INFO - 当前用户ID为：1
2025-12-25 12:07:55,950 - root - INFO - 运行正常，显示为主窗口
2025-12-25 12:08:10,965 - root - INFO - 当前用户为：管理员
2025-12-25 12:08:10,965 - root - INFO - 当前用户ID为：1
2025-12-25 12:08:10,965 - root - INFO - 运行正常，显示为主窗口
2025-12-25 12:08:25,975 - root - INFO - 当前用户为：管理员
2025-12-25 12:08:25,976 - root - INFO - 当前用户ID为：1
2025-12-25 12:08:25,976 - root - INFO - 运行正常，显示为主窗口
2025-12-25 12:08:40,990 - root - INFO - 当前用户为：管理员
2025-12-25 12:08:40,990 - root - INFO - 当前用户ID为：1
2025-12-25 12:08:40,990 - root - INFO - 运行正常，显示为主窗口
2025-12-25 12:08:56,003 - root - INFO - 当前用户为：管理员
2025-12-25 12:08:56,003 - root - INFO - 当前用户ID为：1
2025-12-25 12:08:56,004 - root - INFO - 运行正常，显示为主窗口
2025-12-25 12:09:11,019 - root - INFO - 当前用户为：管理员
2025-12-25 12:09:11,020 - root - INFO - 当前用户ID为：1
2025-12-25 12:09:11,020 - root - INFO - 运行正常，显示为主窗口
2025-12-25 12:09:26,021 - root - INFO - 当前用户为：管理员
2025-12-25 12:09:26,021 - root - INFO - 当前用户ID为：1
2025-12-25 12:09:26,021 - root - INFO - 运行正常，显示为主窗口
2025-12-25 12:09:41,033 - root - INFO - 当前用户为：管理员
2025-12-25 12:09:41,033 - root - INFO - 当前用户ID为：1
2025-12-25 12:09:41,033 - root - INFO - 运行正常，显示为主窗口
2025-12-25 12:09:56,040 - root - INFO - 当前用户为：管理员
2025-12-25 12:09:56,040 - root - INFO - 当前用户ID为：1
2025-12-25 12:09:56,040 - root - INFO - 运行正常，显示为主窗口
2025-12-25 12:10:11,048 - root - INFO - 当前用户为：管理员
2025-12-25 12:10:11,049 - root - INFO - 当前用户ID为：1
2025-12-25 12:10:11,049 - root - INFO - 运行正常，显示为主窗口
2025-12-25 12:10:26,056 - root - INFO - 当前用户为：管理员
2025-12-25 12:10:26,056 - root - INFO - 当前用户ID为：1
2025-12-25 12:10:26,057 - root - INFO - 运行正常，显示为主窗口
2025-12-25 12:10:41,061 - root - INFO - 当前用户为：管理员
2025-12-25 12:10:41,061 - root - INFO - 当前用户ID为：1
2025-12-25 12:10:41,061 - root - INFO - 运行正常，显示为主窗口
2025-12-25 12:10:56,070 - root - INFO - 当前用户为：管理员
2025-12-25 12:10:56,070 - root - INFO - 当前用户ID为：1
2025-12-25 12:10:56,070 - root - INFO - 运行正常，显示为主窗口
2025-12-25 12:11:11,077 - root - INFO - 当前用户为：管理员
2025-12-25 12:11:11,077 - root - INFO - 当前用户ID为：1
2025-12-25 12:11:11,077 - root - INFO - 运行正常，显示为主窗口
2025-12-25 12:11:26,082 - root - INFO - 当前用户为：管理员
2025-12-25 12:11:26,082 - root - INFO - 当前用户ID为：1
2025-12-25 12:11:26,082 - root - INFO - 运行正常，显示为主窗口
2025-12-25 12:11:41,096 - root - INFO - 当前用户为：管理员
2025-12-25 12:11:41,096 - root - INFO - 当前用户ID为：1
2025-12-25 12:11:41,096 - root - INFO - 运行正常，显示为主窗口
2025-12-25 12:11:56,099 - root - INFO - 当前用户为：管理员
2025-12-25 12:11:56,099 - root - INFO - 当前用户ID为：1
2025-12-25 12:11:56,099 - root - INFO - 运行正常，显示为主窗口
2025-12-25 12:12:11,108 - root - INFO - 当前用户为：管理员
2025-12-25 12:12:11,109 - root - INFO - 当前用户ID为：1
2025-12-25 12:12:11,109 - root - INFO - 运行正常，显示为主窗口
2025-12-25 12:12:26,117 - root - INFO - 当前用户为：管理员
2025-12-25 12:12:26,117 - root - INFO - 当前用户ID为：1
2025-12-25 12:12:26,117 - root - INFO - 运行正常，显示为主窗口
2025-12-25 12:12:41,118 - root - INFO - 当前用户为：管理员
2025-12-25 12:12:41,118 - root - INFO - 当前用户ID为：1
2025-12-25 12:12:41,118 - root - INFO - 运行正常，显示为主窗口
2025-12-25 12:12:56,134 - root - INFO - 当前用户为：管理员
2025-12-25 12:12:56,134 - root - INFO - 当前用户ID为：1
2025-12-25 12:12:56,134 - root - INFO - 运行正常，显示为主窗口
2025-12-25 12:13:11,139 - root - INFO - 当前用户为：管理员
2025-12-25 12:13:11,139 - root - INFO - 当前用户ID为：1
2025-12-25 12:13:11,139 - root - INFO - 运行正常，显示为主窗口
2025-12-25 12:13:26,150 - root - INFO - 当前用户为：管理员
2025-12-25 12:13:26,150 - root - INFO - 当前用户ID为：1
2025-12-25 12:13:26,150 - root - INFO - 运行正常，显示为主窗口
2025-12-25 12:13:41,158 - root - INFO - 当前用户为：管理员
2025-12-25 12:13:41,158 - root - INFO - 当前用户ID为：1
2025-12-25 12:13:41,159 - root - INFO - 运行正常，显示为主窗口
2025-12-25 12:13:56,162 - root - INFO - 当前用户为：管理员
2025-12-25 12:13:56,163 - root - INFO - 当前用户ID为：1
2025-12-25 12:13:56,163 - root - INFO - 运行正常，显示为主窗口
2025-12-25 12:14:11,164 - root - INFO - 当前用户为：管理员
2025-12-25 12:14:11,164 - root - INFO - 当前用户ID为：1
2025-12-25 12:14:11,164 - root - INFO - 运行正常，显示为主窗口
2025-12-25 12:14:26,178 - root - INFO - 当前用户为：管理员
2025-12-25 12:14:26,178 - root - INFO - 当前用户ID为：1
2025-12-25 12:14:26,178 - root - INFO - 运行正常，显示为主窗口
2025-12-25 12:14:41,188 - root - INFO - 当前用户为：管理员
2025-12-25 12:14:41,188 - root - INFO - 当前用户ID为：1
2025-12-25 12:14:41,188 - root - INFO - 运行正常，显示为主窗口
2025-12-25 12:14:56,197 - root - INFO - 当前用户为：管理员
2025-12-25 12:14:56,197 - root - INFO - 当前用户ID为：1
2025-12-25 12:14:56,197 - root - INFO - 运行正常，显示为主窗口
2025-12-25 12:15:11,209 - root - INFO - 当前用户为：管理员
2025-12-25 12:15:11,210 - root - INFO - 当前用户ID为：1
2025-12-25 12:15:11,210 - root - INFO - 运行正常，显示为主窗口
2025-12-25 12:15:26,211 - root - INFO - 当前用户为：管理员
2025-12-25 12:15:26,211 - root - INFO - 当前用户ID为：1
2025-12-25 12:15:26,211 - root - INFO - 运行正常，显示为主窗口
2025-12-25 12:15:41,212 - root - INFO - 当前用户为：管理员
2025-12-25 12:15:41,213 - root - INFO - 当前用户ID为：1
2025-12-25 12:15:41,213 - root - INFO - 运行正常，显示为主窗口
2025-12-25 12:15:56,216 - root - INFO - 当前用户为：管理员
2025-12-25 12:15:56,216 - root - INFO - 当前用户ID为：1
2025-12-25 12:15:56,216 - root - INFO - 运行正常，显示为主窗口
2025-12-25 12:16:11,224 - root - INFO - 当前用户为：管理员
2025-12-25 12:16:11,224 - root - INFO - 当前用户ID为：1
2025-12-25 12:16:11,224 - root - INFO - 运行正常，显示为主窗口
2025-12-25 12:16:26,239 - root - INFO - 当前用户为：管理员
2025-12-25 12:16:26,239 - root - INFO - 当前用户ID为：1
2025-12-25 12:16:26,239 - root - INFO - 运行正常，显示为主窗口
2025-12-25 12:16:41,240 - root - INFO - 当前用户为：管理员
2025-12-25 12:16:41,240 - root - INFO - 当前用户ID为：1
2025-12-25 12:16:41,240 - root - INFO - 运行正常，显示为主窗口
2025-12-25 12:16:56,241 - root - INFO - 当前用户为：管理员
2025-12-25 12:16:56,241 - root - INFO - 当前用户ID为：1
2025-12-25 12:16:56,242 - root - INFO - 运行正常，显示为主窗口
2025-12-25 12:17:11,256 - root - INFO - 当前用户为：管理员
2025-12-25 12:17:11,256 - root - INFO - 当前用户ID为：1
2025-12-25 12:17:11,256 - root - INFO - 运行正常，显示为主窗口
2025-12-25 12:17:26,264 - root - INFO - 当前用户为：管理员
2025-12-25 12:17:26,264 - root - INFO - 当前用户ID为：1
2025-12-25 12:17:26,264 - root - INFO - 运行正常，显示为主窗口
2025-12-25 12:17:41,271 - root - INFO - 当前用户为：管理员
2025-12-25 12:17:41,271 - root - INFO - 当前用户ID为：1
2025-12-25 12:17:41,271 - root - INFO - 运行正常，显示为主窗口
2025-12-25 12:17:56,276 - root - INFO - 当前用户为：管理员
2025-12-25 12:17:56,276 - root - INFO - 当前用户ID为：1
2025-12-25 12:17:56,276 - root - INFO - 运行正常，显示为主窗口
2025-12-25 12:18:11,289 - root - INFO - 当前用户为：管理员
2025-12-25 12:18:11,289 - root - INFO - 当前用户ID为：1
2025-12-25 12:18:11,289 - root - INFO - 运行正常，显示为主窗口
2025-12-25 12:18:26,300 - root - INFO - 当前用户为：管理员
2025-12-25 12:18:26,301 - root - INFO - 当前用户ID为：1
2025-12-25 12:18:26,301 - root - INFO - 运行正常，显示为主窗口
2025-12-25 12:18:41,306 - root - INFO - 当前用户为：管理员
2025-12-25 12:18:41,306 - root - INFO - 当前用户ID为：1
2025-12-25 12:18:41,306 - root - INFO - 运行正常，显示为主窗口
2025-12-25 12:18:56,312 - root - INFO - 当前用户为：管理员
2025-12-25 12:18:56,312 - root - INFO - 当前用户ID为：1
2025-12-25 12:18:56,312 - root - INFO - 运行正常，显示为主窗口
2025-12-25 12:19:11,320 - root - INFO - 当前用户为：管理员
2025-12-25 12:19:11,320 - root - INFO - 当前用户ID为：1
2025-12-25 12:19:11,320 - root - INFO - 运行正常，显示为主窗口
2025-12-25 12:19:26,324 - root - INFO - 当前用户为：管理员
2025-12-25 12:19:26,324 - root - INFO - 当前用户ID为：1
2025-12-25 12:19:26,324 - root - INFO - 运行正常，显示为主窗口
2025-12-25 12:19:41,337 - root - INFO - 当前用户为：管理员
2025-12-25 12:19:41,337 - root - INFO - 当前用户ID为：1
2025-12-25 12:19:41,338 - root - INFO - 运行正常，显示为主窗口
2025-12-25 12:19:56,345 - root - INFO - 当前用户为：管理员
2025-12-25 12:19:56,345 - root - INFO - 当前用户ID为：1
2025-12-25 12:19:56,345 - root - INFO - 运行正常，显示为主窗口
2025-12-25 12:20:11,346 - root - INFO - 当前用户为：管理员
2025-12-25 12:20:11,346 - root - INFO - 当前用户ID为：1
2025-12-25 12:20:11,346 - root - INFO - 运行正常，显示为主窗口
2025-12-25 12:20:26,359 - root - INFO - 当前用户为：管理员
2025-12-25 12:20:26,359 - root - INFO - 当前用户ID为：1
2025-12-25 12:20:26,359 - root - INFO - 运行正常，显示为主窗口
2025-12-25 12:20:41,376 - root - INFO - 当前用户为：管理员
2025-12-25 12:20:41,376 - root - INFO - 当前用户ID为：1
2025-12-25 12:20:41,376 - root - INFO - 运行正常，显示为主窗口
2025-12-25 12:20:56,377 - root - INFO - 当前用户为：管理员
2025-12-25 12:20:56,377 - root - INFO - 当前用户ID为：1
2025-12-25 12:20:56,377 - root - INFO - 运行正常，显示为主窗口
2025-12-25 12:21:11,389 - root - INFO - 当前用户为：管理员
2025-12-25 12:21:11,389 - root - INFO - 当前用户ID为：1
2025-12-25 12:21:11,389 - root - INFO - 运行正常，显示为主窗口
2025-12-25 12:21:26,390 - root - INFO - 当前用户为：管理员
2025-12-25 12:21:26,390 - root - INFO - 当前用户ID为：1
2025-12-25 12:21:26,391 - root - INFO - 运行正常，显示为主窗口
2025-12-25 12:21:41,400 - root - INFO - 当前用户为：管理员
2025-12-25 12:21:41,400 - root - INFO - 当前用户ID为：1
2025-12-25 12:21:41,401 - root - INFO - 运行正常，显示为主窗口
2025-12-25 12:21:56,406 - root - INFO - 当前用户为：管理员
2025-12-25 12:21:56,406 - root - INFO - 当前用户ID为：1
2025-12-25 12:21:56,406 - root - INFO - 运行正常，显示为主窗口
2025-12-25 12:22:11,413 - root - INFO - 当前用户为：管理员
2025-12-25 12:22:11,413 - root - INFO - 当前用户ID为：1
2025-12-25 12:22:11,414 - root - INFO - 运行正常，显示为主窗口
2025-12-25 12:22:26,416 - root - INFO - 当前用户为：管理员
2025-12-25 12:22:26,416 - root - INFO - 当前用户ID为：1
2025-12-25 12:22:26,416 - root - INFO - 运行正常，显示为主窗口
2025-12-25 12:22:41,431 - root - INFO - 当前用户为：管理员
2025-12-25 12:22:41,431 - root - INFO - 当前用户ID为：1
2025-12-25 12:22:41,431 - root - INFO - 运行正常，显示为主窗口
2025-12-25 12:22:56,433 - root - INFO - 当前用户为：管理员
2025-12-25 12:22:56,433 - root - INFO - 当前用户ID为：1
2025-12-25 12:22:56,433 - root - INFO - 运行正常，显示为主窗口
2025-12-25 12:23:11,438 - root - INFO - 当前用户为：管理员
2025-12-25 12:23:11,438 - root - INFO - 当前用户ID为：1
2025-12-25 12:23:11,438 - root - INFO - 运行正常，显示为主窗口
2025-12-25 12:23:26,446 - root - INFO - 当前用户为：管理员
2025-12-25 12:23:26,446 - root - INFO - 当前用户ID为：1
2025-12-25 12:23:26,446 - root - INFO - 运行正常，显示为主窗口
2025-12-25 12:23:41,452 - root - INFO - 当前用户为：管理员
2025-12-25 12:23:41,452 - root - INFO - 当前用户ID为：1
2025-12-25 12:23:41,452 - root - INFO - 运行正常，显示为主窗口
2025-12-25 12:23:56,464 - root - INFO - 当前用户为：管理员
2025-12-25 12:23:56,464 - root - INFO - 当前用户ID为：1
2025-12-25 12:23:56,464 - root - INFO - 运行正常，显示为主窗口
2025-12-25 12:24:11,473 - root - INFO - 当前用户为：管理员
2025-12-25 12:24:11,473 - root - INFO - 当前用户ID为：1
2025-12-25 12:24:11,473 - root - INFO - 运行正常，显示为主窗口
2025-12-25 12:24:26,478 - root - INFO - 当前用户为：管理员
2025-12-25 12:24:26,478 - root - INFO - 当前用户ID为：1
2025-12-25 12:24:26,478 - root - INFO - 运行正常，显示为主窗口
2025-12-25 12:24:41,490 - root - INFO - 当前用户为：管理员
2025-12-25 12:24:41,490 - root - INFO - 当前用户ID为：1
2025-12-25 12:24:41,491 - root - INFO - 运行正常，显示为主窗口
2025-12-25 12:24:56,505 - root - INFO - 当前用户为：管理员
2025-12-25 12:24:56,505 - root - INFO - 当前用户ID为：1
2025-12-25 12:24:56,505 - root - INFO - 运行正常，显示为主窗口
2025-12-25 12:25:11,515 - root - INFO - 当前用户为：管理员
2025-12-25 12:25:11,515 - root - INFO - 当前用户ID为：1
2025-12-25 12:25:11,515 - root - INFO - 运行正常，显示为主窗口
2025-12-25 12:25:26,529 - root - INFO - 当前用户为：管理员
2025-12-25 12:25:26,529 - root - INFO - 当前用户ID为：1
2025-12-25 12:25:26,529 - root - INFO - 运行正常，显示为主窗口
2025-12-25 12:25:41,545 - root - INFO - 当前用户为：管理员
2025-12-25 12:25:41,545 - root - INFO - 当前用户ID为：1
2025-12-25 12:25:41,545 - root - INFO - 运行正常，显示为主窗口
2025-12-25 12:25:56,550 - root - INFO - 当前用户为：管理员
2025-12-25 12:25:56,550 - root - INFO - 当前用户ID为：1
2025-12-25 12:25:56,550 - root - INFO - 运行正常，显示为主窗口
2025-12-25 12:26:11,560 - root - INFO - 当前用户为：管理员
2025-12-25 12:26:11,560 - root - INFO - 当前用户ID为：1
2025-12-25 12:26:11,560 - root - INFO - 运行正常，显示为主窗口
2025-12-25 12:26:26,563 - root - INFO - 当前用户为：管理员
2025-12-25 12:26:26,564 - root - INFO - 当前用户ID为：1
2025-12-25 12:26:26,564 - root - INFO - 运行正常，显示为主窗口
2025-12-25 12:26:41,579 - root - INFO - 当前用户为：管理员
2025-12-25 12:26:41,579 - root - INFO - 当前用户ID为：1
2025-12-25 12:26:41,579 - root - INFO - 运行正常，显示为主窗口
2025-12-25 12:26:56,595 - root - INFO - 当前用户为：管理员
2025-12-25 12:26:56,595 - root - INFO - 当前用户ID为：1
2025-12-25 12:26:56,595 - root - INFO - 运行正常，显示为主窗口
2025-12-25 12:27:11,610 - root - INFO - 当前用户为：管理员
2025-12-25 12:27:11,610 - root - INFO - 当前用户ID为：1
2025-12-25 12:27:11,610 - root - INFO - 运行正常，显示为主窗口
2025-12-25 12:27:26,613 - root - INFO - 当前用户为：管理员
2025-12-25 12:27:26,614 - root - INFO - 当前用户ID为：1
2025-12-25 12:27:26,614 - root - INFO - 运行正常，显示为主窗口
2025-12-25 12:27:41,629 - root - INFO - 当前用户为：管理员
2025-12-25 12:27:41,629 - root - INFO - 当前用户ID为：1
2025-12-25 12:27:41,629 - root - INFO - 运行正常，显示为主窗口
2025-12-25 12:27:56,636 - root - INFO - 当前用户为：管理员
2025-12-25 12:27:56,637 - root - INFO - 当前用户ID为：1
2025-12-25 12:27:56,637 - root - INFO - 运行正常，显示为主窗口
2025-12-25 12:28:11,647 - root - INFO - 当前用户为：管理员
2025-12-25 12:28:11,647 - root - INFO - 当前用户ID为：1
2025-12-25 12:28:11,647 - root - INFO - 运行正常，显示为主窗口
2025-12-25 12:28:26,654 - root - INFO - 当前用户为：管理员
2025-12-25 12:28:26,654 - root - INFO - 当前用户ID为：1
2025-12-25 12:28:26,654 - root - INFO - 运行正常，显示为主窗口
2025-12-25 12:28:41,666 - root - INFO - 当前用户为：管理员
2025-12-25 12:28:41,666 - root - INFO - 当前用户ID为：1
2025-12-25 12:28:41,666 - root - INFO - 运行正常，显示为主窗口
2025-12-25 12:28:56,675 - root - INFO - 当前用户为：管理员
2025-12-25 12:28:56,675 - root - INFO - 当前用户ID为：1
2025-12-25 12:28:56,675 - root - INFO - 运行正常，显示为主窗口
2025-12-25 12:29:11,680 - root - INFO - 当前用户为：管理员
2025-12-25 12:29:11,680 - root - INFO - 当前用户ID为：1
2025-12-25 12:29:11,681 - root - INFO - 运行正常，显示为主窗口
2025-12-25 12:29:26,681 - root - INFO - 当前用户为：管理员
2025-12-25 12:29:26,682 - root - INFO - 当前用户ID为：1
2025-12-25 12:29:26,682 - root - INFO - 运行正常，显示为主窗口
2025-12-25 12:29:41,691 - root - INFO - 当前用户为：管理员
2025-12-25 12:29:41,691 - root - INFO - 当前用户ID为：1
2025-12-25 12:29:41,692 - root - INFO - 运行正常，显示为主窗口
2025-12-25 12:29:56,706 - root - INFO - 当前用户为：管理员
2025-12-25 12:29:56,706 - root - INFO - 当前用户ID为：1
2025-12-25 12:29:56,707 - root - INFO - 运行正常，显示为主窗口
2025-12-25 12:30:11,711 - root - INFO - 当前用户为：管理员
2025-12-25 12:30:11,711 - root - INFO - 当前用户ID为：1
2025-12-25 12:30:11,711 - root - INFO - 运行正常，显示为主窗口
2025-12-25 12:30:26,719 - root - INFO - 当前用户为：管理员
2025-12-25 12:30:26,719 - root - INFO - 当前用户ID为：1
2025-12-25 12:30:26,719 - root - INFO - 运行正常，显示为主窗口
2025-12-25 12:30:41,720 - root - INFO - 当前用户为：管理员
2025-12-25 12:30:41,720 - root - INFO - 当前用户ID为：1
2025-12-25 12:30:41,720 - root - INFO - 运行正常，显示为主窗口
2025-12-25 12:30:56,722 - root - INFO - 当前用户为：管理员
2025-12-25 12:30:56,722 - root - INFO - 当前用户ID为：1
2025-12-25 12:30:56,723 - root - INFO - 运行正常，显示为主窗口
2025-12-25 12:31:11,727 - root - INFO - 当前用户为：管理员
2025-12-25 12:31:11,727 - root - INFO - 当前用户ID为：1
2025-12-25 12:31:11,728 - root - INFO - 运行正常，显示为主窗口
2025-12-25 12:31:26,736 - root - INFO - 当前用户为：管理员
2025-12-25 12:31:26,736 - root - INFO - 当前用户ID为：1
2025-12-25 12:31:26,736 - root - INFO - 运行正常，显示为主窗口
2025-12-25 12:31:41,744 - root - INFO - 当前用户为：管理员
2025-12-25 12:31:41,744 - root - INFO - 当前用户ID为：1
2025-12-25 12:31:41,745 - root - INFO - 运行正常，显示为主窗口
2025-12-25 12:31:56,748 - root - INFO - 当前用户为：管理员
2025-12-25 12:31:56,748 - root - INFO - 当前用户ID为：1
2025-12-25 12:31:56,749 - root - INFO - 运行正常，显示为主窗口
2025-12-25 12:32:11,750 - root - INFO - 当前用户为：管理员
2025-12-25 12:32:11,751 - root - INFO - 当前用户ID为：1
2025-12-25 12:32:11,751 - root - INFO - 运行正常，显示为主窗口
2025-12-25 12:32:26,760 - root - INFO - 当前用户为：管理员
2025-12-25 12:32:26,761 - root - INFO - 当前用户ID为：1
2025-12-25 12:32:26,761 - root - INFO - 运行正常，显示为主窗口
2025-12-25 12:32:41,776 - root - INFO - 当前用户为：管理员
2025-12-25 12:32:41,776 - root - INFO - 当前用户ID为：1
2025-12-25 12:32:41,776 - root - INFO - 运行正常，显示为主窗口
2025-12-25 12:32:56,784 - root - INFO - 当前用户为：管理员
2025-12-25 12:32:56,784 - root - INFO - 当前用户ID为：1
2025-12-25 12:32:56,784 - root - INFO - 运行正常，显示为主窗口
2025-12-25 12:33:11,798 - root - INFO - 当前用户为：管理员
2025-12-25 12:33:11,798 - root - INFO - 当前用户ID为：1
2025-12-25 12:33:11,798 - root - INFO - 运行正常，显示为主窗口
2025-12-25 12:33:26,812 - root - INFO - 当前用户为：管理员
2025-12-25 12:33:26,812 - root - INFO - 当前用户ID为：1
2025-12-25 12:33:26,812 - root - INFO - 运行正常，显示为主窗口
2025-12-25 12:33:41,825 - root - INFO - 当前用户为：管理员
2025-12-25 12:33:41,826 - root - INFO - 当前用户ID为：1
2025-12-25 12:33:41,826 - root - INFO - 运行正常，显示为主窗口
2025-12-25 12:33:56,830 - root - INFO - 当前用户为：管理员
2025-12-25 12:33:56,830 - root - INFO - 当前用户ID为：1
2025-12-25 12:33:56,830 - root - INFO - 运行正常，显示为主窗口
2025-12-25 12:34:11,835 - root - INFO - 当前用户为：管理员
2025-12-25 12:34:11,835 - root - INFO - 当前用户ID为：1
2025-12-25 12:34:11,835 - root - INFO - 运行正常，显示为主窗口
2025-12-25 12:34:26,842 - root - INFO - 当前用户为：管理员
2025-12-25 12:34:26,843 - root - INFO - 当前用户ID为：1
2025-12-25 12:34:26,843 - root - INFO - 运行正常，显示为主窗口
2025-12-25 12:34:41,843 - root - INFO - 当前用户为：管理员
2025-12-25 12:34:41,844 - root - INFO - 当前用户ID为：1
2025-12-25 12:34:41,844 - root - INFO - 运行正常，显示为主窗口
2025-12-25 12:34:56,847 - root - INFO - 当前用户为：管理员
2025-12-25 12:34:56,847 - root - INFO - 当前用户ID为：1
2025-12-25 12:34:56,847 - root - INFO - 运行正常，显示为主窗口
2025-12-25 12:35:11,855 - root - INFO - 当前用户为：管理员
2025-12-25 12:35:11,855 - root - INFO - 当前用户ID为：1
2025-12-25 12:35:11,855 - root - INFO - 运行正常，显示为主窗口
2025-12-25 12:35:26,866 - root - INFO - 当前用户为：管理员
2025-12-25 12:35:26,867 - root - INFO - 当前用户ID为：1
2025-12-25 12:35:26,867 - root - INFO - 运行正常，显示为主窗口
2025-12-25 12:35:41,870 - root - INFO - 当前用户为：管理员
2025-12-25 12:35:41,870 - root - INFO - 当前用户ID为：1
2025-12-25 12:35:41,870 - root - INFO - 运行正常，显示为主窗口
2025-12-25 12:35:56,881 - root - INFO - 当前用户为：管理员
2025-12-25 12:35:56,881 - root - INFO - 当前用户ID为：1
2025-12-25 12:35:56,881 - root - INFO - 运行正常，显示为主窗口
2025-12-25 12:36:11,885 - root - INFO - 当前用户为：管理员
2025-12-25 12:36:11,885 - root - INFO - 当前用户ID为：1
2025-12-25 12:36:11,885 - root - INFO - 运行正常，显示为主窗口
2025-12-25 12:36:26,891 - root - INFO - 当前用户为：管理员
2025-12-25 12:36:26,891 - root - INFO - 当前用户ID为：1
2025-12-25 12:36:26,891 - root - INFO - 运行正常，显示为主窗口
2025-12-25 12:36:41,904 - root - INFO - 当前用户为：管理员
2025-12-25 12:36:41,904 - root - INFO - 当前用户ID为：1
2025-12-25 12:36:41,904 - root - INFO - 运行正常，显示为主窗口
2025-12-25 12:36:56,908 - root - INFO - 当前用户为：管理员
2025-12-25 12:36:56,908 - root - INFO - 当前用户ID为：1
2025-12-25 12:36:56,909 - root - INFO - 运行正常，显示为主窗口
2025-12-25 12:37:11,918 - root - INFO - 当前用户为：管理员
2025-12-25 12:37:11,918 - root - INFO - 当前用户ID为：1
2025-12-25 12:37:11,919 - root - INFO - 运行正常，显示为主窗口
2025-12-25 12:37:26,924 - root - INFO - 当前用户为：管理员
2025-12-25 12:37:26,925 - root - INFO - 当前用户ID为：1
2025-12-25 12:37:26,925 - root - INFO - 运行正常，显示为主窗口
2025-12-25 12:37:41,930 - root - INFO - 当前用户为：管理员
2025-12-25 12:37:41,930 - root - INFO - 当前用户ID为：1
2025-12-25 12:37:41,930 - root - INFO - 运行正常，显示为主窗口
2025-12-25 12:37:56,940 - root - INFO - 当前用户为：管理员
2025-12-25 12:37:56,940 - root - INFO - 当前用户ID为：1
2025-12-25 12:37:56,940 - root - INFO - 运行正常，显示为主窗口
2025-12-25 12:38:11,944 - root - INFO - 当前用户为：管理员
2025-12-25 12:38:11,944 - root - INFO - 当前用户ID为：1
2025-12-25 12:38:11,944 - root - INFO - 运行正常，显示为主窗口
2025-12-25 12:38:26,950 - root - INFO - 当前用户为：管理员
2025-12-25 12:38:26,950 - root - INFO - 当前用户ID为：1
2025-12-25 12:38:26,950 - root - INFO - 运行正常，显示为主窗口
2025-12-25 12:38:41,957 - root - INFO - 当前用户为：管理员
2025-12-25 12:38:41,957 - root - INFO - 当前用户ID为：1
2025-12-25 12:38:41,957 - root - INFO - 运行正常，显示为主窗口
2025-12-25 12:38:56,971 - root - INFO - 当前用户为：管理员
2025-12-25 12:38:56,971 - root - INFO - 当前用户ID为：1
2025-12-25 12:38:56,971 - root - INFO - 运行正常，显示为主窗口
2025-12-25 12:39:11,976 - root - INFO - 当前用户为：管理员
2025-12-25 12:39:11,976 - root - INFO - 当前用户ID为：1
2025-12-25 12:39:11,976 - root - INFO - 运行正常，显示为主窗口
2025-12-25 12:39:26,980 - root - INFO - 当前用户为：管理员
2025-12-25 12:39:26,980 - root - INFO - 当前用户ID为：1
2025-12-25 12:39:26,980 - root - INFO - 运行正常，显示为主窗口
2025-12-25 12:39:41,985 - root - INFO - 当前用户为：管理员
2025-12-25 12:39:41,985 - root - INFO - 当前用户ID为：1
2025-12-25 12:39:41,985 - root - INFO - 运行正常，显示为主窗口
2025-12-25 12:39:56,986 - root - INFO - 当前用户为：管理员
2025-12-25 12:39:56,986 - root - INFO - 当前用户ID为：1
2025-12-25 12:39:56,987 - root - INFO - 运行正常，显示为主窗口
2025-12-25 12:40:11,997 - root - INFO - 当前用户为：管理员
2025-12-25 12:40:11,997 - root - INFO - 当前用户ID为：1
2025-12-25 12:40:11,997 - root - INFO - 运行正常，显示为主窗口
2025-12-25 12:40:27,008 - root - INFO - 当前用户为：管理员
2025-12-25 12:40:27,008 - root - INFO - 当前用户ID为：1
2025-12-25 12:40:27,008 - root - INFO - 运行正常，显示为主窗口
2025-12-25 12:40:42,019 - root - INFO - 当前用户为：管理员
2025-12-25 12:40:42,019 - root - INFO - 当前用户ID为：1
2025-12-25 12:40:42,019 - root - INFO - 运行正常，显示为主窗口
2025-12-25 12:40:57,022 - root - INFO - 当前用户为：管理员
2025-12-25 12:40:57,022 - root - INFO - 当前用户ID为：1
2025-12-25 12:40:57,022 - root - INFO - 运行正常，显示为主窗口
2025-12-25 12:41:12,032 - root - INFO - 当前用户为：管理员
2025-12-25 12:41:12,032 - root - INFO - 当前用户ID为：1
2025-12-25 12:41:12,032 - root - INFO - 运行正常，显示为主窗口
2025-12-25 12:41:27,048 - root - INFO - 当前用户为：管理员
2025-12-25 12:41:27,048 - root - INFO - 当前用户ID为：1
2025-12-25 12:41:27,048 - root - INFO - 运行正常，显示为主窗口
2025-12-25 12:41:42,058 - root - INFO - 当前用户为：管理员
2025-12-25 12:41:42,058 - root - INFO - 当前用户ID为：1
2025-12-25 12:41:42,058 - root - INFO - 运行正常，显示为主窗口
2025-12-25 12:41:57,070 - root - INFO - 当前用户为：管理员
2025-12-25 12:41:57,071 - root - INFO - 当前用户ID为：1
2025-12-25 12:41:57,071 - root - INFO - 运行正常，显示为主窗口
2025-12-25 12:42:12,080 - root - INFO - 当前用户为：管理员
2025-12-25 12:42:12,080 - root - INFO - 当前用户ID为：1
2025-12-25 12:42:12,080 - root - INFO - 运行正常，显示为主窗口
2025-12-25 12:42:27,082 - root - INFO - 当前用户为：管理员
2025-12-25 12:42:27,082 - root - INFO - 当前用户ID为：1
2025-12-25 12:42:27,083 - root - INFO - 运行正常，显示为主窗口
2025-12-25 12:42:42,087 - root - INFO - 当前用户为：管理员
2025-12-25 12:42:42,087 - root - INFO - 当前用户ID为：1
2025-12-25 12:42:42,087 - root - INFO - 运行正常，显示为主窗口
2025-12-25 12:42:57,092 - root - INFO - 当前用户为：管理员
2025-12-25 12:42:57,092 - root - INFO - 当前用户ID为：1
2025-12-25 12:42:57,092 - root - INFO - 运行正常，显示为主窗口
2025-12-25 12:43:12,099 - root - INFO - 当前用户为：管理员
2025-12-25 12:43:12,099 - root - INFO - 当前用户ID为：1
2025-12-25 12:43:12,099 - root - INFO - 运行正常，显示为主窗口
2025-12-25 12:43:27,112 - root - INFO - 当前用户为：管理员
2025-12-25 12:43:27,112 - root - INFO - 当前用户ID为：1
2025-12-25 12:43:27,112 - root - INFO - 运行正常，显示为主窗口
2025-12-25 12:43:42,116 - root - INFO - 当前用户为：管理员
2025-12-25 12:43:42,116 - root - INFO - 当前用户ID为：1
2025-12-25 12:43:42,116 - root - INFO - 运行正常，显示为主窗口
2025-12-25 12:43:57,128 - root - INFO - 当前用户为：管理员
2025-12-25 12:43:57,128 - root - INFO - 当前用户ID为：1
2025-12-25 12:43:57,128 - root - INFO - 运行正常，显示为主窗口
2025-12-25 12:44:12,130 - root - INFO - 当前用户为：管理员
2025-12-25 12:44:12,130 - root - INFO - 当前用户ID为：1
2025-12-25 12:44:12,130 - root - INFO - 运行正常，显示为主窗口
2025-12-25 12:44:27,141 - root - INFO - 当前用户为：管理员
2025-12-25 12:44:27,141 - root - INFO - 当前用户ID为：1
2025-12-25 12:44:27,141 - root - INFO - 运行正常，显示为主窗口
2025-12-25 12:44:42,147 - root - INFO - 当前用户为：管理员
2025-12-25 12:44:42,147 - root - INFO - 当前用户ID为：1
2025-12-25 12:44:42,147 - root - INFO - 运行正常，显示为主窗口
2025-12-25 12:44:57,160 - root - INFO - 当前用户为：管理员
2025-12-25 12:44:57,160 - root - INFO - 当前用户ID为：1
2025-12-25 12:44:57,160 - root - INFO - 运行正常，显示为主窗口
2025-12-25 12:45:12,168 - root - INFO - 当前用户为：管理员
2025-12-25 12:45:12,168 - root - INFO - 当前用户ID为：1
2025-12-25 12:45:12,168 - root - INFO - 运行正常，显示为主窗口
2025-12-25 12:45:27,171 - root - INFO - 当前用户为：管理员
2025-12-25 12:45:27,171 - root - INFO - 当前用户ID为：1
2025-12-25 12:45:27,171 - root - INFO - 运行正常，显示为主窗口
2025-12-25 12:45:42,173 - root - INFO - 当前用户为：管理员
2025-12-25 12:45:42,173 - root - INFO - 当前用户ID为：1
2025-12-25 12:45:42,173 - root - INFO - 运行正常，显示为主窗口
2025-12-25 12:45:57,175 - root - INFO - 当前用户为：管理员
2025-12-25 12:45:57,175 - root - INFO - 当前用户ID为：1
2025-12-25 12:45:57,175 - root - INFO - 运行正常，显示为主窗口
2025-12-25 12:46:12,182 - root - INFO - 当前用户为：管理员
2025-12-25 12:46:12,182 - root - INFO - 当前用户ID为：1
2025-12-25 12:46:12,182 - root - INFO - 运行正常，显示为主窗口
2025-12-25 12:46:27,189 - root - INFO - 当前用户为：管理员
2025-12-25 12:46:27,190 - root - INFO - 当前用户ID为：1
2025-12-25 12:46:27,190 - root - INFO - 运行正常，显示为主窗口
2025-12-25 12:46:42,198 - root - INFO - 当前用户为：管理员
2025-12-25 12:46:42,199 - root - INFO - 当前用户ID为：1
2025-12-25 12:46:42,199 - root - INFO - 运行正常，显示为主窗口
2025-12-25 12:46:57,214 - root - INFO - 当前用户为：管理员
2025-12-25 12:46:57,214 - root - INFO - 当前用户ID为：1
2025-12-25 12:46:57,214 - root - INFO - 运行正常，显示为主窗口
2025-12-25 12:47:12,224 - root - INFO - 当前用户为：管理员
2025-12-25 12:47:12,224 - root - INFO - 当前用户ID为：1
2025-12-25 12:47:12,224 - root - INFO - 运行正常，显示为主窗口
2025-12-25 12:47:27,226 - root - INFO - 当前用户为：管理员
2025-12-25 12:47:27,226 - root - INFO - 当前用户ID为：1
2025-12-25 12:47:27,227 - root - INFO - 运行正常，显示为主窗口
2025-12-25 12:47:42,240 - root - INFO - 当前用户为：管理员
2025-12-25 12:47:42,240 - root - INFO - 当前用户ID为：1
2025-12-25 12:47:42,241 - root - INFO - 运行正常，显示为主窗口
2025-12-25 12:47:57,254 - root - INFO - 当前用户为：管理员
2025-12-25 12:47:57,254 - root - INFO - 当前用户ID为：1
2025-12-25 12:47:57,255 - root - INFO - 运行正常，显示为主窗口
2025-12-25 12:48:12,270 - root - INFO - 当前用户为：管理员
2025-12-25 12:48:12,270 - root - INFO - 当前用户ID为：1
2025-12-25 12:48:12,270 - root - INFO - 运行正常，显示为主窗口
2025-12-25 12:48:27,276 - root - INFO - 当前用户为：管理员
2025-12-25 12:48:27,277 - root - INFO - 当前用户ID为：1
2025-12-25 12:48:27,277 - root - INFO - 运行正常，显示为主窗口
2025-12-25 12:48:42,288 - root - INFO - 当前用户为：管理员
2025-12-25 12:48:42,288 - root - INFO - 当前用户ID为：1
2025-12-25 12:48:42,288 - root - INFO - 运行正常，显示为主窗口
2025-12-25 12:48:57,298 - root - INFO - 当前用户为：管理员
2025-12-25 12:48:57,298 - root - INFO - 当前用户ID为：1
2025-12-25 12:48:57,299 - root - INFO - 运行正常，显示为主窗口
2025-12-25 12:49:12,312 - root - INFO - 当前用户为：管理员
2025-12-25 12:49:12,312 - root - INFO - 当前用户ID为：1
2025-12-25 12:49:12,313 - root - INFO - 运行正常，显示为主窗口
2025-12-25 12:49:27,329 - root - INFO - 当前用户为：管理员
2025-12-25 12:49:27,329 - root - INFO - 当前用户ID为：1
2025-12-25 12:49:27,329 - root - INFO - 运行正常，显示为主窗口
2025-12-25 12:49:42,344 - root - INFO - 当前用户为：管理员
2025-12-25 12:49:42,344 - root - INFO - 当前用户ID为：1
2025-12-25 12:49:42,345 - root - INFO - 运行正常，显示为主窗口
2025-12-25 12:49:57,357 - root - INFO - 当前用户为：管理员
2025-12-25 12:49:57,357 - root - INFO - 当前用户ID为：1
2025-12-25 12:49:57,357 - root - INFO - 运行正常，显示为主窗口
2025-12-25 12:50:12,360 - root - INFO - 当前用户为：管理员
2025-12-25 12:50:12,360 - root - INFO - 当前用户ID为：1
2025-12-25 12:50:12,360 - root - INFO - 运行正常，显示为主窗口
2025-12-25 12:50:27,368 - root - INFO - 当前用户为：管理员
2025-12-25 12:50:27,368 - root - INFO - 当前用户ID为：1
2025-12-25 12:50:27,368 - root - INFO - 运行正常，显示为主窗口
2025-12-25 12:50:42,372 - root - INFO - 当前用户为：管理员
2025-12-25 12:50:42,372 - root - INFO - 当前用户ID为：1
2025-12-25 12:50:42,372 - root - INFO - 运行正常，显示为主窗口
2025-12-25 12:50:57,380 - root - INFO - 当前用户为：管理员
2025-12-25 12:50:57,380 - root - INFO - 当前用户ID为：1
2025-12-25 12:50:57,380 - root - INFO - 运行正常，显示为主窗口
2025-12-25 12:51:12,394 - root - INFO - 当前用户为：管理员
2025-12-25 12:51:12,394 - root - INFO - 当前用户ID为：1
2025-12-25 12:51:12,394 - root - INFO - 运行正常，显示为主窗口
2025-12-25 12:51:27,408 - root - INFO - 当前用户为：管理员
2025-12-25 12:51:27,408 - root - INFO - 当前用户ID为：1
2025-12-25 12:51:27,408 - root - INFO - 运行正常，显示为主窗口
2025-12-25 12:51:42,422 - root - INFO - 当前用户为：管理员
2025-12-25 12:51:42,422 - root - INFO - 当前用户ID为：1
2025-12-25 12:51:42,423 - root - INFO - 运行正常，显示为主窗口
2025-12-25 12:51:57,434 - root - INFO - 当前用户为：管理员
2025-12-25 12:51:57,434 - root - INFO - 当前用户ID为：1
2025-12-25 12:51:57,434 - root - INFO - 运行正常，显示为主窗口
2025-12-25 12:52:12,435 - root - INFO - 当前用户为：管理员
2025-12-25 12:52:12,435 - root - INFO - 当前用户ID为：1
2025-12-25 12:52:12,435 - root - INFO - 运行正常，显示为主窗口
2025-12-25 12:52:27,448 - root - INFO - 当前用户为：管理员
2025-12-25 12:52:27,448 - root - INFO - 当前用户ID为：1
2025-12-25 12:52:27,449 - root - INFO - 运行正常，显示为主窗口
2025-12-25 12:52:42,458 - root - INFO - 当前用户为：管理员
2025-12-25 12:52:42,458 - root - INFO - 当前用户ID为：1
2025-12-25 12:52:42,459 - root - INFO - 运行正常，显示为主窗口
2025-12-25 12:52:57,463 - root - INFO - 当前用户为：管理员
2025-12-25 12:52:57,463 - root - INFO - 当前用户ID为：1
2025-12-25 12:52:57,463 - root - INFO - 运行正常，显示为主窗口
2025-12-25 12:53:12,474 - root - INFO - 当前用户为：管理员
2025-12-25 12:53:12,474 - root - INFO - 当前用户ID为：1
2025-12-25 12:53:12,474 - root - INFO - 运行正常，显示为主窗口
2025-12-25 12:53:27,482 - root - INFO - 当前用户为：管理员
2025-12-25 12:53:27,482 - root - INFO - 当前用户ID为：1
2025-12-25 12:53:27,482 - root - INFO - 运行正常，显示为主窗口
2025-12-25 12:53:42,496 - root - INFO - 当前用户为：管理员
2025-12-25 12:53:42,496 - root - INFO - 当前用户ID为：1
2025-12-25 12:53:42,496 - root - INFO - 运行正常，显示为主窗口
2025-12-25 12:53:57,506 - root - INFO - 当前用户为：管理员
2025-12-25 12:53:57,506 - root - INFO - 当前用户ID为：1
2025-12-25 12:53:57,506 - root - INFO - 运行正常，显示为主窗口
2025-12-25 12:54:12,507 - root - INFO - 当前用户为：管理员
2025-12-25 12:54:12,507 - root - INFO - 当前用户ID为：1
2025-12-25 12:54:12,507 - root - INFO - 运行正常，显示为主窗口
2025-12-25 12:54:27,516 - root - INFO - 当前用户为：管理员
2025-12-25 12:54:27,516 - root - INFO - 当前用户ID为：1
2025-12-25 12:54:27,516 - root - INFO - 运行正常，显示为主窗口
2025-12-25 12:54:42,520 - root - INFO - 当前用户为：管理员
2025-12-25 12:54:42,520 - root - INFO - 当前用户ID为：1
2025-12-25 12:54:42,520 - root - INFO - 运行正常，显示为主窗口
2025-12-25 12:54:57,533 - root - INFO - 当前用户为：管理员
2025-12-25 12:54:57,533 - root - INFO - 当前用户ID为：1
2025-12-25 12:54:57,534 - root - INFO - 运行正常，显示为主窗口
2025-12-25 12:55:12,547 - root - INFO - 当前用户为：管理员
2025-12-25 12:55:12,547 - root - INFO - 当前用户ID为：1
2025-12-25 12:55:12,547 - root - INFO - 运行正常，显示为主窗口
2025-12-25 12:55:27,552 - root - INFO - 当前用户为：管理员
2025-12-25 12:55:27,552 - root - INFO - 当前用户ID为：1
2025-12-25 12:55:27,552 - root - INFO - 运行正常，显示为主窗口
2025-12-25 12:55:42,565 - root - INFO - 当前用户为：管理员
2025-12-25 12:55:42,565 - root - INFO - 当前用户ID为：1
2025-12-25 12:55:42,565 - root - INFO - 运行正常，显示为主窗口
2025-12-25 12:55:57,579 - root - INFO - 当前用户为：管理员
2025-12-25 12:55:57,579 - root - INFO - 当前用户ID为：1
2025-12-25 12:55:57,579 - root - INFO - 运行正常，显示为主窗口
2025-12-25 12:56:12,584 - root - INFO - 当前用户为：管理员
2025-12-25 12:56:12,584 - root - INFO - 当前用户ID为：1
2025-12-25 12:56:12,584 - root - INFO - 运行正常，显示为主窗口
2025-12-25 12:56:27,590 - root - INFO - 当前用户为：管理员
2025-12-25 12:56:27,590 - root - INFO - 当前用户ID为：1
2025-12-25 12:56:27,590 - root - INFO - 运行正常，显示为主窗口
2025-12-25 12:56:42,598 - root - INFO - 当前用户为：管理员
2025-12-25 12:56:42,598 - root - INFO - 当前用户ID为：1
2025-12-25 12:56:42,598 - root - INFO - 运行正常，显示为主窗口
2025-12-25 12:56:57,607 - root - INFO - 当前用户为：管理员
2025-12-25 12:56:57,607 - root - INFO - 当前用户ID为：1
2025-12-25 12:56:57,607 - root - INFO - 运行正常，显示为主窗口
2025-12-25 12:57:12,617 - root - INFO - 当前用户为：管理员
2025-12-25 12:57:12,617 - root - INFO - 当前用户ID为：1
2025-12-25 12:57:12,617 - root - INFO - 运行正常，显示为主窗口
2025-12-25 12:57:27,630 - root - INFO - 当前用户为：管理员
2025-12-25 12:57:27,630 - root - INFO - 当前用户ID为：1
2025-12-25 12:57:27,630 - root - INFO - 运行正常，显示为主窗口
2025-12-25 12:57:42,646 - root - INFO - 当前用户为：管理员
2025-12-25 12:57:42,646 - root - INFO - 当前用户ID为：1
2025-12-25 12:57:42,646 - root - INFO - 运行正常，显示为主窗口
2025-12-25 12:57:57,656 - root - INFO - 当前用户为：管理员
2025-12-25 12:57:57,656 - root - INFO - 当前用户ID为：1
2025-12-25 12:57:57,656 - root - INFO - 运行正常，显示为主窗口
2025-12-25 12:58:12,659 - root - INFO - 当前用户为：管理员
2025-12-25 12:58:12,659 - root - INFO - 当前用户ID为：1
2025-12-25 12:58:12,659 - root - INFO - 运行正常，显示为主窗口
2025-12-25 12:58:27,670 - root - INFO - 当前用户为：管理员
2025-12-25 12:58:27,670 - root - INFO - 当前用户ID为：1
2025-12-25 12:58:27,670 - root - INFO - 运行正常，显示为主窗口
2025-12-25 12:58:42,671 - root - INFO - 当前用户为：管理员
2025-12-25 12:58:42,671 - root - INFO - 当前用户ID为：1
2025-12-25 12:58:42,671 - root - INFO - 运行正常，显示为主窗口
2025-12-25 12:58:57,686 - root - INFO - 当前用户为：管理员
2025-12-25 12:58:57,686 - root - INFO - 当前用户ID为：1
2025-12-25 12:58:57,686 - root - INFO - 运行正常，显示为主窗口
2025-12-25 12:59:12,694 - root - INFO - 当前用户为：管理员
2025-12-25 12:59:12,694 - root - INFO - 当前用户ID为：1
2025-12-25 12:59:12,694 - root - INFO - 运行正常，显示为主窗口
2025-12-25 12:59:27,707 - root - INFO - 当前用户为：管理员
2025-12-25 12:59:27,707 - root - INFO - 当前用户ID为：1
2025-12-25 12:59:27,707 - root - INFO - 运行正常，显示为主窗口
2025-12-25 12:59:42,722 - root - INFO - 当前用户为：管理员
2025-12-25 12:59:42,722 - root - INFO - 当前用户ID为：1
2025-12-25 12:59:42,722 - root - INFO - 运行正常，显示为主窗口
2025-12-25 12:59:57,729 - root - INFO - 当前用户为：管理员
2025-12-25 12:59:57,729 - root - INFO - 当前用户ID为：1
2025-12-25 12:59:57,729 - root - INFO - 运行正常，显示为主窗口
2025-12-25 13:00:12,730 - root - INFO - 当前用户为：管理员
2025-12-25 13:00:12,730 - root - INFO - 当前用户ID为：1
2025-12-25 13:00:12,730 - root - INFO - 运行正常，显示为主窗口
2025-12-25 13:00:27,736 - root - INFO - 当前用户为：管理员
2025-12-25 13:00:27,736 - root - INFO - 当前用户ID为：1
2025-12-25 13:00:27,736 - root - INFO - 运行正常，显示为主窗口
2025-12-25 13:00:42,738 - root - INFO - 当前用户为：管理员
2025-12-25 13:00:42,738 - root - INFO - 当前用户ID为：1
2025-12-25 13:00:42,738 - root - INFO - 运行正常，显示为主窗口
2025-12-25 13:00:57,754 - root - INFO - 当前用户为：管理员
2025-12-25 13:00:57,754 - root - INFO - 当前用户ID为：1
2025-12-25 13:00:57,754 - root - INFO - 运行正常，显示为主窗口
2025-12-25 13:01:12,765 - root - INFO - 当前用户为：管理员
2025-12-25 13:01:12,765 - root - INFO - 当前用户ID为：1
2025-12-25 13:01:12,765 - root - INFO - 运行正常，显示为主窗口
2025-12-25 13:01:27,768 - root - INFO - 当前用户为：管理员
2025-12-25 13:01:27,768 - root - INFO - 当前用户ID为：1
2025-12-25 13:01:27,768 - root - INFO - 运行正常，显示为主窗口
2025-12-25 13:01:42,783 - root - INFO - 当前用户为：管理员
2025-12-25 13:01:42,783 - root - INFO - 当前用户ID为：1
2025-12-25 13:01:42,783 - root - INFO - 运行正常，显示为主窗口
2025-12-25 13:01:57,783 - root - INFO - 当前用户为：管理员
2025-12-25 13:01:57,783 - root - INFO - 当前用户ID为：1
2025-12-25 13:01:57,783 - root - INFO - 运行正常，显示为主窗口
2025-12-25 13:02:12,787 - root - INFO - 当前用户为：管理员
2025-12-25 13:02:12,787 - root - INFO - 当前用户ID为：1
2025-12-25 13:02:12,787 - root - INFO - 运行正常，显示为主窗口
2025-12-25 13:02:27,790 - root - INFO - 当前用户为：管理员
2025-12-25 13:02:27,790 - root - INFO - 当前用户ID为：1
2025-12-25 13:02:27,790 - root - INFO - 运行正常，显示为主窗口
2025-12-25 13:02:42,806 - root - INFO - 当前用户为：管理员
2025-12-25 13:02:42,807 - root - INFO - 当前用户ID为：1
2025-12-25 13:02:42,807 - root - INFO - 运行正常，显示为主窗口
2025-12-25 13:02:57,815 - root - INFO - 当前用户为：管理员
2025-12-25 13:02:57,815 - root - INFO - 当前用户ID为：1
2025-12-25 13:02:57,815 - root - INFO - 运行正常，显示为主窗口
2025-12-25 13:03:12,818 - root - INFO - 当前用户为：管理员
2025-12-25 13:03:12,818 - root - INFO - 当前用户ID为：1
2025-12-25 13:03:12,818 - root - INFO - 运行正常，显示为主窗口
2025-12-25 13:03:27,821 - root - INFO - 当前用户为：管理员
2025-12-25 13:03:27,821 - root - INFO - 当前用户ID为：1
2025-12-25 13:03:27,821 - root - INFO - 运行正常，显示为主窗口
2025-12-25 13:03:42,824 - root - INFO - 当前用户为：管理员
2025-12-25 13:03:42,824 - root - INFO - 当前用户ID为：1
2025-12-25 13:03:42,824 - root - INFO - 运行正常，显示为主窗口
2025-12-25 13:03:57,832 - root - INFO - 当前用户为：管理员
2025-12-25 13:03:57,832 - root - INFO - 当前用户ID为：1
2025-12-25 13:03:57,832 - root - INFO - 运行正常，显示为主窗口
2025-12-25 13:04:12,846 - root - INFO - 当前用户为：管理员
2025-12-25 13:04:12,846 - root - INFO - 当前用户ID为：1
2025-12-25 13:04:12,846 - root - INFO - 运行正常，显示为主窗口
2025-12-25 13:04:27,860 - root - INFO - 当前用户为：管理员
2025-12-25 13:04:27,860 - root - INFO - 当前用户ID为：1
2025-12-25 13:04:27,860 - root - INFO - 运行正常，显示为主窗口
2025-12-25 13:04:42,868 - root - INFO - 当前用户为：管理员
2025-12-25 13:04:42,868 - root - INFO - 当前用户ID为：1
2025-12-25 13:04:42,868 - root - INFO - 运行正常，显示为主窗口
2025-12-25 13:04:57,881 - root - INFO - 当前用户为：管理员
2025-12-25 13:04:57,881 - root - INFO - 当前用户ID为：1
2025-12-25 13:04:57,881 - root - INFO - 运行正常，显示为主窗口
2025-12-25 13:05:12,885 - root - INFO - 当前用户为：管理员
2025-12-25 13:05:12,885 - root - INFO - 当前用户ID为：1
2025-12-25 13:05:12,885 - root - INFO - 运行正常，显示为主窗口
2025-12-25 13:05:27,900 - root - INFO - 当前用户为：管理员
2025-12-25 13:05:27,901 - root - INFO - 当前用户ID为：1
2025-12-25 13:05:27,901 - root - INFO - 运行正常，显示为主窗口
2025-12-25 13:05:42,905 - root - INFO - 当前用户为：管理员
2025-12-25 13:05:42,906 - root - INFO - 当前用户ID为：1
2025-12-25 13:05:42,906 - root - INFO - 运行正常，显示为主窗口
2025-12-25 13:05:57,908 - root - INFO - 当前用户为：管理员
2025-12-25 13:05:57,908 - root - INFO - 当前用户ID为：1
2025-12-25 13:05:57,908 - root - INFO - 运行正常，显示为主窗口
2025-12-25 13:06:12,916 - root - INFO - 当前用户为：管理员
2025-12-25 13:06:12,916 - root - INFO - 当前用户ID为：1
2025-12-25 13:06:12,916 - root - INFO - 运行正常，显示为主窗口
2025-12-25 13:06:27,926 - root - INFO - 当前用户为：管理员
2025-12-25 13:06:27,927 - root - INFO - 当前用户ID为：1
2025-12-25 13:06:27,927 - root - INFO - 运行正常，显示为主窗口
2025-12-25 13:06:42,942 - root - INFO - 当前用户为：管理员
2025-12-25 13:06:42,942 - root - INFO - 当前用户ID为：1
2025-12-25 13:06:42,942 - root - INFO - 运行正常，显示为主窗口
2025-12-25 13:06:57,946 - root - INFO - 当前用户为：管理员
2025-12-25 13:06:57,946 - root - INFO - 当前用户ID为：1
2025-12-25 13:06:57,946 - root - INFO - 运行正常，显示为主窗口
2025-12-25 13:07:12,955 - root - INFO - 当前用户为：管理员
2025-12-25 13:07:12,955 - root - INFO - 当前用户ID为：1
2025-12-25 13:07:12,955 - root - INFO - 运行正常，显示为主窗口
2025-12-25 13:07:27,958 - root - INFO - 当前用户为：管理员
2025-12-25 13:07:27,958 - root - INFO - 当前用户ID为：1
2025-12-25 13:07:27,958 - root - INFO - 运行正常，显示为主窗口
2025-12-25 13:07:42,960 - root - INFO - 当前用户为：管理员
2025-12-25 13:07:42,960 - root - INFO - 当前用户ID为：1
2025-12-25 13:07:42,960 - root - INFO - 运行正常，显示为主窗口
2025-12-25 13:07:57,961 - root - INFO - 当前用户为：管理员
2025-12-25 13:07:57,961 - root - INFO - 当前用户ID为：1
2025-12-25 13:07:57,961 - root - INFO - 运行正常，显示为主窗口
2025-12-25 13:08:12,968 - root - INFO - 当前用户为：管理员
2025-12-25 13:08:12,968 - root - INFO - 当前用户ID为：1
2025-12-25 13:08:12,968 - root - INFO - 运行正常，显示为主窗口
2025-12-25 13:08:27,970 - root - INFO - 当前用户为：管理员
2025-12-25 13:08:27,970 - root - INFO - 当前用户ID为：1
2025-12-25 13:08:27,971 - root - INFO - 运行正常，显示为主窗口
2025-12-25 13:08:42,982 - root - INFO - 当前用户为：管理员
2025-12-25 13:08:42,982 - root - INFO - 当前用户ID为：1
2025-12-25 13:08:42,982 - root - INFO - 运行正常，显示为主窗口
2025-12-25 13:08:57,987 - root - INFO - 当前用户为：管理员
2025-12-25 13:08:57,987 - root - INFO - 当前用户ID为：1
2025-12-25 13:08:57,987 - root - INFO - 运行正常，显示为主窗口
2025-12-25 13:09:12,995 - root - INFO - 当前用户为：管理员
2025-12-25 13:09:12,995 - root - INFO - 当前用户ID为：1
2025-12-25 13:09:12,995 - root - INFO - 运行正常，显示为主窗口
2025-12-25 13:09:28,010 - root - INFO - 当前用户为：管理员
2025-12-25 13:09:28,010 - root - INFO - 当前用户ID为：1
2025-12-25 13:09:28,010 - root - INFO - 运行正常，显示为主窗口
2025-12-25 13:09:43,011 - root - INFO - 当前用户为：管理员
2025-12-25 13:09:43,011 - root - INFO - 当前用户ID为：1
2025-12-25 13:09:43,011 - root - INFO - 运行正常，显示为主窗口
2025-12-25 13:09:58,025 - root - INFO - 当前用户为：管理员
2025-12-25 13:09:58,025 - root - INFO - 当前用户ID为：1
2025-12-25 13:09:58,025 - root - INFO - 运行正常，显示为主窗口
2025-12-25 13:10:13,034 - root - INFO - 当前用户为：管理员
2025-12-25 13:10:13,034 - root - INFO - 当前用户ID为：1
2025-12-25 13:10:13,034 - root - INFO - 运行正常，显示为主窗口
2025-12-25 13:10:28,049 - root - INFO - 当前用户为：管理员
2025-12-25 13:10:28,050 - root - INFO - 当前用户ID为：1
2025-12-25 13:10:28,050 - root - INFO - 运行正常，显示为主窗口
2025-12-25 13:10:43,051 - root - INFO - 当前用户为：管理员
2025-12-25 13:10:43,051 - root - INFO - 当前用户ID为：1
2025-12-25 13:10:43,051 - root - INFO - 运行正常，显示为主窗口
2025-12-25 13:10:58,061 - root - INFO - 当前用户为：管理员
2025-12-25 13:10:58,061 - root - INFO - 当前用户ID为：1
2025-12-25 13:10:58,061 - root - INFO - 运行正常，显示为主窗口
2025-12-25 13:11:13,065 - root - INFO - 当前用户为：管理员
2025-12-25 13:11:13,065 - root - INFO - 当前用户ID为：1
2025-12-25 13:11:13,066 - root - INFO - 运行正常，显示为主窗口
2025-12-25 13:11:28,076 - root - INFO - 当前用户为：管理员
2025-12-25 13:11:28,076 - root - INFO - 当前用户ID为：1
2025-12-25 13:11:28,076 - root - INFO - 运行正常，显示为主窗口
2025-12-25 13:11:43,088 - root - INFO - 当前用户为：管理员
2025-12-25 13:11:43,088 - root - INFO - 当前用户ID为：1
2025-12-25 13:11:43,088 - root - INFO - 运行正常，显示为主窗口
2025-12-25 13:11:58,098 - root - INFO - 当前用户为：管理员
2025-12-25 13:11:58,098 - root - INFO - 当前用户ID为：1
2025-12-25 13:11:58,098 - root - INFO - 运行正常，显示为主窗口
2025-12-25 13:12:13,113 - root - INFO - 当前用户为：管理员
2025-12-25 13:12:13,114 - root - INFO - 当前用户ID为：1
2025-12-25 13:12:13,114 - root - INFO - 运行正常，显示为主窗口
2025-12-25 13:12:28,121 - root - INFO - 当前用户为：管理员
2025-12-25 13:12:28,121 - root - INFO - 当前用户ID为：1
2025-12-25 13:12:28,121 - root - INFO - 运行正常，显示为主窗口
2025-12-25 13:12:43,131 - root - INFO - 当前用户为：管理员
2025-12-25 13:12:43,131 - root - INFO - 当前用户ID为：1
2025-12-25 13:12:43,132 - root - INFO - 运行正常，显示为主窗口
2025-12-25 13:12:58,143 - root - INFO - 当前用户为：管理员
2025-12-25 13:12:58,143 - root - INFO - 当前用户ID为：1
2025-12-25 13:12:58,143 - root - INFO - 运行正常，显示为主窗口
2025-12-25 13:13:13,149 - root - INFO - 当前用户为：管理员
2025-12-25 13:13:13,149 - root - INFO - 当前用户ID为：1
2025-12-25 13:13:13,149 - root - INFO - 运行正常，显示为主窗口
2025-12-25 13:13:28,162 - root - INFO - 当前用户为：管理员
2025-12-25 13:13:28,162 - root - INFO - 当前用户ID为：1
2025-12-25 13:13:28,162 - root - INFO - 运行正常，显示为主窗口
2025-12-25 13:13:43,163 - root - INFO - 当前用户为：管理员
2025-12-25 13:13:43,163 - root - INFO - 当前用户ID为：1
2025-12-25 13:13:43,163 - root - INFO - 运行正常，显示为主窗口
2025-12-25 13:13:58,166 - root - INFO - 当前用户为：管理员
2025-12-25 13:13:58,166 - root - INFO - 当前用户ID为：1
2025-12-25 13:13:58,166 - root - INFO - 运行正常，显示为主窗口
2025-12-25 13:14:13,181 - root - INFO - 当前用户为：管理员
2025-12-25 13:14:13,182 - root - INFO - 当前用户ID为：1
2025-12-25 13:14:13,182 - root - INFO - 运行正常，显示为主窗口
2025-12-25 13:14:28,195 - root - INFO - 当前用户为：管理员
2025-12-25 13:14:28,195 - root - INFO - 当前用户ID为：1
2025-12-25 13:14:28,195 - root - INFO - 运行正常，显示为主窗口
2025-12-25 13:14:43,203 - root - INFO - 当前用户为：管理员
2025-12-25 13:14:43,203 - root - INFO - 当前用户ID为：1
2025-12-25 13:14:43,203 - root - INFO - 运行正常，显示为主窗口
2025-12-25 13:14:58,219 - root - INFO - 当前用户为：管理员
2025-12-25 13:14:58,219 - root - INFO - 当前用户ID为：1
2025-12-25 13:14:58,219 - root - INFO - 运行正常，显示为主窗口
2025-12-25 13:15:13,230 - root - INFO - 当前用户为：管理员
2025-12-25 13:15:13,230 - root - INFO - 当前用户ID为：1
2025-12-25 13:15:13,230 - root - INFO - 运行正常，显示为主窗口
2025-12-25 13:15:28,231 - root - INFO - 当前用户为：管理员
2025-12-25 13:15:28,232 - root - INFO - 当前用户ID为：1
2025-12-25 13:15:28,232 - root - INFO - 运行正常，显示为主窗口
2025-12-25 13:15:43,236 - root - INFO - 当前用户为：管理员
2025-12-25 13:15:43,237 - root - INFO - 当前用户ID为：1
2025-12-25 13:15:43,237 - root - INFO - 运行正常，显示为主窗口
2025-12-25 13:15:58,245 - root - INFO - 当前用户为：管理员
2025-12-25 13:15:58,245 - root - INFO - 当前用户ID为：1
2025-12-25 13:15:58,246 - root - INFO - 运行正常，显示为主窗口
2025-12-25 13:16:13,257 - root - INFO - 当前用户为：管理员
2025-12-25 13:16:13,257 - root - INFO - 当前用户ID为：1
2025-12-25 13:16:13,257 - root - INFO - 运行正常，显示为主窗口
2025-12-25 13:16:28,264 - root - INFO - 当前用户为：管理员
2025-12-25 13:16:28,264 - root - INFO - 当前用户ID为：1
2025-12-25 13:16:28,264 - root - INFO - 运行正常，显示为主窗口
2025-12-25 13:16:43,265 - root - INFO - 当前用户为：管理员
2025-12-25 13:16:43,265 - root - INFO - 当前用户ID为：1
2025-12-25 13:16:43,266 - root - INFO - 运行正常，显示为主窗口
2025-12-25 13:16:58,278 - root - INFO - 当前用户为：管理员
2025-12-25 13:16:58,278 - root - INFO - 当前用户ID为：1
2025-12-25 13:16:58,278 - root - INFO - 运行正常，显示为主窗口
2025-12-25 13:17:13,290 - root - INFO - 当前用户为：管理员
2025-12-25 13:17:13,290 - root - INFO - 当前用户ID为：1
2025-12-25 13:17:13,290 - root - INFO - 运行正常，显示为主窗口
2025-12-25 13:17:28,303 - root - INFO - 当前用户为：管理员
2025-12-25 13:17:28,304 - root - INFO - 当前用户ID为：1
2025-12-25 13:17:28,304 - root - INFO - 运行正常，显示为主窗口
2025-12-25 13:17:43,314 - root - INFO - 当前用户为：管理员
2025-12-25 13:17:43,314 - root - INFO - 当前用户ID为：1
2025-12-25 13:17:43,314 - root - INFO - 运行正常，显示为主窗口
2025-12-25 13:17:58,315 - root - INFO - 当前用户为：管理员
2025-12-25 13:17:58,315 - root - INFO - 当前用户ID为：1
2025-12-25 13:17:58,315 - root - INFO - 运行正常，显示为主窗口
2025-12-25 13:18:13,327 - root - INFO - 当前用户为：管理员
2025-12-25 13:18:13,327 - root - INFO - 当前用户ID为：1
2025-12-25 13:18:13,328 - root - INFO - 运行正常，显示为主窗口
2025-12-25 13:18:28,340 - root - INFO - 当前用户为：管理员
2025-12-25 13:18:28,340 - root - INFO - 当前用户ID为：1
2025-12-25 13:18:28,340 - root - INFO - 运行正常，显示为主窗口
2025-12-25 13:18:43,345 - root - INFO - 当前用户为：管理员
2025-12-25 13:18:43,345 - root - INFO - 当前用户ID为：1
2025-12-25 13:18:43,345 - root - INFO - 运行正常，显示为主窗口
2025-12-25 13:18:58,349 - root - INFO - 当前用户为：管理员
2025-12-25 13:18:58,349 - root - INFO - 当前用户ID为：1
2025-12-25 13:18:58,349 - root - INFO - 运行正常，显示为主窗口
2025-12-25 13:19:13,356 - root - INFO - 当前用户为：管理员
2025-12-25 13:19:13,356 - root - INFO - 当前用户ID为：1
2025-12-25 13:19:13,356 - root - INFO - 运行正常，显示为主窗口
2025-12-25 13:19:28,357 - root - INFO - 当前用户为：管理员
2025-12-25 13:19:28,357 - root - INFO - 当前用户ID为：1
2025-12-25 13:19:28,357 - root - INFO - 运行正常，显示为主窗口
2025-12-25 13:19:43,371 - root - INFO - 当前用户为：管理员
2025-12-25 13:19:43,371 - root - INFO - 当前用户ID为：1
2025-12-25 13:19:43,371 - root - INFO - 运行正常，显示为主窗口
2025-12-25 13:19:58,382 - root - INFO - 当前用户为：管理员
2025-12-25 13:19:58,382 - root - INFO - 当前用户ID为：1
2025-12-25 13:19:58,382 - root - INFO - 运行正常，显示为主窗口
2025-12-25 13:20:13,396 - root - INFO - 当前用户为：管理员
2025-12-25 13:20:13,396 - root - INFO - 当前用户ID为：1
2025-12-25 13:20:13,396 - root - INFO - 运行正常，显示为主窗口
2025-12-25 13:20:28,405 - root - INFO - 当前用户为：管理员
2025-12-25 13:20:28,405 - root - INFO - 当前用户ID为：1
2025-12-25 13:20:28,406 - root - INFO - 运行正常，显示为主窗口
2025-12-25 13:20:43,418 - root - INFO - 当前用户为：管理员
2025-12-25 13:20:43,418 - root - INFO - 当前用户ID为：1
2025-12-25 13:20:43,418 - root - INFO - 运行正常，显示为主窗口
2025-12-25 13:20:58,429 - root - INFO - 当前用户为：管理员
2025-12-25 13:20:58,429 - root - INFO - 当前用户ID为：1
2025-12-25 13:20:58,429 - root - INFO - 运行正常，显示为主窗口
2025-12-25 13:21:13,439 - root - INFO - 当前用户为：管理员
2025-12-25 13:21:13,440 - root - INFO - 当前用户ID为：1
2025-12-25 13:21:13,440 - root - INFO - 运行正常，显示为主窗口
2025-12-25 13:21:28,444 - root - INFO - 当前用户为：管理员
2025-12-25 13:21:28,444 - root - INFO - 当前用户ID为：1
2025-12-25 13:21:28,444 - root - INFO - 运行正常，显示为主窗口
2025-12-25 13:21:43,451 - root - INFO - 当前用户为：管理员
2025-12-25 13:21:43,451 - root - INFO - 当前用户ID为：1
2025-12-25 13:21:43,451 - root - INFO - 运行正常，显示为主窗口
2025-12-25 13:21:58,467 - root - INFO - 当前用户为：管理员
2025-12-25 13:21:58,467 - root - INFO - 当前用户ID为：1
2025-12-25 13:21:58,467 - root - INFO - 运行正常，显示为主窗口
2025-12-25 13:22:13,476 - root - INFO - 当前用户为：管理员
2025-12-25 13:22:13,476 - root - INFO - 当前用户ID为：1
2025-12-25 13:22:13,476 - root - INFO - 运行正常，显示为主窗口
2025-12-25 13:22:28,484 - root - INFO - 当前用户为：管理员
2025-12-25 13:22:28,485 - root - INFO - 当前用户ID为：1
2025-12-25 13:22:28,485 - root - INFO - 运行正常，显示为主窗口
2025-12-25 13:22:43,497 - root - INFO - 当前用户为：管理员
2025-12-25 13:22:43,497 - root - INFO - 当前用户ID为：1
2025-12-25 13:22:43,498 - root - INFO - 运行正常，显示为主窗口
2025-12-25 13:22:58,512 - root - INFO - 当前用户为：管理员
2025-12-25 13:22:58,512 - root - INFO - 当前用户ID为：1
2025-12-25 13:22:58,513 - root - INFO - 运行正常，显示为主窗口
2025-12-25 13:23:13,515 - root - INFO - 当前用户为：管理员
2025-12-25 13:23:13,515 - root - INFO - 当前用户ID为：1
2025-12-25 13:23:13,515 - root - INFO - 运行正常，显示为主窗口
2025-12-25 13:23:28,516 - root - INFO - 当前用户为：管理员
2025-12-25 13:23:28,516 - root - INFO - 当前用户ID为：1
2025-12-25 13:23:28,516 - root - INFO - 运行正常，显示为主窗口
2025-12-25 13:23:43,521 - root - INFO - 当前用户为：管理员
2025-12-25 13:23:43,521 - root - INFO - 当前用户ID为：1
2025-12-25 13:23:43,521 - root - INFO - 运行正常，显示为主窗口
2025-12-25 13:23:58,537 - root - INFO - 当前用户为：管理员
2025-12-25 13:23:58,537 - root - INFO - 当前用户ID为：1
2025-12-25 13:23:58,538 - root - INFO - 运行正常，显示为主窗口
2025-12-25 13:24:13,549 - root - INFO - 当前用户为：管理员
2025-12-25 13:24:13,549 - root - INFO - 当前用户ID为：1
2025-12-25 13:24:13,549 - root - INFO - 运行正常，显示为主窗口
2025-12-25 13:24:28,549 - root - INFO - 当前用户为：管理员
2025-12-25 13:24:28,549 - root - INFO - 当前用户ID为：1
2025-12-25 13:24:28,550 - root - INFO - 运行正常，显示为主窗口
2025-12-25 13:24:43,565 - root - INFO - 当前用户为：管理员
2025-12-25 13:24:43,565 - root - INFO - 当前用户ID为：1
2025-12-25 13:24:43,566 - root - INFO - 运行正常，显示为主窗口
2025-12-25 13:24:58,580 - root - INFO - 当前用户为：管理员
2025-12-25 13:24:58,580 - root - INFO - 当前用户ID为：1
2025-12-25 13:24:58,580 - root - INFO - 运行正常，显示为主窗口
2025-12-25 13:25:13,586 - root - INFO - 当前用户为：管理员
2025-12-25 13:25:13,587 - root - INFO - 当前用户ID为：1
2025-12-25 13:25:13,587 - root - INFO - 运行正常，显示为主窗口
2025-12-25 13:25:28,597 - root - INFO - 当前用户为：管理员
2025-12-25 13:25:28,598 - root - INFO - 当前用户ID为：1
2025-12-25 13:25:28,598 - root - INFO - 运行正常，显示为主窗口
2025-12-25 13:25:43,610 - root - INFO - 当前用户为：管理员
2025-12-25 13:25:43,611 - root - INFO - 当前用户ID为：1
2025-12-25 13:25:43,611 - root - INFO - 运行正常，显示为主窗口
2025-12-25 13:25:58,618 - root - INFO - 当前用户为：管理员
2025-12-25 13:25:58,618 - root - INFO - 当前用户ID为：1
2025-12-25 13:25:58,619 - root - INFO - 运行正常，显示为主窗口
2025-12-25 13:26:13,631 - root - INFO - 当前用户为：管理员
2025-12-25 13:26:13,631 - root - INFO - 当前用户ID为：1
2025-12-25 13:26:13,631 - root - INFO - 运行正常，显示为主窗口
2025-12-25 13:26:28,647 - root - INFO - 当前用户为：管理员
2025-12-25 13:26:28,647 - root - INFO - 当前用户ID为：1
2025-12-25 13:26:28,648 - root - INFO - 运行正常，显示为主窗口
2025-12-25 13:26:43,651 - root - INFO - 当前用户为：管理员
2025-12-25 13:26:43,651 - root - INFO - 当前用户ID为：1
2025-12-25 13:26:43,651 - root - INFO - 运行正常，显示为主窗口
2025-12-25 13:26:58,660 - root - INFO - 当前用户为：管理员
2025-12-25 13:26:58,660 - root - INFO - 当前用户ID为：1
2025-12-25 13:26:58,660 - root - INFO - 运行正常，显示为主窗口
2025-12-25 13:27:13,664 - root - INFO - 当前用户为：管理员
2025-12-25 13:27:13,665 - root - INFO - 当前用户ID为：1
2025-12-25 13:27:13,665 - root - INFO - 运行正常，显示为主窗口
2025-12-25 13:27:28,679 - root - INFO - 当前用户为：管理员
2025-12-25 13:27:28,679 - root - INFO - 当前用户ID为：1
2025-12-25 13:27:28,679 - root - INFO - 运行正常，显示为主窗口
2025-12-25 13:27:43,691 - root - INFO - 当前用户为：管理员
2025-12-25 13:27:43,691 - root - INFO - 当前用户ID为：1
2025-12-25 13:27:43,691 - root - INFO - 运行正常，显示为主窗口
2025-12-25 13:27:58,707 - root - INFO - 当前用户为：管理员
2025-12-25 13:27:58,707 - root - INFO - 当前用户ID为：1
2025-12-25 13:27:58,707 - root - INFO - 运行正常，显示为主窗口
2025-12-25 13:28:13,717 - root - INFO - 当前用户为：管理员
2025-12-25 13:28:13,718 - root - INFO - 当前用户ID为：1
2025-12-25 13:28:13,718 - root - INFO - 运行正常，显示为主窗口
2025-12-25 13:28:28,720 - root - INFO - 当前用户为：管理员
2025-12-25 13:28:28,720 - root - INFO - 当前用户ID为：1
2025-12-25 13:28:28,720 - root - INFO - 运行正常，显示为主窗口
2025-12-25 13:28:43,723 - root - INFO - 当前用户为：管理员
2025-12-25 13:28:43,723 - root - INFO - 当前用户ID为：1
2025-12-25 13:28:43,723 - root - INFO - 运行正常，显示为主窗口
2025-12-25 13:28:58,734 - root - INFO - 当前用户为：管理员
2025-12-25 13:28:58,735 - root - INFO - 当前用户ID为：1
2025-12-25 13:28:58,735 - root - INFO - 运行正常，显示为主窗口
2025-12-25 13:29:13,748 - root - INFO - 当前用户为：管理员
2025-12-25 13:29:13,748 - root - INFO - 当前用户ID为：1
2025-12-25 13:29:13,748 - root - INFO - 运行正常，显示为主窗口
2025-12-25 13:29:28,750 - root - INFO - 当前用户为：管理员
2025-12-25 13:29:28,751 - root - INFO - 当前用户ID为：1
2025-12-25 13:29:28,751 - root - INFO - 运行正常，显示为主窗口
2025-12-25 13:29:43,754 - root - INFO - 当前用户为：管理员
2025-12-25 13:29:43,754 - root - INFO - 当前用户ID为：1
2025-12-25 13:29:43,754 - root - INFO - 运行正常，显示为主窗口
2025-12-25 13:29:58,756 - root - INFO - 当前用户为：管理员
2025-12-25 13:29:58,757 - root - INFO - 当前用户ID为：1
2025-12-25 13:29:58,757 - root - INFO - 运行正常，显示为主窗口
2025-12-25 13:30:13,765 - root - INFO - 当前用户为：管理员
2025-12-25 13:30:13,765 - root - INFO - 当前用户ID为：1
2025-12-25 13:30:13,766 - root - INFO - 运行正常，显示为主窗口
2025-12-25 13:30:28,780 - root - INFO - 当前用户为：管理员
2025-12-25 13:30:28,781 - root - INFO - 当前用户ID为：1
2025-12-25 13:30:28,781 - root - INFO - 运行正常，显示为主窗口
2025-12-25 13:30:43,783 - root - INFO - 当前用户为：管理员
2025-12-25 13:30:43,783 - root - INFO - 当前用户ID为：1
2025-12-25 13:30:43,783 - root - INFO - 运行正常，显示为主窗口
2025-12-25 13:30:58,784 - root - INFO - 当前用户为：管理员
2025-12-25 13:30:58,784 - root - INFO - 当前用户ID为：1
2025-12-25 13:30:58,784 - root - INFO - 运行正常，显示为主窗口
2025-12-25 13:31:13,788 - root - INFO - 当前用户为：管理员
2025-12-25 13:31:13,789 - root - INFO - 当前用户ID为：1
2025-12-25 13:31:13,789 - root - INFO - 运行正常，显示为主窗口
2025-12-25 13:31:28,794 - root - INFO - 当前用户为：管理员
2025-12-25 13:31:28,794 - root - INFO - 当前用户ID为：1
2025-12-25 13:31:28,794 - root - INFO - 运行正常，显示为主窗口
2025-12-25 13:31:43,795 - root - INFO - 当前用户为：管理员
2025-12-25 13:31:43,795 - root - INFO - 当前用户ID为：1
2025-12-25 13:31:43,795 - root - INFO - 运行正常，显示为主窗口
2025-12-25 13:31:58,802 - root - INFO - 当前用户为：管理员
2025-12-25 13:31:58,802 - root - INFO - 当前用户ID为：1
2025-12-25 13:31:58,802 - root - INFO - 运行正常，显示为主窗口
2025-12-25 13:32:13,810 - root - INFO - 当前用户为：管理员
2025-12-25 13:32:13,811 - root - INFO - 当前用户ID为：1
2025-12-25 13:32:13,811 - root - INFO - 运行正常，显示为主窗口
2025-12-25 13:32:28,821 - root - INFO - 当前用户为：管理员
2025-12-25 13:32:28,821 - root - INFO - 当前用户ID为：1
2025-12-25 13:32:28,821 - root - INFO - 运行正常，显示为主窗口
2025-12-25 13:32:43,833 - root - INFO - 当前用户为：管理员
2025-12-25 13:32:43,833 - root - INFO - 当前用户ID为：1
2025-12-25 13:32:43,833 - root - INFO - 运行正常，显示为主窗口
2025-12-25 13:32:58,839 - root - INFO - 当前用户为：管理员
2025-12-25 13:32:58,839 - root - INFO - 当前用户ID为：1
2025-12-25 13:32:58,839 - root - INFO - 运行正常，显示为主窗口
2025-12-25 13:33:13,840 - root - INFO - 当前用户为：管理员
2025-12-25 13:33:13,840 - root - INFO - 当前用户ID为：1
2025-12-25 13:33:13,840 - root - INFO - 运行正常，显示为主窗口
2025-12-25 13:33:28,841 - root - INFO - 当前用户为：管理员
2025-12-25 13:33:28,841 - root - INFO - 当前用户ID为：1
2025-12-25 13:33:28,841 - root - INFO - 运行正常，显示为主窗口
2025-12-25 13:33:43,844 - root - INFO - 当前用户为：管理员
2025-12-25 13:33:43,844 - root - INFO - 当前用户ID为：1
2025-12-25 13:33:43,844 - root - INFO - 运行正常，显示为主窗口
2025-12-25 13:33:58,856 - root - INFO - 当前用户为：管理员
2025-12-25 13:33:58,856 - root - INFO - 当前用户ID为：1
2025-12-25 13:33:58,856 - root - INFO - 运行正常，显示为主窗口
2025-12-25 13:34:13,864 - root - INFO - 当前用户为：管理员
2025-12-25 13:34:13,864 - root - INFO - 当前用户ID为：1
2025-12-25 13:34:13,864 - root - INFO - 运行正常，显示为主窗口
2025-12-25 13:34:28,876 - root - INFO - 当前用户为：管理员
2025-12-25 13:34:28,876 - root - INFO - 当前用户ID为：1
2025-12-25 13:34:28,876 - root - INFO - 运行正常，显示为主窗口
2025-12-25 13:34:43,889 - root - INFO - 当前用户为：管理员
2025-12-25 13:34:43,889 - root - INFO - 当前用户ID为：1
2025-12-25 13:34:43,890 - root - INFO - 运行正常，显示为主窗口
2025-12-25 13:34:58,897 - root - INFO - 当前用户为：管理员
2025-12-25 13:34:58,897 - root - INFO - 当前用户ID为：1
2025-12-25 13:34:58,898 - root - INFO - 运行正常，显示为主窗口
2025-12-25 13:35:13,905 - root - INFO - 当前用户为：管理员
2025-12-25 13:35:13,905 - root - INFO - 当前用户ID为：1
2025-12-25 13:35:13,905 - root - INFO - 运行正常，显示为主窗口
2025-12-25 13:35:28,912 - root - INFO - 当前用户为：管理员
2025-12-25 13:35:28,913 - root - INFO - 当前用户ID为：1
2025-12-25 13:35:28,913 - root - INFO - 运行正常，显示为主窗口
2025-12-25 13:35:43,925 - root - INFO - 当前用户为：管理员
2025-12-25 13:35:43,925 - root - INFO - 当前用户ID为：1
2025-12-25 13:35:43,925 - root - INFO - 运行正常，显示为主窗口
2025-12-25 13:35:58,932 - root - INFO - 当前用户为：管理员
2025-12-25 13:35:58,932 - root - INFO - 当前用户ID为：1
2025-12-25 13:35:58,932 - root - INFO - 运行正常，显示为主窗口
2025-12-25 13:36:13,942 - root - INFO - 当前用户为：管理员
2025-12-25 13:36:13,942 - root - INFO - 当前用户ID为：1
2025-12-25 13:36:13,942 - root - INFO - 运行正常，显示为主窗口
2025-12-25 13:36:28,954 - root - INFO - 当前用户为：管理员
2025-12-25 13:36:28,955 - root - INFO - 当前用户ID为：1
2025-12-25 13:36:28,955 - root - INFO - 运行正常，显示为主窗口
2025-12-25 13:36:43,961 - root - INFO - 当前用户为：管理员
2025-12-25 13:36:43,961 - root - INFO - 当前用户ID为：1
2025-12-25 13:36:43,961 - root - INFO - 运行正常，显示为主窗口
2025-12-25 13:36:58,966 - root - INFO - 当前用户为：管理员
2025-12-25 13:36:58,966 - root - INFO - 当前用户ID为：1
2025-12-25 13:36:58,966 - root - INFO - 运行正常，显示为主窗口
2025-12-25 13:37:13,973 - root - INFO - 当前用户为：管理员
2025-12-25 13:37:13,973 - root - INFO - 当前用户ID为：1
2025-12-25 13:37:13,973 - root - INFO - 运行正常，显示为主窗口
2025-12-25 13:37:28,987 - root - INFO - 当前用户为：管理员
2025-12-25 13:37:28,987 - root - INFO - 当前用户ID为：1
2025-12-25 13:37:28,987 - root - INFO - 运行正常，显示为主窗口
2025-12-25 13:37:44,003 - root - INFO - 当前用户为：管理员
2025-12-25 13:37:44,003 - root - INFO - 当前用户ID为：1
2025-12-25 13:37:44,003 - root - INFO - 运行正常，显示为主窗口
2025-12-25 13:37:59,007 - root - INFO - 当前用户为：管理员
2025-12-25 13:37:59,007 - root - INFO - 当前用户ID为：1
2025-12-25 13:37:59,007 - root - INFO - 运行正常，显示为主窗口
2025-12-25 13:38:14,011 - root - INFO - 当前用户为：管理员
2025-12-25 13:38:14,011 - root - INFO - 当前用户ID为：1
2025-12-25 13:38:14,011 - root - INFO - 运行正常，显示为主窗口
2025-12-25 13:38:29,017 - root - INFO - 当前用户为：管理员
2025-12-25 13:38:29,017 - root - INFO - 当前用户ID为：1
2025-12-25 13:38:29,017 - root - INFO - 运行正常，显示为主窗口
2025-12-25 13:38:44,023 - root - INFO - 当前用户为：管理员
2025-12-25 13:38:44,023 - root - INFO - 当前用户ID为：1
2025-12-25 13:38:44,023 - root - INFO - 运行正常，显示为主窗口
2025-12-25 13:38:59,030 - root - INFO - 当前用户为：管理员
2025-12-25 13:38:59,030 - root - INFO - 当前用户ID为：1
2025-12-25 13:38:59,030 - root - INFO - 运行正常，显示为主窗口
2025-12-25 13:39:14,042 - root - INFO - 当前用户为：管理员
2025-12-25 13:39:14,042 - root - INFO - 当前用户ID为：1
2025-12-25 13:39:14,043 - root - INFO - 运行正常，显示为主窗口
2025-12-25 13:39:29,051 - root - INFO - 当前用户为：管理员
2025-12-25 13:39:29,052 - root - INFO - 当前用户ID为：1
2025-12-25 13:39:29,052 - root - INFO - 运行正常，显示为主窗口
2025-12-25 13:39:44,059 - root - INFO - 当前用户为：管理员
2025-12-25 13:39:44,059 - root - INFO - 当前用户ID为：1
2025-12-25 13:39:44,059 - root - INFO - 运行正常，显示为主窗口
2025-12-25 13:39:59,064 - root - INFO - 当前用户为：管理员
2025-12-25 13:39:59,064 - root - INFO - 当前用户ID为：1
2025-12-25 13:39:59,064 - root - INFO - 运行正常，显示为主窗口
2025-12-25 13:40:14,071 - root - INFO - 当前用户为：管理员
2025-12-25 13:40:14,072 - root - INFO - 当前用户ID为：1
2025-12-25 13:40:14,072 - root - INFO - 运行正常，显示为主窗口
2025-12-25 13:40:29,078 - root - INFO - 当前用户为：管理员
2025-12-25 13:40:29,078 - root - INFO - 当前用户ID为：1
2025-12-25 13:40:29,078 - root - INFO - 运行正常，显示为主窗口
2025-12-25 13:40:44,083 - root - INFO - 当前用户为：管理员
2025-12-25 13:40:44,084 - root - INFO - 当前用户ID为：1
2025-12-25 13:40:44,084 - root - INFO - 运行正常，显示为主窗口
2025-12-25 13:40:59,085 - root - INFO - 当前用户为：管理员
2025-12-25 13:40:59,085 - root - INFO - 当前用户ID为：1
2025-12-25 13:40:59,085 - root - INFO - 运行正常，显示为主窗口
2025-12-25 13:41:14,089 - root - INFO - 当前用户为：管理员
2025-12-25 13:41:14,089 - root - INFO - 当前用户ID为：1
2025-12-25 13:41:14,089 - root - INFO - 运行正常，显示为主窗口
2025-12-25 13:41:29,103 - root - INFO - 当前用户为：管理员
2025-12-25 13:41:29,103 - root - INFO - 当前用户ID为：1
2025-12-25 13:41:29,104 - root - INFO - 运行正常，显示为主窗口
2025-12-25 13:41:44,111 - root - INFO - 当前用户为：管理员
2025-12-25 13:41:44,111 - root - INFO - 当前用户ID为：1
2025-12-25 13:41:44,111 - root - INFO - 运行正常，显示为主窗口
2025-12-25 13:41:59,125 - root - INFO - 当前用户为：管理员
2025-12-25 13:41:59,125 - root - INFO - 当前用户ID为：1
2025-12-25 13:41:59,125 - root - INFO - 运行正常，显示为主窗口
2025-12-25 13:42:14,139 - root - INFO - 当前用户为：管理员
2025-12-25 13:42:14,139 - root - INFO - 当前用户ID为：1
2025-12-25 13:42:14,139 - root - INFO - 运行正常，显示为主窗口
2025-12-25 13:42:29,147 - root - INFO - 当前用户为：管理员
2025-12-25 13:42:29,147 - root - INFO - 当前用户ID为：1
2025-12-25 13:42:29,147 - root - INFO - 运行正常，显示为主窗口
2025-12-25 13:42:44,155 - root - INFO - 当前用户为：管理员
2025-12-25 13:42:44,155 - root - INFO - 当前用户ID为：1
2025-12-25 13:42:44,155 - root - INFO - 运行正常，显示为主窗口
2025-12-25 13:42:59,164 - root - INFO - 当前用户为：管理员
2025-12-25 13:42:59,164 - root - INFO - 当前用户ID为：1
2025-12-25 13:42:59,164 - root - INFO - 运行正常，显示为主窗口
2025-12-25 13:43:14,164 - root - INFO - 当前用户为：管理员
2025-12-25 13:43:14,164 - root - INFO - 当前用户ID为：1
2025-12-25 13:43:14,164 - root - INFO - 运行正常，显示为主窗口
2025-12-25 13:43:29,175 - root - INFO - 当前用户为：管理员
2025-12-25 13:43:29,175 - root - INFO - 当前用户ID为：1
2025-12-25 13:43:29,175 - root - INFO - 运行正常，显示为主窗口
2025-12-25 13:43:44,183 - root - INFO - 当前用户为：管理员
2025-12-25 13:43:44,183 - root - INFO - 当前用户ID为：1
2025-12-25 13:43:44,184 - root - INFO - 运行正常，显示为主窗口
2025-12-25 13:43:59,193 - root - INFO - 当前用户为：管理员
2025-12-25 13:43:59,193 - root - INFO - 当前用户ID为：1
2025-12-25 13:43:59,193 - root - INFO - 运行正常，显示为主窗口
2025-12-25 13:44:14,195 - root - INFO - 当前用户为：管理员
2025-12-25 13:44:14,195 - root - INFO - 当前用户ID为：1
2025-12-25 13:44:14,195 - root - INFO - 运行正常，显示为主窗口
2025-12-25 13:44:29,208 - root - INFO - 当前用户为：管理员
2025-12-25 13:44:29,208 - root - INFO - 当前用户ID为：1
2025-12-25 13:44:29,208 - root - INFO - 运行正常，显示为主窗口
2025-12-25 13:44:44,214 - root - INFO - 当前用户为：管理员
2025-12-25 13:44:44,214 - root - INFO - 当前用户ID为：1
2025-12-25 13:44:44,214 - root - INFO - 运行正常，显示为主窗口
2025-12-25 13:44:59,220 - root - INFO - 当前用户为：管理员
2025-12-25 13:44:59,220 - root - INFO - 当前用户ID为：1
2025-12-25 13:44:59,220 - root - INFO - 运行正常，显示为主窗口
2025-12-25 13:45:14,236 - root - INFO - 当前用户为：管理员
2025-12-25 13:45:14,236 - root - INFO - 当前用户ID为：1
2025-12-25 13:45:14,236 - root - INFO - 运行正常，显示为主窗口
2025-12-25 13:45:29,249 - root - INFO - 当前用户为：管理员
2025-12-25 13:45:29,249 - root - INFO - 当前用户ID为：1
2025-12-25 13:45:29,249 - root - INFO - 运行正常，显示为主窗口
2025-12-25 13:45:44,258 - root - INFO - 当前用户为：管理员
2025-12-25 13:45:44,258 - root - INFO - 当前用户ID为：1
2025-12-25 13:45:44,258 - root - INFO - 运行正常，显示为主窗口
2025-12-25 13:45:59,273 - root - INFO - 当前用户为：管理员
2025-12-25 13:45:59,273 - root - INFO - 当前用户ID为：1
2025-12-25 13:45:59,273 - root - INFO - 运行正常，显示为主窗口
2025-12-25 13:46:14,279 - root - INFO - 当前用户为：管理员
2025-12-25 13:46:14,279 - root - INFO - 当前用户ID为：1
2025-12-25 13:46:14,279 - root - INFO - 运行正常，显示为主窗口
2025-12-25 13:46:29,286 - root - INFO - 当前用户为：管理员
2025-12-25 13:46:29,286 - root - INFO - 当前用户ID为：1
2025-12-25 13:46:29,286 - root - INFO - 运行正常，显示为主窗口
2025-12-25 13:46:44,287 - root - INFO - 当前用户为：管理员
2025-12-25 13:46:44,287 - root - INFO - 当前用户ID为：1
2025-12-25 13:46:44,287 - root - INFO - 运行正常，显示为主窗口
2025-12-25 13:46:59,296 - root - INFO - 当前用户为：管理员
2025-12-25 13:46:59,296 - root - INFO - 当前用户ID为：1
2025-12-25 13:46:59,296 - root - INFO - 运行正常，显示为主窗口
2025-12-25 13:47:14,297 - root - INFO - 当前用户为：管理员
2025-12-25 13:47:14,297 - root - INFO - 当前用户ID为：1
2025-12-25 13:47:14,297 - root - INFO - 运行正常，显示为主窗口
2025-12-25 13:47:29,298 - root - INFO - 当前用户为：管理员
2025-12-25 13:47:29,298 - root - INFO - 当前用户ID为：1
2025-12-25 13:47:29,299 - root - INFO - 运行正常，显示为主窗口
2025-12-25 13:47:44,306 - root - INFO - 当前用户为：管理员
2025-12-25 13:47:44,306 - root - INFO - 当前用户ID为：1
2025-12-25 13:47:44,306 - root - INFO - 运行正常，显示为主窗口
2025-12-25 13:47:59,317 - root - INFO - 当前用户为：管理员
2025-12-25 13:47:59,317 - root - INFO - 当前用户ID为：1
2025-12-25 13:47:59,317 - root - INFO - 运行正常，显示为主窗口
2025-12-25 13:48:14,333 - root - INFO - 当前用户为：管理员
2025-12-25 13:48:14,333 - root - INFO - 当前用户ID为：1
2025-12-25 13:48:14,333 - root - INFO - 运行正常，显示为主窗口
2025-12-25 13:48:29,338 - root - INFO - 当前用户为：管理员
2025-12-25 13:48:29,338 - root - INFO - 当前用户ID为：1
2025-12-25 13:48:29,338 - root - INFO - 运行正常，显示为主窗口
2025-12-25 13:48:44,349 - root - INFO - 当前用户为：管理员
2025-12-25 13:48:44,350 - root - INFO - 当前用户ID为：1
2025-12-25 13:48:44,350 - root - INFO - 运行正常，显示为主窗口
2025-12-25 13:48:59,363 - root - INFO - 当前用户为：管理员
2025-12-25 13:48:59,363 - root - INFO - 当前用户ID为：1
2025-12-25 13:48:59,363 - root - INFO - 运行正常，显示为主窗口
2025-12-25 13:49:14,365 - root - INFO - 当前用户为：管理员
2025-12-25 13:49:14,365 - root - INFO - 当前用户ID为：1
2025-12-25 13:49:14,365 - root - INFO - 运行正常，显示为主窗口
2025-12-25 13:49:29,378 - root - INFO - 当前用户为：管理员
2025-12-25 13:49:29,378 - root - INFO - 当前用户ID为：1
2025-12-25 13:49:29,378 - root - INFO - 运行正常，显示为主窗口
2025-12-25 13:49:44,382 - root - INFO - 当前用户为：管理员
2025-12-25 13:49:44,382 - root - INFO - 当前用户ID为：1
2025-12-25 13:49:44,382 - root - INFO - 运行正常，显示为主窗口
2025-12-25 13:49:59,396 - root - INFO - 当前用户为：管理员
2025-12-25 13:49:59,396 - root - INFO - 当前用户ID为：1
2025-12-25 13:49:59,396 - root - INFO - 运行正常，显示为主窗口
2025-12-25 13:50:14,401 - root - INFO - 当前用户为：管理员
2025-12-25 13:50:14,401 - root - INFO - 当前用户ID为：1
2025-12-25 13:50:14,401 - root - INFO - 运行正常，显示为主窗口
2025-12-25 13:50:29,404 - root - INFO - 当前用户为：管理员
2025-12-25 13:50:29,404 - root - INFO - 当前用户ID为：1
2025-12-25 13:50:29,404 - root - INFO - 运行正常，显示为主窗口
2025-12-25 13:50:44,412 - root - INFO - 当前用户为：管理员
2025-12-25 13:50:44,412 - root - INFO - 当前用户ID为：1
2025-12-25 13:50:44,412 - root - INFO - 运行正常，显示为主窗口
2025-12-25 13:50:59,425 - root - INFO - 当前用户为：管理员
2025-12-25 13:50:59,425 - root - INFO - 当前用户ID为：1
2025-12-25 13:50:59,425 - root - INFO - 运行正常，显示为主窗口
2025-12-25 13:51:14,425 - root - INFO - 当前用户为：管理员
2025-12-25 13:51:14,425 - root - INFO - 当前用户ID为：1
2025-12-25 13:51:14,426 - root - INFO - 运行正常，显示为主窗口
2025-12-25 13:51:29,439 - root - INFO - 当前用户为：管理员
2025-12-25 13:51:29,439 - root - INFO - 当前用户ID为：1
2025-12-25 13:51:29,439 - root - INFO - 运行正常，显示为主窗口
2025-12-25 13:51:44,444 - root - INFO - 当前用户为：管理员
2025-12-25 13:51:44,444 - root - INFO - 当前用户ID为：1
2025-12-25 13:51:44,444 - root - INFO - 运行正常，显示为主窗口
2025-12-25 13:51:59,451 - root - INFO - 当前用户为：管理员
2025-12-25 13:51:59,451 - root - INFO - 当前用户ID为：1
2025-12-25 13:51:59,451 - root - INFO - 运行正常，显示为主窗口
2025-12-25 13:52:14,466 - root - INFO - 当前用户为：管理员
2025-12-25 13:52:14,466 - root - INFO - 当前用户ID为：1
2025-12-25 13:52:14,466 - root - INFO - 运行正常，显示为主窗口
2025-12-25 13:52:29,475 - root - INFO - 当前用户为：管理员
2025-12-25 13:52:29,475 - root - INFO - 当前用户ID为：1
2025-12-25 13:52:29,475 - root - INFO - 运行正常，显示为主窗口
2025-12-25 13:52:44,490 - root - INFO - 当前用户为：管理员
2025-12-25 13:52:44,490 - root - INFO - 当前用户ID为：1
2025-12-25 13:52:44,490 - root - INFO - 运行正常，显示为主窗口
2025-12-25 13:52:59,494 - root - INFO - 当前用户为：管理员
2025-12-25 13:52:59,494 - root - INFO - 当前用户ID为：1
2025-12-25 13:52:59,495 - root - INFO - 运行正常，显示为主窗口
2025-12-25 13:53:14,498 - root - INFO - 当前用户为：管理员
2025-12-25 13:53:14,498 - root - INFO - 当前用户ID为：1
2025-12-25 13:53:14,498 - root - INFO - 运行正常，显示为主窗口
2025-12-25 13:53:29,510 - root - INFO - 当前用户为：管理员
2025-12-25 13:53:29,510 - root - INFO - 当前用户ID为：1
2025-12-25 13:53:29,510 - root - INFO - 运行正常，显示为主窗口
2025-12-25 13:53:44,513 - root - INFO - 当前用户为：管理员
2025-12-25 13:53:44,513 - root - INFO - 当前用户ID为：1
2025-12-25 13:53:44,513 - root - INFO - 运行正常，显示为主窗口
2025-12-25 13:53:59,516 - root - INFO - 当前用户为：管理员
2025-12-25 13:53:59,516 - root - INFO - 当前用户ID为：1
2025-12-25 13:53:59,516 - root - INFO - 运行正常，显示为主窗口
2025-12-25 13:54:14,528 - root - INFO - 当前用户为：管理员
2025-12-25 13:54:14,528 - root - INFO - 当前用户ID为：1
2025-12-25 13:54:14,528 - root - INFO - 运行正常，显示为主窗口
2025-12-25 13:54:29,544 - root - INFO - 当前用户为：管理员
2025-12-25 13:54:29,544 - root - INFO - 当前用户ID为：1
2025-12-25 13:54:29,544 - root - INFO - 运行正常，显示为主窗口
2025-12-25 13:54:44,560 - root - INFO - 当前用户为：管理员
2025-12-25 13:54:44,560 - root - INFO - 当前用户ID为：1
2025-12-25 13:54:44,560 - root - INFO - 运行正常，显示为主窗口
2025-12-25 13:54:59,575 - root - INFO - 当前用户为：管理员
2025-12-25 13:54:59,576 - root - INFO - 当前用户ID为：1
2025-12-25 13:54:59,576 - root - INFO - 运行正常，显示为主窗口
2025-12-25 13:55:14,578 - root - INFO - 当前用户为：管理员
2025-12-25 13:55:14,578 - root - INFO - 当前用户ID为：1
2025-12-25 13:55:14,578 - root - INFO - 运行正常，显示为主窗口
2025-12-25 13:55:29,583 - root - INFO - 当前用户为：管理员
2025-12-25 13:55:29,583 - root - INFO - 当前用户ID为：1
2025-12-25 13:55:29,583 - root - INFO - 运行正常，显示为主窗口
2025-12-25 13:55:44,597 - root - INFO - 当前用户为：管理员
2025-12-25 13:55:44,597 - root - INFO - 当前用户ID为：1
2025-12-25 13:55:44,598 - root - INFO - 运行正常，显示为主窗口
2025-12-25 13:55:59,606 - root - INFO - 当前用户为：管理员
2025-12-25 13:55:59,606 - root - INFO - 当前用户ID为：1
2025-12-25 13:55:59,606 - root - INFO - 运行正常，显示为主窗口
2025-12-25 13:56:14,613 - root - INFO - 当前用户为：管理员
2025-12-25 13:56:14,613 - root - INFO - 当前用户ID为：1
2025-12-25 13:56:14,613 - root - INFO - 运行正常，显示为主窗口
2025-12-25 13:56:29,617 - root - INFO - 当前用户为：管理员
2025-12-25 13:56:29,617 - root - INFO - 当前用户ID为：1
2025-12-25 13:56:29,618 - root - INFO - 运行正常，显示为主窗口
2025-12-25 13:56:44,624 - root - INFO - 当前用户为：管理员
2025-12-25 13:56:44,624 - root - INFO - 当前用户ID为：1
2025-12-25 13:56:44,624 - root - INFO - 运行正常，显示为主窗口
2025-12-25 13:56:59,627 - root - INFO - 当前用户为：管理员
2025-12-25 13:56:59,627 - root - INFO - 当前用户ID为：1
2025-12-25 13:56:59,628 - root - INFO - 运行正常，显示为主窗口
2025-12-25 13:57:14,643 - root - INFO - 当前用户为：管理员
2025-12-25 13:57:14,643 - root - INFO - 当前用户ID为：1
2025-12-25 13:57:14,643 - root - INFO - 运行正常，显示为主窗口
2025-12-25 13:57:29,645 - root - INFO - 当前用户为：管理员
2025-12-25 13:57:29,645 - root - INFO - 当前用户ID为：1
2025-12-25 13:57:29,645 - root - INFO - 运行正常，显示为主窗口
2025-12-25 13:57:44,654 - root - INFO - 当前用户为：管理员
2025-12-25 13:57:44,654 - root - INFO - 当前用户ID为：1
2025-12-25 13:57:44,654 - root - INFO - 运行正常，显示为主窗口
2025-12-25 13:57:59,659 - root - INFO - 当前用户为：管理员
2025-12-25 13:57:59,659 - root - INFO - 当前用户ID为：1
2025-12-25 13:57:59,659 - root - INFO - 运行正常，显示为主窗口
2025-12-25 13:58:14,672 - root - INFO - 当前用户为：管理员
2025-12-25 13:58:14,672 - root - INFO - 当前用户ID为：1
2025-12-25 13:58:14,672 - root - INFO - 运行正常，显示为主窗口
2025-12-25 13:58:29,672 - root - INFO - 当前用户为：管理员
2025-12-25 13:58:29,672 - root - INFO - 当前用户ID为：1
2025-12-25 13:58:29,672 - root - INFO - 运行正常，显示为主窗口
2025-12-25 13:58:44,687 - root - INFO - 当前用户为：管理员
2025-12-25 13:58:44,687 - root - INFO - 当前用户ID为：1
2025-12-25 13:58:44,687 - root - INFO - 运行正常，显示为主窗口
2025-12-25 13:58:59,697 - root - INFO - 当前用户为：管理员
2025-12-25 13:58:59,697 - root - INFO - 当前用户ID为：1
2025-12-25 13:58:59,697 - root - INFO - 运行正常，显示为主窗口
2025-12-25 13:59:14,709 - root - INFO - 当前用户为：管理员
2025-12-25 13:59:14,709 - root - INFO - 当前用户ID为：1
2025-12-25 13:59:14,709 - root - INFO - 运行正常，显示为主窗口
2025-12-25 13:59:29,711 - root - INFO - 当前用户为：管理员
2025-12-25 13:59:29,712 - root - INFO - 当前用户ID为：1
2025-12-25 13:59:29,712 - root - INFO - 运行正常，显示为主窗口
2025-12-25 13:59:44,721 - root - INFO - 当前用户为：管理员
2025-12-25 13:59:44,721 - root - INFO - 当前用户ID为：1
2025-12-25 13:59:44,721 - root - INFO - 运行正常，显示为主窗口
2025-12-25 13:59:59,724 - root - INFO - 当前用户为：管理员
2025-12-25 13:59:59,724 - root - INFO - 当前用户ID为：1
2025-12-25 13:59:59,724 - root - INFO - 运行正常，显示为主窗口
2025-12-25 14:00:14,725 - root - INFO - 当前用户为：管理员
2025-12-25 14:00:14,726 - root - INFO - 当前用户ID为：1
2025-12-25 14:00:14,726 - root - INFO - 运行正常，显示为主窗口
2025-12-25 14:00:29,728 - root - INFO - 当前用户为：管理员
2025-12-25 14:00:29,729 - root - INFO - 当前用户ID为：1
2025-12-25 14:00:29,729 - root - INFO - 运行正常，显示为主窗口
2025-12-25 14:00:44,739 - root - INFO - 当前用户为：管理员
2025-12-25 14:00:44,739 - root - INFO - 当前用户ID为：1
2025-12-25 14:00:44,739 - root - INFO - 运行正常，显示为主窗口
2025-12-25 14:00:59,741 - root - INFO - 当前用户为：管理员
2025-12-25 14:00:59,741 - root - INFO - 当前用户ID为：1
2025-12-25 14:00:59,741 - root - INFO - 运行正常，显示为主窗口
2025-12-25 14:01:14,746 - root - INFO - 当前用户为：管理员
2025-12-25 14:01:14,746 - root - INFO - 当前用户ID为：1
2025-12-25 14:01:14,747 - root - INFO - 运行正常，显示为主窗口
2025-12-25 14:01:29,748 - root - INFO - 当前用户为：管理员
2025-12-25 14:01:29,748 - root - INFO - 当前用户ID为：1
2025-12-25 14:01:29,748 - root - INFO - 运行正常，显示为主窗口
2025-12-25 14:01:44,756 - root - INFO - 当前用户为：管理员
2025-12-25 14:01:44,756 - root - INFO - 当前用户ID为：1
2025-12-25 14:01:44,756 - root - INFO - 运行正常，显示为主窗口
2025-12-25 14:01:59,759 - root - INFO - 当前用户为：管理员
2025-12-25 14:01:59,759 - root - INFO - 当前用户ID为：1
2025-12-25 14:01:59,759 - root - INFO - 运行正常，显示为主窗口
2025-12-25 14:02:14,767 - root - INFO - 当前用户为：管理员
2025-12-25 14:02:14,767 - root - INFO - 当前用户ID为：1
2025-12-25 14:02:14,767 - root - INFO - 运行正常，显示为主窗口
2025-12-25 14:02:29,774 - root - INFO - 当前用户为：管理员
2025-12-25 14:02:29,774 - root - INFO - 当前用户ID为：1
2025-12-25 14:02:29,775 - root - INFO - 运行正常，显示为主窗口
2025-12-25 14:02:44,782 - root - INFO - 当前用户为：管理员
2025-12-25 14:02:44,783 - root - INFO - 当前用户ID为：1
2025-12-25 14:02:44,783 - root - INFO - 运行正常，显示为主窗口
2025-12-25 14:02:59,793 - root - INFO - 当前用户为：管理员
2025-12-25 14:02:59,793 - root - INFO - 当前用户ID为：1
2025-12-25 14:02:59,793 - root - INFO - 运行正常，显示为主窗口
2025-12-25 14:03:14,797 - root - INFO - 当前用户为：管理员
2025-12-25 14:03:14,797 - root - INFO - 当前用户ID为：1
2025-12-25 14:03:14,797 - root - INFO - 运行正常，显示为主窗口
2025-12-25 14:03:29,811 - root - INFO - 当前用户为：管理员
2025-12-25 14:03:29,811 - root - INFO - 当前用户ID为：1
2025-12-25 14:03:29,811 - root - INFO - 运行正常，显示为主窗口
2025-12-25 14:03:44,812 - root - INFO - 当前用户为：管理员
2025-12-25 14:03:44,812 - root - INFO - 当前用户ID为：1
2025-12-25 14:03:44,812 - root - INFO - 运行正常，显示为主窗口
2025-12-25 14:03:59,826 - root - INFO - 当前用户为：管理员
2025-12-25 14:03:59,826 - root - INFO - 当前用户ID为：1
2025-12-25 14:03:59,826 - root - INFO - 运行正常，显示为主窗口
2025-12-25 14:04:14,836 - root - INFO - 当前用户为：管理员
2025-12-25 14:04:14,836 - root - INFO - 当前用户ID为：1
2025-12-25 14:04:14,836 - root - INFO - 运行正常，显示为主窗口
2025-12-25 14:04:29,843 - root - INFO - 当前用户为：管理员
2025-12-25 14:04:29,843 - root - INFO - 当前用户ID为：1
2025-12-25 14:04:29,843 - root - INFO - 运行正常，显示为主窗口
2025-12-25 14:04:44,858 - root - INFO - 当前用户为：管理员
2025-12-25 14:04:44,858 - root - INFO - 当前用户ID为：1
2025-12-25 14:04:44,858 - root - INFO - 运行正常，显示为主窗口
2025-12-25 14:04:59,873 - root - INFO - 当前用户为：管理员
2025-12-25 14:04:59,873 - root - INFO - 当前用户ID为：1
2025-12-25 14:04:59,873 - root - INFO - 运行正常，显示为主窗口
2025-12-25 14:05:14,886 - root - INFO - 当前用户为：管理员
2025-12-25 14:05:14,886 - root - INFO - 当前用户ID为：1
2025-12-25 14:05:14,886 - root - INFO - 运行正常，显示为主窗口
2025-12-25 14:05:29,901 - root - INFO - 当前用户为：管理员
2025-12-25 14:05:29,901 - root - INFO - 当前用户ID为：1
2025-12-25 14:05:29,901 - root - INFO - 运行正常，显示为主窗口
2025-12-25 14:05:44,904 - root - INFO - 当前用户为：管理员
2025-12-25 14:05:44,904 - root - INFO - 当前用户ID为：1
2025-12-25 14:05:44,904 - root - INFO - 运行正常，显示为主窗口
2025-12-25 14:05:59,905 - root - INFO - 当前用户为：管理员
2025-12-25 14:05:59,905 - root - INFO - 当前用户ID为：1
2025-12-25 14:05:59,905 - root - INFO - 运行正常，显示为主窗口
2025-12-25 14:06:14,919 - root - INFO - 当前用户为：管理员
2025-12-25 14:06:14,919 - root - INFO - 当前用户ID为：1
2025-12-25 14:06:14,919 - root - INFO - 运行正常，显示为主窗口
2025-12-25 14:06:29,925 - root - INFO - 当前用户为：管理员
2025-12-25 14:06:29,925 - root - INFO - 当前用户ID为：1
2025-12-25 14:06:29,925 - root - INFO - 运行正常，显示为主窗口
2025-12-25 14:06:44,935 - root - INFO - 当前用户为：管理员
2025-12-25 14:06:44,936 - root - INFO - 当前用户ID为：1
2025-12-25 14:06:44,936 - root - INFO - 运行正常，显示为主窗口
2025-12-25 14:06:59,937 - root - INFO - 当前用户为：管理员
2025-12-25 14:06:59,937 - root - INFO - 当前用户ID为：1
2025-12-25 14:06:59,937 - root - INFO - 运行正常，显示为主窗口
2025-12-25 14:07:14,950 - root - INFO - 当前用户为：管理员
2025-12-25 14:07:14,950 - root - INFO - 当前用户ID为：1
2025-12-25 14:07:14,950 - root - INFO - 运行正常，显示为主窗口
2025-12-25 14:07:29,961 - root - INFO - 当前用户为：管理员
2025-12-25 14:07:29,961 - root - INFO - 当前用户ID为：1
2025-12-25 14:07:29,961 - root - INFO - 运行正常，显示为主窗口
2025-12-25 14:07:44,969 - root - INFO - 当前用户为：管理员
2025-12-25 14:07:44,970 - root - INFO - 当前用户ID为：1
2025-12-25 14:07:44,970 - root - INFO - 运行正常，显示为主窗口
2025-12-25 14:07:59,978 - root - INFO - 当前用户为：管理员
2025-12-25 14:07:59,979 - root - INFO - 当前用户ID为：1
2025-12-25 14:07:59,979 - root - INFO - 运行正常，显示为主窗口
2025-12-25 14:08:14,980 - root - INFO - 当前用户为：管理员
2025-12-25 14:08:14,980 - root - INFO - 当前用户ID为：1
2025-12-25 14:08:14,980 - root - INFO - 运行正常，显示为主窗口
2025-12-25 14:08:29,989 - root - INFO - 当前用户为：管理员
2025-12-25 14:08:29,990 - root - INFO - 当前用户ID为：1
2025-12-25 14:08:29,990 - root - INFO - 运行正常，显示为主窗口
2025-12-25 14:08:44,993 - root - INFO - 当前用户为：管理员
2025-12-25 14:08:44,993 - root - INFO - 当前用户ID为：1
2025-12-25 14:08:44,993 - root - INFO - 运行正常，显示为主窗口
2025-12-25 14:09:00,000 - root - INFO - 当前用户为：管理员
2025-12-25 14:09:00,000 - root - INFO - 当前用户ID为：1
2025-12-25 14:09:00,000 - root - INFO - 运行正常，显示为主窗口
2025-12-25 14:09:15,013 - root - INFO - 当前用户为：管理员
2025-12-25 14:09:15,013 - root - INFO - 当前用户ID为：1
2025-12-25 14:09:15,013 - root - INFO - 运行正常，显示为主窗口
2025-12-25 14:09:30,015 - root - INFO - 当前用户为：管理员
2025-12-25 14:09:30,015 - root - INFO - 当前用户ID为：1
2025-12-25 14:09:30,015 - root - INFO - 运行正常，显示为主窗口
2025-12-25 14:09:45,030 - root - INFO - 当前用户为：管理员
2025-12-25 14:09:45,031 - root - INFO - 当前用户ID为：1
2025-12-25 14:09:45,031 - root - INFO - 运行正常，显示为主窗口
2025-12-25 14:10:00,044 - root - INFO - 当前用户为：管理员
2025-12-25 14:10:00,044 - root - INFO - 当前用户ID为：1
2025-12-25 14:10:00,044 - root - INFO - 运行正常，显示为主窗口
2025-12-25 14:10:15,052 - root - INFO - 当前用户为：管理员
2025-12-25 14:10:15,052 - root - INFO - 当前用户ID为：1
2025-12-25 14:10:15,052 - root - INFO - 运行正常，显示为主窗口
2025-12-25 14:10:30,052 - root - INFO - 当前用户为：管理员
2025-12-25 14:10:30,052 - root - INFO - 当前用户ID为：1
2025-12-25 14:10:30,052 - root - INFO - 运行正常，显示为主窗口
2025-12-25 14:10:45,061 - root - INFO - 当前用户为：管理员
2025-12-25 14:10:45,061 - root - INFO - 当前用户ID为：1
2025-12-25 14:10:45,061 - root - INFO - 运行正常，显示为主窗口
2025-12-25 14:11:00,076 - root - INFO - 当前用户为：管理员
2025-12-25 14:11:00,077 - root - INFO - 当前用户ID为：1
2025-12-25 14:11:00,077 - root - INFO - 运行正常，显示为主窗口
2025-12-25 14:11:15,080 - root - INFO - 当前用户为：管理员
2025-12-25 14:11:15,080 - root - INFO - 当前用户ID为：1
2025-12-25 14:11:15,080 - root - INFO - 运行正常，显示为主窗口
2025-12-25 14:11:30,092 - root - INFO - 当前用户为：管理员
2025-12-25 14:11:30,092 - root - INFO - 当前用户ID为：1
2025-12-25 14:11:30,092 - root - INFO - 运行正常，显示为主窗口
2025-12-25 14:11:45,102 - root - INFO - 当前用户为：管理员
2025-12-25 14:11:45,103 - root - INFO - 当前用户ID为：1
2025-12-25 14:11:45,103 - root - INFO - 运行正常，显示为主窗口
2025-12-25 14:12:00,106 - root - INFO - 当前用户为：管理员
2025-12-25 14:12:00,106 - root - INFO - 当前用户ID为：1
2025-12-25 14:12:00,106 - root - INFO - 运行正常，显示为主窗口
2025-12-25 14:12:15,115 - root - INFO - 当前用户为：管理员
2025-12-25 14:12:15,116 - root - INFO - 当前用户ID为：1
2025-12-25 14:12:15,116 - root - INFO - 运行正常，显示为主窗口
2025-12-25 14:12:30,119 - root - INFO - 当前用户为：管理员
2025-12-25 14:12:30,119 - root - INFO - 当前用户ID为：1
2025-12-25 14:12:30,119 - root - INFO - 运行正常，显示为主窗口
2025-12-25 14:12:45,129 - root - INFO - 当前用户为：管理员
2025-12-25 14:12:45,129 - root - INFO - 当前用户ID为：1
2025-12-25 14:12:45,129 - root - INFO - 运行正常，显示为主窗口
2025-12-25 14:13:00,136 - root - INFO - 当前用户为：管理员
2025-12-25 14:13:00,136 - root - INFO - 当前用户ID为：1
2025-12-25 14:13:00,136 - root - INFO - 运行正常，显示为主窗口
2025-12-25 14:13:15,143 - root - INFO - 当前用户为：管理员
2025-12-25 14:13:15,143 - root - INFO - 当前用户ID为：1
2025-12-25 14:13:15,143 - root - INFO - 运行正常，显示为主窗口
2025-12-25 14:13:30,154 - root - INFO - 当前用户为：管理员
2025-12-25 14:13:30,154 - root - INFO - 当前用户ID为：1
2025-12-25 14:13:30,154 - root - INFO - 运行正常，显示为主窗口
2025-12-25 14:13:45,156 - root - INFO - 当前用户为：管理员
2025-12-25 14:13:45,156 - root - INFO - 当前用户ID为：1
2025-12-25 14:13:45,156 - root - INFO - 运行正常，显示为主窗口
2025-12-25 14:14:00,168 - root - INFO - 当前用户为：管理员
2025-12-25 14:14:00,168 - root - INFO - 当前用户ID为：1
2025-12-25 14:14:00,168 - root - INFO - 运行正常，显示为主窗口
2025-12-25 14:14:15,176 - root - INFO - 当前用户为：管理员
2025-12-25 14:14:15,176 - root - INFO - 当前用户ID为：1
2025-12-25 14:14:15,176 - root - INFO - 运行正常，显示为主窗口
2025-12-25 14:14:30,190 - root - INFO - 当前用户为：管理员
2025-12-25 14:14:30,190 - root - INFO - 当前用户ID为：1
2025-12-25 14:14:30,190 - root - INFO - 运行正常，显示为主窗口
2025-12-25 14:14:45,191 - root - INFO - 当前用户为：管理员
2025-12-25 14:14:45,191 - root - INFO - 当前用户ID为：1
2025-12-25 14:14:45,191 - root - INFO - 运行正常，显示为主窗口
2025-12-25 14:15:00,192 - root - INFO - 当前用户为：管理员
2025-12-25 14:15:00,192 - root - INFO - 当前用户ID为：1
2025-12-25 14:15:00,192 - root - INFO - 运行正常，显示为主窗口
2025-12-25 14:15:15,201 - root - INFO - 当前用户为：管理员
2025-12-25 14:15:15,201 - root - INFO - 当前用户ID为：1
2025-12-25 14:15:15,201 - root - INFO - 运行正常，显示为主窗口
2025-12-25 14:15:30,210 - root - INFO - 当前用户为：管理员
2025-12-25 14:15:30,211 - root - INFO - 当前用户ID为：1
2025-12-25 14:15:30,211 - root - INFO - 运行正常，显示为主窗口
2025-12-25 14:15:45,211 - root - INFO - 当前用户为：管理员
2025-12-25 14:15:45,212 - root - INFO - 当前用户ID为：1
2025-12-25 14:15:45,212 - root - INFO - 运行正常，显示为主窗口
2025-12-25 14:16:00,215 - root - INFO - 当前用户为：管理员
2025-12-25 14:16:00,215 - root - INFO - 当前用户ID为：1
2025-12-25 14:16:00,215 - root - INFO - 运行正常，显示为主窗口
2025-12-25 14:16:15,217 - root - INFO - 当前用户为：管理员
2025-12-25 14:16:15,217 - root - INFO - 当前用户ID为：1
2025-12-25 14:16:15,217 - root - INFO - 运行正常，显示为主窗口
2025-12-25 14:16:30,229 - root - INFO - 当前用户为：管理员
2025-12-25 14:16:30,229 - root - INFO - 当前用户ID为：1
2025-12-25 14:16:30,229 - root - INFO - 运行正常，显示为主窗口
2025-12-25 14:16:45,232 - root - INFO - 当前用户为：管理员
2025-12-25 14:16:45,232 - root - INFO - 当前用户ID为：1
2025-12-25 14:16:45,232 - root - INFO - 运行正常，显示为主窗口
2025-12-25 14:17:00,241 - root - INFO - 当前用户为：管理员
2025-12-25 14:17:00,241 - root - INFO - 当前用户ID为：1
2025-12-25 14:17:00,241 - root - INFO - 运行正常，显示为主窗口
2025-12-25 14:17:15,254 - root - INFO - 当前用户为：管理员
2025-12-25 14:17:15,254 - root - INFO - 当前用户ID为：1
2025-12-25 14:17:15,254 - root - INFO - 运行正常，显示为主窗口
2025-12-25 14:17:30,262 - root - INFO - 当前用户为：管理员
2025-12-25 14:17:30,263 - root - INFO - 当前用户ID为：1
2025-12-25 14:17:30,263 - root - INFO - 运行正常，显示为主窗口
2025-12-25 14:17:45,278 - root - INFO - 当前用户为：管理员
2025-12-25 14:17:45,278 - root - INFO - 当前用户ID为：1
2025-12-25 14:17:45,278 - root - INFO - 运行正常，显示为主窗口
2025-12-25 14:18:00,292 - root - INFO - 当前用户为：管理员
2025-12-25 14:18:00,292 - root - INFO - 当前用户ID为：1
2025-12-25 14:18:00,292 - root - INFO - 运行正常，显示为主窗口
2025-12-25 14:18:15,303 - root - INFO - 当前用户为：管理员
2025-12-25 14:18:15,303 - root - INFO - 当前用户ID为：1
2025-12-25 14:18:15,303 - root - INFO - 运行正常，显示为主窗口
2025-12-25 14:18:30,313 - root - INFO - 当前用户为：管理员
2025-12-25 14:18:30,313 - root - INFO - 当前用户ID为：1
2025-12-25 14:18:30,313 - root - INFO - 运行正常，显示为主窗口
2025-12-25 14:18:45,316 - root - INFO - 当前用户为：管理员
2025-12-25 14:18:45,316 - root - INFO - 当前用户ID为：1
2025-12-25 14:18:45,316 - root - INFO - 运行正常，显示为主窗口
2025-12-25 14:19:00,324 - root - INFO - 当前用户为：管理员
2025-12-25 14:19:00,324 - root - INFO - 当前用户ID为：1
2025-12-25 14:19:00,324 - root - INFO - 运行正常，显示为主窗口
2025-12-25 14:19:15,336 - root - INFO - 当前用户为：管理员
2025-12-25 14:19:15,336 - root - INFO - 当前用户ID为：1
2025-12-25 14:19:15,336 - root - INFO - 运行正常，显示为主窗口
2025-12-25 14:19:30,346 - root - INFO - 当前用户为：管理员
2025-12-25 14:19:30,347 - root - INFO - 当前用户ID为：1
2025-12-25 14:19:30,347 - root - INFO - 运行正常，显示为主窗口
2025-12-25 14:19:45,356 - root - INFO - 当前用户为：管理员
2025-12-25 14:19:45,356 - root - INFO - 当前用户ID为：1
2025-12-25 14:19:45,356 - root - INFO - 运行正常，显示为主窗口
2025-12-25 14:20:00,363 - root - INFO - 当前用户为：管理员
2025-12-25 14:20:00,363 - root - INFO - 当前用户ID为：1
2025-12-25 14:20:00,363 - root - INFO - 运行正常，显示为主窗口
2025-12-25 14:20:15,378 - root - INFO - 当前用户为：管理员
2025-12-25 14:20:15,378 - root - INFO - 当前用户ID为：1
2025-12-25 14:20:15,378 - root - INFO - 运行正常，显示为主窗口
2025-12-25 14:20:30,393 - root - INFO - 当前用户为：管理员
2025-12-25 14:20:30,393 - root - INFO - 当前用户ID为：1
2025-12-25 14:20:30,394 - root - INFO - 运行正常，显示为主窗口
2025-12-25 14:20:45,408 - root - INFO - 当前用户为：管理员
2025-12-25 14:20:45,408 - root - INFO - 当前用户ID为：1
2025-12-25 14:20:45,408 - root - INFO - 运行正常，显示为主窗口
2025-12-25 14:21:00,413 - root - INFO - 当前用户为：管理员
2025-12-25 14:21:00,413 - root - INFO - 当前用户ID为：1
2025-12-25 14:21:00,414 - root - INFO - 运行正常，显示为主窗口
2025-12-25 14:21:15,425 - root - INFO - 当前用户为：管理员
2025-12-25 14:21:15,425 - root - INFO - 当前用户ID为：1
2025-12-25 14:21:15,425 - root - INFO - 运行正常，显示为主窗口
2025-12-25 14:21:30,438 - root - INFO - 当前用户为：管理员
2025-12-25 14:21:30,439 - root - INFO - 当前用户ID为：1
2025-12-25 14:21:30,439 - root - INFO - 运行正常，显示为主窗口
2025-12-25 14:21:45,448 - root - INFO - 当前用户为：管理员
2025-12-25 14:21:45,448 - root - INFO - 当前用户ID为：1
2025-12-25 14:21:45,448 - root - INFO - 运行正常，显示为主窗口
2025-12-25 14:22:00,451 - root - INFO - 当前用户为：管理员
2025-12-25 14:22:00,451 - root - INFO - 当前用户ID为：1
2025-12-25 14:22:00,451 - root - INFO - 运行正常，显示为主窗口
2025-12-25 14:22:15,458 - root - INFO - 当前用户为：管理员
2025-12-25 14:22:15,458 - root - INFO - 当前用户ID为：1
2025-12-25 14:22:15,458 - root - INFO - 运行正常，显示为主窗口
2025-12-25 14:22:30,467 - root - INFO - 当前用户为：管理员
2025-12-25 14:22:30,467 - root - INFO - 当前用户ID为：1
2025-12-25 14:22:30,467 - root - INFO - 运行正常，显示为主窗口
2025-12-25 14:22:45,467 - root - INFO - 当前用户为：管理员
2025-12-25 14:22:45,467 - root - INFO - 当前用户ID为：1
2025-12-25 14:22:45,467 - root - INFO - 运行正常，显示为主窗口
2025-12-25 14:23:00,478 - root - INFO - 当前用户为：管理员
2025-12-25 14:23:00,479 - root - INFO - 当前用户ID为：1
2025-12-25 14:23:00,479 - root - INFO - 运行正常，显示为主窗口
2025-12-25 14:23:15,494 - root - INFO - 当前用户为：管理员
2025-12-25 14:23:15,494 - root - INFO - 当前用户ID为：1
2025-12-25 14:23:15,494 - root - INFO - 运行正常，显示为主窗口
2025-12-25 14:23:30,495 - root - INFO - 当前用户为：管理员
2025-12-25 14:23:30,495 - root - INFO - 当前用户ID为：1
2025-12-25 14:23:30,495 - root - INFO - 运行正常，显示为主窗口
2025-12-25 14:23:45,503 - root - INFO - 当前用户为：管理员
2025-12-25 14:23:45,503 - root - INFO - 当前用户ID为：1
2025-12-25 14:23:45,503 - root - INFO - 运行正常，显示为主窗口
2025-12-25 14:24:00,504 - root - INFO - 当前用户为：管理员
2025-12-25 14:24:00,504 - root - INFO - 当前用户ID为：1
2025-12-25 14:24:00,505 - root - INFO - 运行正常，显示为主窗口
2025-12-25 14:24:15,514 - root - INFO - 当前用户为：管理员
2025-12-25 14:24:15,514 - root - INFO - 当前用户ID为：1
2025-12-25 14:24:15,515 - root - INFO - 运行正常，显示为主窗口
2025-12-25 14:24:30,518 - root - INFO - 当前用户为：管理员
2025-12-25 14:24:30,518 - root - INFO - 当前用户ID为：1
2025-12-25 14:24:30,518 - root - INFO - 运行正常，显示为主窗口
2025-12-25 14:24:45,525 - root - INFO - 当前用户为：管理员
2025-12-25 14:24:45,525 - root - INFO - 当前用户ID为：1
2025-12-25 14:24:45,525 - root - INFO - 运行正常，显示为主窗口
2025-12-25 14:25:00,529 - root - INFO - 当前用户为：管理员
2025-12-25 14:25:00,529 - root - INFO - 当前用户ID为：1
2025-12-25 14:25:00,529 - root - INFO - 运行正常，显示为主窗口
2025-12-25 14:25:15,532 - root - INFO - 当前用户为：管理员
2025-12-25 14:25:15,533 - root - INFO - 当前用户ID为：1
2025-12-25 14:25:15,533 - root - INFO - 运行正常，显示为主窗口
2025-12-25 14:25:30,547 - root - INFO - 当前用户为：管理员
2025-12-25 14:25:30,547 - root - INFO - 当前用户ID为：1
2025-12-25 14:25:30,548 - root - INFO - 运行正常，显示为主窗口
2025-12-25 14:25:45,557 - root - INFO - 当前用户为：管理员
2025-12-25 14:25:45,558 - root - INFO - 当前用户ID为：1
2025-12-25 14:25:45,558 - root - INFO - 运行正常，显示为主窗口
2025-12-25 14:26:00,568 - root - INFO - 当前用户为：管理员
2025-12-25 14:26:00,569 - root - INFO - 当前用户ID为：1
2025-12-25 14:26:00,569 - root - INFO - 运行正常，显示为主窗口
2025-12-25 14:26:15,579 - root - INFO - 当前用户为：管理员
2025-12-25 14:26:15,579 - root - INFO - 当前用户ID为：1
2025-12-25 14:26:15,579 - root - INFO - 运行正常，显示为主窗口
2025-12-25 14:26:30,588 - root - INFO - 当前用户为：管理员
2025-12-25 14:26:30,588 - root - INFO - 当前用户ID为：1
2025-12-25 14:26:30,588 - root - INFO - 运行正常，显示为主窗口
2025-12-25 14:26:45,600 - root - INFO - 当前用户为：管理员
2025-12-25 14:26:45,600 - root - INFO - 当前用户ID为：1
2025-12-25 14:26:45,600 - root - INFO - 运行正常，显示为主窗口
2025-12-25 14:27:00,609 - root - INFO - 当前用户为：管理员
2025-12-25 14:27:00,609 - root - INFO - 当前用户ID为：1
2025-12-25 14:27:00,609 - root - INFO - 运行正常，显示为主窗口
2025-12-25 14:27:15,620 - root - INFO - 当前用户为：管理员
2025-12-25 14:27:15,620 - root - INFO - 当前用户ID为：1
2025-12-25 14:27:15,620 - root - INFO - 运行正常，显示为主窗口
2025-12-25 14:27:30,625 - root - INFO - 当前用户为：管理员
2025-12-25 14:27:30,625 - root - INFO - 当前用户ID为：1
2025-12-25 14:27:30,625 - root - INFO - 运行正常，显示为主窗口
2025-12-25 14:27:45,636 - root - INFO - 当前用户为：管理员
2025-12-25 14:27:45,636 - root - INFO - 当前用户ID为：1
2025-12-25 14:27:45,636 - root - INFO - 运行正常，显示为主窗口
2025-12-25 14:28:00,651 - root - INFO - 当前用户为：管理员
2025-12-25 14:28:00,651 - root - INFO - 当前用户ID为：1
2025-12-25 14:28:00,651 - root - INFO - 运行正常，显示为主窗口
2025-12-25 14:28:15,653 - root - INFO - 当前用户为：管理员
2025-12-25 14:28:15,653 - root - INFO - 当前用户ID为：1
2025-12-25 14:28:15,653 - root - INFO - 运行正常，显示为主窗口
2025-12-25 14:28:30,662 - root - INFO - 当前用户为：管理员
2025-12-25 14:28:30,662 - root - INFO - 当前用户ID为：1
2025-12-25 14:28:30,662 - root - INFO - 运行正常，显示为主窗口
2025-12-25 14:28:45,664 - root - INFO - 当前用户为：管理员
2025-12-25 14:28:45,664 - root - INFO - 当前用户ID为：1
2025-12-25 14:28:45,664 - root - INFO - 运行正常，显示为主窗口
2025-12-25 14:29:00,678 - root - INFO - 当前用户为：管理员
2025-12-25 14:29:00,678 - root - INFO - 当前用户ID为：1
2025-12-25 14:29:00,678 - root - INFO - 运行正常，显示为主窗口
2025-12-25 14:29:15,685 - root - INFO - 当前用户为：管理员
2025-12-25 14:29:15,685 - root - INFO - 当前用户ID为：1
2025-12-25 14:29:15,685 - root - INFO - 运行正常，显示为主窗口
2025-12-25 14:29:30,692 - root - INFO - 当前用户为：管理员
2025-12-25 14:29:30,692 - root - INFO - 当前用户ID为：1
2025-12-25 14:29:30,692 - root - INFO - 运行正常，显示为主窗口
2025-12-25 14:29:45,694 - root - INFO - 当前用户为：管理员
2025-12-25 14:29:45,694 - root - INFO - 当前用户ID为：1
2025-12-25 14:29:45,694 - root - INFO - 运行正常，显示为主窗口
2025-12-25 14:30:00,697 - root - INFO - 当前用户为：管理员
2025-12-25 14:30:00,697 - root - INFO - 当前用户ID为：1
2025-12-25 14:30:00,697 - root - INFO - 运行正常，显示为主窗口
2025-12-25 14:30:15,712 - root - INFO - 当前用户为：管理员
2025-12-25 14:30:15,712 - root - INFO - 当前用户ID为：1
2025-12-25 14:30:15,712 - root - INFO - 运行正常，显示为主窗口
2025-12-25 14:30:30,718 - root - INFO - 当前用户为：管理员
2025-12-25 14:30:30,718 - root - INFO - 当前用户ID为：1
2025-12-25 14:30:30,718 - root - INFO - 运行正常，显示为主窗口
2025-12-25 14:30:45,731 - root - INFO - 当前用户为：管理员
2025-12-25 14:30:45,731 - root - INFO - 当前用户ID为：1
2025-12-25 14:30:45,731 - root - INFO - 运行正常，显示为主窗口
2025-12-25 14:31:00,733 - root - INFO - 当前用户为：管理员
2025-12-25 14:31:00,733 - root - INFO - 当前用户ID为：1
2025-12-25 14:31:00,733 - root - INFO - 运行正常，显示为主窗口
2025-12-25 14:31:15,738 - root - INFO - 当前用户为：管理员
2025-12-25 14:31:15,738 - root - INFO - 当前用户ID为：1
2025-12-25 14:31:15,738 - root - INFO - 运行正常，显示为主窗口
2025-12-25 14:31:30,752 - root - INFO - 当前用户为：管理员
2025-12-25 14:31:30,752 - root - INFO - 当前用户ID为：1
2025-12-25 14:31:30,752 - root - INFO - 运行正常，显示为主窗口
2025-12-25 14:31:45,762 - root - INFO - 当前用户为：管理员
2025-12-25 14:31:45,762 - root - INFO - 当前用户ID为：1
2025-12-25 14:31:45,762 - root - INFO - 运行正常，显示为主窗口
2025-12-25 14:32:00,772 - root - INFO - 当前用户为：管理员
2025-12-25 14:32:00,772 - root - INFO - 当前用户ID为：1
2025-12-25 14:32:00,772 - root - INFO - 运行正常，显示为主窗口
2025-12-25 14:32:15,788 - root - INFO - 当前用户为：管理员
2025-12-25 14:32:15,788 - root - INFO - 当前用户ID为：1
2025-12-25 14:32:15,788 - root - INFO - 运行正常，显示为主窗口
2025-12-25 14:32:30,794 - root - INFO - 当前用户为：管理员
2025-12-25 14:32:30,794 - root - INFO - 当前用户ID为：1
2025-12-25 14:32:30,794 - root - INFO - 运行正常，显示为主窗口
2025-12-25 14:32:45,796 - root - INFO - 当前用户为：管理员
2025-12-25 14:32:45,796 - root - INFO - 当前用户ID为：1
2025-12-25 14:32:45,796 - root - INFO - 运行正常，显示为主窗口
2025-12-25 14:33:00,812 - root - INFO - 当前用户为：管理员
2025-12-25 14:33:00,812 - root - INFO - 当前用户ID为：1
2025-12-25 14:33:00,812 - root - INFO - 运行正常，显示为主窗口
2025-12-25 14:33:15,819 - root - INFO - 当前用户为：管理员
2025-12-25 14:33:15,819 - root - INFO - 当前用户ID为：1
2025-12-25 14:33:15,819 - root - INFO - 运行正常，显示为主窗口
2025-12-25 14:33:30,826 - root - INFO - 当前用户为：管理员
2025-12-25 14:33:30,826 - root - INFO - 当前用户ID为：1
2025-12-25 14:33:30,826 - root - INFO - 运行正常，显示为主窗口
2025-12-25 14:33:45,827 - root - INFO - 当前用户为：管理员
2025-12-25 14:33:45,827 - root - INFO - 当前用户ID为：1
2025-12-25 14:33:45,827 - root - INFO - 运行正常，显示为主窗口
2025-12-25 14:34:00,832 - root - INFO - 当前用户为：管理员
2025-12-25 14:34:00,832 - root - INFO - 当前用户ID为：1
2025-12-25 14:34:00,832 - root - INFO - 运行正常，显示为主窗口
2025-12-25 14:34:15,835 - root - INFO - 当前用户为：管理员
2025-12-25 14:34:15,835 - root - INFO - 当前用户ID为：1
2025-12-25 14:34:15,835 - root - INFO - 运行正常，显示为主窗口
2025-12-25 14:34:30,836 - root - INFO - 当前用户为：管理员
2025-12-25 14:34:30,836 - root - INFO - 当前用户ID为：1
2025-12-25 14:34:30,836 - root - INFO - 运行正常，显示为主窗口
2025-12-25 14:34:45,852 - root - INFO - 当前用户为：管理员
2025-12-25 14:34:45,852 - root - INFO - 当前用户ID为：1
2025-12-25 14:34:45,852 - root - INFO - 运行正常，显示为主窗口
2025-12-25 14:35:00,861 - root - INFO - 当前用户为：管理员
2025-12-25 14:35:00,861 - root - INFO - 当前用户ID为：1
2025-12-25 14:35:00,861 - root - INFO - 运行正常，显示为主窗口
2025-12-25 14:35:15,864 - root - INFO - 当前用户为：管理员
2025-12-25 14:35:15,864 - root - INFO - 当前用户ID为：1
2025-12-25 14:35:15,864 - root - INFO - 运行正常，显示为主窗口
2025-12-25 14:35:30,869 - root - INFO - 当前用户为：管理员
2025-12-25 14:35:30,869 - root - INFO - 当前用户ID为：1
2025-12-25 14:35:30,869 - root - INFO - 运行正常，显示为主窗口
2025-12-25 14:35:45,877 - root - INFO - 当前用户为：管理员
2025-12-25 14:35:45,877 - root - INFO - 当前用户ID为：1
2025-12-25 14:35:45,877 - root - INFO - 运行正常，显示为主窗口
2025-12-25 14:36:00,889 - root - INFO - 当前用户为：管理员
2025-12-25 14:36:00,889 - root - INFO - 当前用户ID为：1
2025-12-25 14:36:00,889 - root - INFO - 运行正常，显示为主窗口
2025-12-25 14:36:15,890 - root - INFO - 当前用户为：管理员
2025-12-25 14:36:15,890 - root - INFO - 当前用户ID为：1
2025-12-25 14:36:15,891 - root - INFO - 运行正常，显示为主窗口
2025-12-25 14:36:30,901 - root - INFO - 当前用户为：管理员
2025-12-25 14:36:30,901 - root - INFO - 当前用户ID为：1
2025-12-25 14:36:30,901 - root - INFO - 运行正常，显示为主窗口
2025-12-25 14:36:45,902 - root - INFO - 当前用户为：管理员
2025-12-25 14:36:45,902 - root - INFO - 当前用户ID为：1
2025-12-25 14:36:45,902 - root - INFO - 运行正常，显示为主窗口
2025-12-25 14:37:00,916 - root - INFO - 当前用户为：管理员
2025-12-25 14:37:00,916 - root - INFO - 当前用户ID为：1
2025-12-25 14:37:00,916 - root - INFO - 运行正常，显示为主窗口
2025-12-25 14:37:15,926 - root - INFO - 当前用户为：管理员
2025-12-25 14:37:15,926 - root - INFO - 当前用户ID为：1
2025-12-25 14:37:15,926 - root - INFO - 运行正常，显示为主窗口
2025-12-25 14:37:30,937 - root - INFO - 当前用户为：管理员
2025-12-25 14:37:30,937 - root - INFO - 当前用户ID为：1
2025-12-25 14:37:30,937 - root - INFO - 运行正常，显示为主窗口
2025-12-25 14:37:45,949 - root - INFO - 当前用户为：管理员
2025-12-25 14:37:45,949 - root - INFO - 当前用户ID为：1
2025-12-25 14:37:45,949 - root - INFO - 运行正常，显示为主窗口
2025-12-25 14:38:00,952 - root - INFO - 当前用户为：管理员
2025-12-25 14:38:00,952 - root - INFO - 当前用户ID为：1
2025-12-25 14:38:00,952 - root - INFO - 运行正常，显示为主窗口
2025-12-25 14:38:15,963 - root - INFO - 当前用户为：管理员
2025-12-25 14:38:15,963 - root - INFO - 当前用户ID为：1
2025-12-25 14:38:15,963 - root - INFO - 运行正常，显示为主窗口
2025-12-25 14:38:30,977 - root - INFO - 当前用户为：管理员
2025-12-25 14:38:30,977 - root - INFO - 当前用户ID为：1
2025-12-25 14:38:30,977 - root - INFO - 运行正常，显示为主窗口
2025-12-25 14:38:45,985 - root - INFO - 当前用户为：管理员
2025-12-25 14:38:45,985 - root - INFO - 当前用户ID为：1
2025-12-25 14:38:45,985 - root - INFO - 运行正常，显示为主窗口
2025-12-25 14:39:00,993 - root - INFO - 当前用户为：管理员
2025-12-25 14:39:00,993 - root - INFO - 当前用户ID为：1
2025-12-25 14:39:00,993 - root - INFO - 运行正常，显示为主窗口
2025-12-25 14:39:16,006 - root - INFO - 当前用户为：管理员
2025-12-25 14:39:16,006 - root - INFO - 当前用户ID为：1
2025-12-25 14:39:16,006 - root - INFO - 运行正常，显示为主窗口
2025-12-25 14:39:31,011 - root - INFO - 当前用户为：管理员
2025-12-25 14:39:31,011 - root - INFO - 当前用户ID为：1
2025-12-25 14:39:31,011 - root - INFO - 运行正常，显示为主窗口
2025-12-25 14:39:46,018 - root - INFO - 当前用户为：管理员
2025-12-25 14:39:46,018 - root - INFO - 当前用户ID为：1
2025-12-25 14:39:46,018 - root - INFO - 运行正常，显示为主窗口
2025-12-25 14:40:01,028 - root - INFO - 当前用户为：管理员
2025-12-25 14:40:01,028 - root - INFO - 当前用户ID为：1
2025-12-25 14:40:01,028 - root - INFO - 运行正常，显示为主窗口
2025-12-25 14:40:16,032 - root - INFO - 当前用户为：管理员
2025-12-25 14:40:16,032 - root - INFO - 当前用户ID为：1
2025-12-25 14:40:16,032 - root - INFO - 运行正常，显示为主窗口
2025-12-25 14:40:31,046 - root - INFO - 当前用户为：管理员
2025-12-25 14:40:31,046 - root - INFO - 当前用户ID为：1
2025-12-25 14:40:31,046 - root - INFO - 运行正常，显示为主窗口
2025-12-25 14:40:46,054 - root - INFO - 当前用户为：管理员
2025-12-25 14:40:46,054 - root - INFO - 当前用户ID为：1
2025-12-25 14:40:46,054 - root - INFO - 运行正常，显示为主窗口
2025-12-25 14:41:01,066 - root - INFO - 当前用户为：管理员
2025-12-25 14:41:01,066 - root - INFO - 当前用户ID为：1
2025-12-25 14:41:01,066 - root - INFO - 运行正常，显示为主窗口
2025-12-25 14:41:16,069 - root - INFO - 当前用户为：管理员
2025-12-25 14:41:16,069 - root - INFO - 当前用户ID为：1
2025-12-25 14:41:16,069 - root - INFO - 运行正常，显示为主窗口
2025-12-25 14:41:31,071 - root - INFO - 当前用户为：管理员
2025-12-25 14:41:31,071 - root - INFO - 当前用户ID为：1
2025-12-25 14:41:31,071 - root - INFO - 运行正常，显示为主窗口
2025-12-25 14:41:46,072 - root - INFO - 当前用户为：管理员
2025-12-25 14:41:46,072 - root - INFO - 当前用户ID为：1
2025-12-25 14:41:46,072 - root - INFO - 运行正常，显示为主窗口
2025-12-25 14:42:01,085 - root - INFO - 当前用户为：管理员
2025-12-25 14:42:01,085 - root - INFO - 当前用户ID为：1
2025-12-25 14:42:01,085 - root - INFO - 运行正常，显示为主窗口
2025-12-25 14:42:16,092 - root - INFO - 当前用户为：管理员
2025-12-25 14:42:16,092 - root - INFO - 当前用户ID为：1
2025-12-25 14:42:16,092 - root - INFO - 运行正常，显示为主窗口
2025-12-25 14:42:31,097 - root - INFO - 当前用户为：管理员
2025-12-25 14:42:31,097 - root - INFO - 当前用户ID为：1
2025-12-25 14:42:31,097 - root - INFO - 运行正常，显示为主窗口
2025-12-25 14:42:46,105 - root - INFO - 当前用户为：管理员
2025-12-25 14:42:46,105 - root - INFO - 当前用户ID为：1
2025-12-25 14:42:46,105 - root - INFO - 运行正常，显示为主窗口
2025-12-25 14:43:01,115 - root - INFO - 当前用户为：管理员
2025-12-25 14:43:01,115 - root - INFO - 当前用户ID为：1
2025-12-25 14:43:01,115 - root - INFO - 运行正常，显示为主窗口
2025-12-25 14:43:16,128 - root - INFO - 当前用户为：管理员
2025-12-25 14:43:16,128 - root - INFO - 当前用户ID为：1
2025-12-25 14:43:16,128 - root - INFO - 运行正常，显示为主窗口
2025-12-25 14:43:31,132 - root - INFO - 当前用户为：管理员
2025-12-25 14:43:31,132 - root - INFO - 当前用户ID为：1
2025-12-25 14:43:31,132 - root - INFO - 运行正常，显示为主窗口
2025-12-25 14:43:46,138 - root - INFO - 当前用户为：管理员
2025-12-25 14:43:46,138 - root - INFO - 当前用户ID为：1
2025-12-25 14:43:46,138 - root - INFO - 运行正常，显示为主窗口
2025-12-25 14:44:01,142 - root - INFO - 当前用户为：管理员
2025-12-25 14:44:01,142 - root - INFO - 当前用户ID为：1
2025-12-25 14:44:01,142 - root - INFO - 运行正常，显示为主窗口
2025-12-25 14:44:16,151 - root - INFO - 当前用户为：管理员
2025-12-25 14:44:16,151 - root - INFO - 当前用户ID为：1
2025-12-25 14:44:16,151 - root - INFO - 运行正常，显示为主窗口
2025-12-25 14:44:31,157 - root - INFO - 当前用户为：管理员
2025-12-25 14:44:31,157 - root - INFO - 当前用户ID为：1
2025-12-25 14:44:31,157 - root - INFO - 运行正常，显示为主窗口
2025-12-25 14:44:46,170 - root - INFO - 当前用户为：管理员
2025-12-25 14:44:46,170 - root - INFO - 当前用户ID为：1
2025-12-25 14:44:46,170 - root - INFO - 运行正常，显示为主窗口
2025-12-25 14:45:01,181 - root - INFO - 当前用户为：管理员
2025-12-25 14:45:01,181 - root - INFO - 当前用户ID为：1
2025-12-25 14:45:01,181 - root - INFO - 运行正常，显示为主窗口
2025-12-25 14:45:16,184 - root - INFO - 当前用户为：管理员
2025-12-25 14:45:16,184 - root - INFO - 当前用户ID为：1
2025-12-25 14:45:16,184 - root - INFO - 运行正常，显示为主窗口
2025-12-25 14:45:31,190 - root - INFO - 当前用户为：管理员
2025-12-25 14:45:31,190 - root - INFO - 当前用户ID为：1
2025-12-25 14:45:31,190 - root - INFO - 运行正常，显示为主窗口
2025-12-25 14:45:46,201 - root - INFO - 当前用户为：管理员
2025-12-25 14:45:46,201 - root - INFO - 当前用户ID为：1
2025-12-25 14:45:46,201 - root - INFO - 运行正常，显示为主窗口
2025-12-25 14:46:01,206 - root - INFO - 当前用户为：管理员
2025-12-25 14:46:01,206 - root - INFO - 当前用户ID为：1
2025-12-25 14:46:01,206 - root - INFO - 运行正常，显示为主窗口
2025-12-25 14:46:16,211 - root - INFO - 当前用户为：管理员
2025-12-25 14:46:16,211 - root - INFO - 当前用户ID为：1
2025-12-25 14:46:16,211 - root - INFO - 运行正常，显示为主窗口
2025-12-25 14:46:31,217 - root - INFO - 当前用户为：管理员
2025-12-25 14:46:31,217 - root - INFO - 当前用户ID为：1
2025-12-25 14:46:31,217 - root - INFO - 运行正常，显示为主窗口
2025-12-25 14:46:46,231 - root - INFO - 当前用户为：管理员
2025-12-25 14:46:46,231 - root - INFO - 当前用户ID为：1
2025-12-25 14:46:46,231 - root - INFO - 运行正常，显示为主窗口
2025-12-25 14:47:01,238 - root - INFO - 当前用户为：管理员
2025-12-25 14:47:01,238 - root - INFO - 当前用户ID为：1
2025-12-25 14:47:01,238 - root - INFO - 运行正常，显示为主窗口
2025-12-25 14:47:16,250 - root - INFO - 当前用户为：管理员
2025-12-25 14:47:16,250 - root - INFO - 当前用户ID为：1
2025-12-25 14:47:16,250 - root - INFO - 运行正常，显示为主窗口
2025-12-25 14:47:31,266 - root - INFO - 当前用户为：管理员
2025-12-25 14:47:31,266 - root - INFO - 当前用户ID为：1
2025-12-25 14:47:31,266 - root - INFO - 运行正常，显示为主窗口
2025-12-25 14:47:46,268 - root - INFO - 当前用户为：管理员
2025-12-25 14:47:46,268 - root - INFO - 当前用户ID为：1
2025-12-25 14:47:46,268 - root - INFO - 运行正常，显示为主窗口
2025-12-25 14:48:01,278 - root - INFO - 当前用户为：管理员
2025-12-25 14:48:01,278 - root - INFO - 当前用户ID为：1
2025-12-25 14:48:01,278 - root - INFO - 运行正常，显示为主窗口
2025-12-25 14:48:16,286 - root - INFO - 当前用户为：管理员
2025-12-25 14:48:16,286 - root - INFO - 当前用户ID为：1
2025-12-25 14:48:16,286 - root - INFO - 运行正常，显示为主窗口
2025-12-25 14:48:31,298 - root - INFO - 当前用户为：管理员
2025-12-25 14:48:31,298 - root - INFO - 当前用户ID为：1
2025-12-25 14:48:31,298 - root - INFO - 运行正常，显示为主窗口
2025-12-25 14:48:46,312 - root - INFO - 当前用户为：管理员
2025-12-25 14:48:46,312 - root - INFO - 当前用户ID为：1
2025-12-25 14:48:46,312 - root - INFO - 运行正常，显示为主窗口
2025-12-25 14:49:01,318 - root - INFO - 当前用户为：管理员
2025-12-25 14:49:01,318 - root - INFO - 当前用户ID为：1
2025-12-25 14:49:01,318 - root - INFO - 运行正常，显示为主窗口
2025-12-25 14:49:16,320 - root - INFO - 当前用户为：管理员
2025-12-25 14:49:16,320 - root - INFO - 当前用户ID为：1
2025-12-25 14:49:16,320 - root - INFO - 运行正常，显示为主窗口
2025-12-25 14:49:31,334 - root - INFO - 当前用户为：管理员
2025-12-25 14:49:31,334 - root - INFO - 当前用户ID为：1
2025-12-25 14:49:31,334 - root - INFO - 运行正常，显示为主窗口
2025-12-25 14:49:46,350 - root - INFO - 当前用户为：管理员
2025-12-25 14:49:46,350 - root - INFO - 当前用户ID为：1
2025-12-25 14:49:46,350 - root - INFO - 运行正常，显示为主窗口
2025-12-25 14:50:01,362 - root - INFO - 当前用户为：管理员
2025-12-25 14:50:01,362 - root - INFO - 当前用户ID为：1
2025-12-25 14:50:01,362 - root - INFO - 运行正常，显示为主窗口
2025-12-25 14:50:16,366 - root - INFO - 当前用户为：管理员
2025-12-25 14:50:16,366 - root - INFO - 当前用户ID为：1
2025-12-25 14:50:16,367 - root - INFO - 运行正常，显示为主窗口
2025-12-25 14:50:31,378 - root - INFO - 当前用户为：管理员
2025-12-25 14:50:31,378 - root - INFO - 当前用户ID为：1
2025-12-25 14:50:31,378 - root - INFO - 运行正常，显示为主窗口
2025-12-25 14:50:46,387 - root - INFO - 当前用户为：管理员
2025-12-25 14:50:46,387 - root - INFO - 当前用户ID为：1
2025-12-25 14:50:46,387 - root - INFO - 运行正常，显示为主窗口
2025-12-25 14:51:01,395 - root - INFO - 当前用户为：管理员
2025-12-25 14:51:01,395 - root - INFO - 当前用户ID为：1
2025-12-25 14:51:01,395 - root - INFO - 运行正常，显示为主窗口
2025-12-25 14:51:16,409 - root - INFO - 当前用户为：管理员
2025-12-25 14:51:16,409 - root - INFO - 当前用户ID为：1
2025-12-25 14:51:16,409 - root - INFO - 运行正常，显示为主窗口
2025-12-25 14:51:31,423 - root - INFO - 当前用户为：管理员
2025-12-25 14:51:31,423 - root - INFO - 当前用户ID为：1
2025-12-25 14:51:31,423 - root - INFO - 运行正常，显示为主窗口
2025-12-25 14:51:46,431 - root - INFO - 当前用户为：管理员
2025-12-25 14:51:46,431 - root - INFO - 当前用户ID为：1
2025-12-25 14:51:46,431 - root - INFO - 运行正常，显示为主窗口
2025-12-25 14:52:01,436 - root - INFO - 当前用户为：管理员
2025-12-25 14:52:01,436 - root - INFO - 当前用户ID为：1
2025-12-25 14:52:01,436 - root - INFO - 运行正常，显示为主窗口
2025-12-25 14:52:16,441 - root - INFO - 当前用户为：管理员
2025-12-25 14:52:16,441 - root - INFO - 当前用户ID为：1
2025-12-25 14:52:16,441 - root - INFO - 运行正常，显示为主窗口
2025-12-25 14:52:31,455 - root - INFO - 当前用户为：管理员
2025-12-25 14:52:31,455 - root - INFO - 当前用户ID为：1
2025-12-25 14:52:31,455 - root - INFO - 运行正常，显示为主窗口
2025-12-25 14:52:46,463 - root - INFO - 当前用户为：管理员
2025-12-25 14:52:46,463 - root - INFO - 当前用户ID为：1
2025-12-25 14:52:46,463 - root - INFO - 运行正常，显示为主窗口
2025-12-25 14:53:01,468 - root - INFO - 当前用户为：管理员
2025-12-25 14:53:01,468 - root - INFO - 当前用户ID为：1
2025-12-25 14:53:01,468 - root - INFO - 运行正常，显示为主窗口
2025-12-25 14:53:16,478 - root - INFO - 当前用户为：管理员
2025-12-25 14:53:16,478 - root - INFO - 当前用户ID为：1
2025-12-25 14:53:16,478 - root - INFO - 运行正常，显示为主窗口
2025-12-25 14:53:31,481 - root - INFO - 当前用户为：管理员
2025-12-25 14:53:31,481 - root - INFO - 当前用户ID为：1
2025-12-25 14:53:31,481 - root - INFO - 运行正常，显示为主窗口
2025-12-25 14:53:46,486 - root - INFO - 当前用户为：管理员
2025-12-25 14:53:46,486 - root - INFO - 当前用户ID为：1
2025-12-25 14:53:46,486 - root - INFO - 运行正常，显示为主窗口
2025-12-25 14:54:01,497 - root - INFO - 当前用户为：管理员
2025-12-25 14:54:01,497 - root - INFO - 当前用户ID为：1
2025-12-25 14:54:01,497 - root - INFO - 运行正常，显示为主窗口
2025-12-25 14:54:16,511 - root - INFO - 当前用户为：管理员
2025-12-25 14:54:16,511 - root - INFO - 当前用户ID为：1
2025-12-25 14:54:16,511 - root - INFO - 运行正常，显示为主窗口
2025-12-25 14:54:31,514 - root - INFO - 当前用户为：管理员
2025-12-25 14:54:31,514 - root - INFO - 当前用户ID为：1
2025-12-25 14:54:31,514 - root - INFO - 运行正常，显示为主窗口
2025-12-25 14:54:46,520 - root - INFO - 当前用户为：管理员
2025-12-25 14:54:46,520 - root - INFO - 当前用户ID为：1
2025-12-25 14:54:46,520 - root - INFO - 运行正常，显示为主窗口
2025-12-25 14:55:01,529 - root - INFO - 当前用户为：管理员
2025-12-25 14:55:01,529 - root - INFO - 当前用户ID为：1
2025-12-25 14:55:01,529 - root - INFO - 运行正常，显示为主窗口
2025-12-25 14:55:16,530 - root - INFO - 当前用户为：管理员
2025-12-25 14:55:16,530 - root - INFO - 当前用户ID为：1
2025-12-25 14:55:16,530 - root - INFO - 运行正常，显示为主窗口
2025-12-25 14:55:31,537 - root - INFO - 当前用户为：管理员
2025-12-25 14:55:31,537 - root - INFO - 当前用户ID为：1
2025-12-25 14:55:31,537 - root - INFO - 运行正常，显示为主窗口
2025-12-25 14:55:46,549 - root - INFO - 当前用户为：管理员
2025-12-25 14:55:46,549 - root - INFO - 当前用户ID为：1
2025-12-25 14:55:46,549 - root - INFO - 运行正常，显示为主窗口
2025-12-25 14:56:01,551 - root - INFO - 当前用户为：管理员
2025-12-25 14:56:01,551 - root - INFO - 当前用户ID为：1
2025-12-25 14:56:01,551 - root - INFO - 运行正常，显示为主窗口
2025-12-25 14:56:16,559 - root - INFO - 当前用户为：管理员
2025-12-25 14:56:16,559 - root - INFO - 当前用户ID为：1
2025-12-25 14:56:16,559 - root - INFO - 运行正常，显示为主窗口
2025-12-25 14:56:31,567 - root - INFO - 当前用户为：管理员
2025-12-25 14:56:31,567 - root - INFO - 当前用户ID为：1
2025-12-25 14:56:31,567 - root - INFO - 运行正常，显示为主窗口
2025-12-25 14:56:46,581 - root - INFO - 当前用户为：管理员
2025-12-25 14:56:46,581 - root - INFO - 当前用户ID为：1
2025-12-25 14:56:46,581 - root - INFO - 运行正常，显示为主窗口
2025-12-25 14:57:01,592 - root - INFO - 当前用户为：管理员
2025-12-25 14:57:01,592 - root - INFO - 当前用户ID为：1
2025-12-25 14:57:01,592 - root - INFO - 运行正常，显示为主窗口
2025-12-25 14:57:16,600 - root - INFO - 当前用户为：管理员
2025-12-25 14:57:16,600 - root - INFO - 当前用户ID为：1
2025-12-25 14:57:16,600 - root - INFO - 运行正常，显示为主窗口
2025-12-25 14:57:31,609 - root - INFO - 当前用户为：管理员
2025-12-25 14:57:31,609 - root - INFO - 当前用户ID为：1
2025-12-25 14:57:31,609 - root - INFO - 运行正常，显示为主窗口
2025-12-25 14:57:46,618 - root - INFO - 当前用户为：管理员
2025-12-25 14:57:46,618 - root - INFO - 当前用户ID为：1
2025-12-25 14:57:46,618 - root - INFO - 运行正常，显示为主窗口
2025-12-25 14:58:01,621 - root - INFO - 当前用户为：管理员
2025-12-25 14:58:01,621 - root - INFO - 当前用户ID为：1
2025-12-25 14:58:01,621 - root - INFO - 运行正常，显示为主窗口
2025-12-25 14:58:16,632 - root - INFO - 当前用户为：管理员
2025-12-25 14:58:16,632 - root - INFO - 当前用户ID为：1
2025-12-25 14:58:16,632 - root - INFO - 运行正常，显示为主窗口
2025-12-25 14:58:31,639 - root - INFO - 当前用户为：管理员
2025-12-25 14:58:31,639 - root - INFO - 当前用户ID为：1
2025-12-25 14:58:31,639 - root - INFO - 运行正常，显示为主窗口
2025-12-25 14:58:46,646 - root - INFO - 当前用户为：管理员
2025-12-25 14:58:46,646 - root - INFO - 当前用户ID为：1
2025-12-25 14:58:46,646 - root - INFO - 运行正常，显示为主窗口
2025-12-25 14:59:01,658 - root - INFO - 当前用户为：管理员
2025-12-25 14:59:01,658 - root - INFO - 当前用户ID为：1
2025-12-25 14:59:01,658 - root - INFO - 运行正常，显示为主窗口
2025-12-25 14:59:16,661 - root - INFO - 当前用户为：管理员
2025-12-25 14:59:16,661 - root - INFO - 当前用户ID为：1
2025-12-25 14:59:16,661 - root - INFO - 运行正常，显示为主窗口
2025-12-25 14:59:31,664 - root - INFO - 当前用户为：管理员
2025-12-25 14:59:31,664 - root - INFO - 当前用户ID为：1
2025-12-25 14:59:31,664 - root - INFO - 运行正常，显示为主窗口
2025-12-25 14:59:46,680 - root - INFO - 当前用户为：管理员
2025-12-25 14:59:46,680 - root - INFO - 当前用户ID为：1
2025-12-25 14:59:46,680 - root - INFO - 运行正常，显示为主窗口
2025-12-25 15:00:01,681 - root - INFO - 当前用户为：管理员
2025-12-25 15:00:01,681 - root - INFO - 当前用户ID为：1
2025-12-25 15:00:01,681 - root - INFO - 运行正常，显示为主窗口
2025-12-25 15:00:16,693 - root - INFO - 当前用户为：管理员
2025-12-25 15:00:16,693 - root - INFO - 当前用户ID为：1
2025-12-25 15:00:16,693 - root - INFO - 运行正常，显示为主窗口
2025-12-25 15:00:31,708 - root - INFO - 当前用户为：管理员
2025-12-25 15:00:31,708 - root - INFO - 当前用户ID为：1
2025-12-25 15:00:31,708 - root - INFO - 运行正常，显示为主窗口
2025-12-25 15:00:46,717 - root - INFO - 当前用户为：管理员
2025-12-25 15:00:46,717 - root - INFO - 当前用户ID为：1
2025-12-25 15:00:46,717 - root - INFO - 运行正常，显示为主窗口
2025-12-25 15:01:01,721 - root - INFO - 当前用户为：管理员
2025-12-25 15:01:01,722 - root - INFO - 当前用户ID为：1
2025-12-25 15:01:01,722 - root - INFO - 运行正常，显示为主窗口
2025-12-25 15:01:16,723 - root - INFO - 当前用户为：管理员
2025-12-25 15:01:16,723 - root - INFO - 当前用户ID为：1
2025-12-25 15:01:16,723 - root - INFO - 运行正常，显示为主窗口
2025-12-25 15:01:31,728 - root - INFO - 当前用户为：管理员
2025-12-25 15:01:31,728 - root - INFO - 当前用户ID为：1
2025-12-25 15:01:31,728 - root - INFO - 运行正常，显示为主窗口
2025-12-25 15:01:46,730 - root - INFO - 当前用户为：管理员
2025-12-25 15:01:46,730 - root - INFO - 当前用户ID为：1
2025-12-25 15:01:46,730 - root - INFO - 运行正常，显示为主窗口
2025-12-25 15:02:01,742 - root - INFO - 当前用户为：管理员
2025-12-25 15:02:01,742 - root - INFO - 当前用户ID为：1
2025-12-25 15:02:01,742 - root - INFO - 运行正常，显示为主窗口
2025-12-25 15:02:16,751 - root - INFO - 当前用户为：管理员
2025-12-25 15:02:16,751 - root - INFO - 当前用户ID为：1
2025-12-25 15:02:16,751 - root - INFO - 运行正常，显示为主窗口
2025-12-25 15:02:31,764 - root - INFO - 当前用户为：管理员
2025-12-25 15:02:31,764 - root - INFO - 当前用户ID为：1
2025-12-25 15:02:31,764 - root - INFO - 运行正常，显示为主窗口
2025-12-25 15:02:46,775 - root - INFO - 当前用户为：管理员
2025-12-25 15:02:46,775 - root - INFO - 当前用户ID为：1
2025-12-25 15:02:46,775 - root - INFO - 运行正常，显示为主窗口
2025-12-25 15:03:01,780 - root - INFO - 当前用户为：管理员
2025-12-25 15:03:01,780 - root - INFO - 当前用户ID为：1
2025-12-25 15:03:01,780 - root - INFO - 运行正常，显示为主窗口
2025-12-25 15:03:16,794 - root - INFO - 当前用户为：管理员
2025-12-25 15:03:16,794 - root - INFO - 当前用户ID为：1
2025-12-25 15:03:16,794 - root - INFO - 运行正常，显示为主窗口
2025-12-25 15:03:31,797 - root - INFO - 当前用户为：管理员
2025-12-25 15:03:31,797 - root - INFO - 当前用户ID为：1
2025-12-25 15:03:31,797 - root - INFO - 运行正常，显示为主窗口
2025-12-25 15:03:46,808 - root - INFO - 当前用户为：管理员
2025-12-25 15:03:46,808 - root - INFO - 当前用户ID为：1
2025-12-25 15:03:46,808 - root - INFO - 运行正常，显示为主窗口
2025-12-25 15:04:01,823 - root - INFO - 当前用户为：管理员
2025-12-25 15:04:01,823 - root - INFO - 当前用户ID为：1
2025-12-25 15:04:01,823 - root - INFO - 运行正常，显示为主窗口
2025-12-25 15:04:16,828 - root - INFO - 当前用户为：管理员
2025-12-25 15:04:16,828 - root - INFO - 当前用户ID为：1
2025-12-25 15:04:16,828 - root - INFO - 运行正常，显示为主窗口
2025-12-25 15:04:31,843 - root - INFO - 当前用户为：管理员
2025-12-25 15:04:31,843 - root - INFO - 当前用户ID为：1
2025-12-25 15:04:31,843 - root - INFO - 运行正常，显示为主窗口
2025-12-25 15:04:46,857 - root - INFO - 当前用户为：管理员
2025-12-25 15:04:46,857 - root - INFO - 当前用户ID为：1
2025-12-25 15:04:46,857 - root - INFO - 运行正常，显示为主窗口
2025-12-25 15:05:01,860 - root - INFO - 当前用户为：管理员
2025-12-25 15:05:01,860 - root - INFO - 当前用户ID为：1
2025-12-25 15:05:01,860 - root - INFO - 运行正常，显示为主窗口
2025-12-25 15:05:16,871 - root - INFO - 当前用户为：管理员
2025-12-25 15:05:16,871 - root - INFO - 当前用户ID为：1
2025-12-25 15:05:16,871 - root - INFO - 运行正常，显示为主窗口
2025-12-25 15:05:31,878 - root - INFO - 当前用户为：管理员
2025-12-25 15:05:31,878 - root - INFO - 当前用户ID为：1
2025-12-25 15:05:31,878 - root - INFO - 运行正常，显示为主窗口
2025-12-25 15:05:46,894 - root - INFO - 当前用户为：管理员
2025-12-25 15:05:46,895 - root - INFO - 当前用户ID为：1
2025-12-25 15:05:46,895 - root - INFO - 运行正常，显示为主窗口
2025-12-25 15:06:01,898 - root - INFO - 当前用户为：管理员
2025-12-25 15:06:01,898 - root - INFO - 当前用户ID为：1
2025-12-25 15:06:01,898 - root - INFO - 运行正常，显示为主窗口
2025-12-25 15:06:16,901 - root - INFO - 当前用户为：管理员
2025-12-25 15:06:16,901 - root - INFO - 当前用户ID为：1
2025-12-25 15:06:16,901 - root - INFO - 运行正常，显示为主窗口
2025-12-25 15:06:31,912 - root - INFO - 当前用户为：管理员
2025-12-25 15:06:31,912 - root - INFO - 当前用户ID为：1
2025-12-25 15:06:31,912 - root - INFO - 运行正常，显示为主窗口
2025-12-25 15:06:46,916 - root - INFO - 当前用户为：管理员
2025-12-25 15:06:46,916 - root - INFO - 当前用户ID为：1
2025-12-25 15:06:46,916 - root - INFO - 运行正常，显示为主窗口
2025-12-25 15:07:01,919 - root - INFO - 当前用户为：管理员
2025-12-25 15:07:01,919 - root - INFO - 当前用户ID为：1
2025-12-25 15:07:01,919 - root - INFO - 运行正常，显示为主窗口
2025-12-25 15:07:16,928 - root - INFO - 当前用户为：管理员
2025-12-25 15:07:16,928 - root - INFO - 当前用户ID为：1
2025-12-25 15:07:16,928 - root - INFO - 运行正常，显示为主窗口
2025-12-25 15:07:31,929 - root - INFO - 当前用户为：管理员
2025-12-25 15:07:31,929 - root - INFO - 当前用户ID为：1
2025-12-25 15:07:31,929 - root - INFO - 运行正常，显示为主窗口
2025-12-25 15:07:46,931 - root - INFO - 当前用户为：管理员
2025-12-25 15:07:46,931 - root - INFO - 当前用户ID为：1
2025-12-25 15:07:46,931 - root - INFO - 运行正常，显示为主窗口
2025-12-25 15:08:01,934 - root - INFO - 当前用户为：管理员
2025-12-25 15:08:01,934 - root - INFO - 当前用户ID为：1
2025-12-25 15:08:01,934 - root - INFO - 运行正常，显示为主窗口
2025-12-25 15:08:16,948 - root - INFO - 当前用户为：管理员
2025-12-25 15:08:16,948 - root - INFO - 当前用户ID为：1
2025-12-25 15:08:16,948 - root - INFO - 运行正常，显示为主窗口
2025-12-25 15:08:31,958 - root - INFO - 当前用户为：管理员
2025-12-25 15:08:31,958 - root - INFO - 当前用户ID为：1
2025-12-25 15:08:31,958 - root - INFO - 运行正常，显示为主窗口
2025-12-25 15:08:46,964 - root - INFO - 当前用户为：管理员
2025-12-25 15:08:46,964 - root - INFO - 当前用户ID为：1
2025-12-25 15:08:46,964 - root - INFO - 运行正常，显示为主窗口
2025-12-25 15:09:01,979 - root - INFO - 当前用户为：管理员
2025-12-25 15:09:01,979 - root - INFO - 当前用户ID为：1
2025-12-25 15:09:01,979 - root - INFO - 运行正常，显示为主窗口
2025-12-25 15:09:16,988 - root - INFO - 当前用户为：管理员
2025-12-25 15:09:16,989 - root - INFO - 当前用户ID为：1
2025-12-25 15:09:16,989 - root - INFO - 运行正常，显示为主窗口
2025-12-25 15:09:31,997 - root - INFO - 当前用户为：管理员
2025-12-25 15:09:31,997 - root - INFO - 当前用户ID为：1
2025-12-25 15:09:31,997 - root - INFO - 运行正常，显示为主窗口
2025-12-25 15:09:47,012 - root - INFO - 当前用户为：管理员
2025-12-25 15:09:47,012 - root - INFO - 当前用户ID为：1
2025-12-25 15:09:47,012 - root - INFO - 运行正常，显示为主窗口
2025-12-25 15:10:02,022 - root - INFO - 当前用户为：管理员
2025-12-25 15:10:02,022 - root - INFO - 当前用户ID为：1
2025-12-25 15:10:02,022 - root - INFO - 运行正常，显示为主窗口
2025-12-25 15:10:17,033 - root - INFO - 当前用户为：管理员
2025-12-25 15:10:17,033 - root - INFO - 当前用户ID为：1
2025-12-25 15:10:17,033 - root - INFO - 运行正常，显示为主窗口
2025-12-25 15:10:32,034 - root - INFO - 当前用户为：管理员
2025-12-25 15:10:32,034 - root - INFO - 当前用户ID为：1
2025-12-25 15:10:32,034 - root - INFO - 运行正常，显示为主窗口
2025-12-25 15:10:47,038 - root - INFO - 当前用户为：管理员
2025-12-25 15:10:47,038 - root - INFO - 当前用户ID为：1
2025-12-25 15:10:47,038 - root - INFO - 运行正常，显示为主窗口
2025-12-25 15:11:02,043 - root - INFO - 当前用户为：管理员
2025-12-25 15:11:02,043 - root - INFO - 当前用户ID为：1
2025-12-25 15:11:02,043 - root - INFO - 运行正常，显示为主窗口
2025-12-25 15:11:17,049 - root - INFO - 当前用户为：管理员
2025-12-25 15:11:17,049 - root - INFO - 当前用户ID为：1
2025-12-25 15:11:17,049 - root - INFO - 运行正常，显示为主窗口
2025-12-25 15:11:32,056 - root - INFO - 当前用户为：管理员
2025-12-25 15:11:32,056 - root - INFO - 当前用户ID为：1
2025-12-25 15:11:32,056 - root - INFO - 运行正常，显示为主窗口
2025-12-25 15:11:47,070 - root - INFO - 当前用户为：管理员
2025-12-25 15:11:47,070 - root - INFO - 当前用户ID为：1
2025-12-25 15:11:47,070 - root - INFO - 运行正常，显示为主窗口
2025-12-25 15:12:02,071 - root - INFO - 当前用户为：管理员
2025-12-25 15:12:02,071 - root - INFO - 当前用户ID为：1
2025-12-25 15:12:02,071 - root - INFO - 运行正常，显示为主窗口
2025-12-25 15:12:17,073 - root - INFO - 当前用户为：管理员
2025-12-25 15:12:17,073 - root - INFO - 当前用户ID为：1
2025-12-25 15:12:17,073 - root - INFO - 运行正常，显示为主窗口
2025-12-25 15:12:32,080 - root - INFO - 当前用户为：管理员
2025-12-25 15:12:32,080 - root - INFO - 当前用户ID为：1
2025-12-25 15:12:32,080 - root - INFO - 运行正常，显示为主窗口
2025-12-25 15:12:47,084 - root - INFO - 当前用户为：管理员
2025-12-25 15:12:47,084 - root - INFO - 当前用户ID为：1
2025-12-25 15:12:47,084 - root - INFO - 运行正常，显示为主窗口
2025-12-25 15:13:02,100 - root - INFO - 当前用户为：管理员
2025-12-25 15:13:02,100 - root - INFO - 当前用户ID为：1
2025-12-25 15:13:02,100 - root - INFO - 运行正常，显示为主窗口
2025-12-25 15:13:17,107 - root - INFO - 当前用户为：管理员
2025-12-25 15:13:17,107 - root - INFO - 当前用户ID为：1
2025-12-25 15:13:17,107 - root - INFO - 运行正常，显示为主窗口
2025-12-25 15:13:32,113 - root - INFO - 当前用户为：管理员
2025-12-25 15:13:32,113 - root - INFO - 当前用户ID为：1
2025-12-25 15:13:32,113 - root - INFO - 运行正常，显示为主窗口
2025-12-25 15:13:47,120 - root - INFO - 当前用户为：管理员
2025-12-25 15:13:47,120 - root - INFO - 当前用户ID为：1
2025-12-25 15:13:47,120 - root - INFO - 运行正常，显示为主窗口
2025-12-25 15:14:02,126 - root - INFO - 当前用户为：管理员
2025-12-25 15:14:02,126 - root - INFO - 当前用户ID为：1
2025-12-25 15:14:02,126 - root - INFO - 运行正常，显示为主窗口
2025-12-25 15:14:17,140 - root - INFO - 当前用户为：管理员
2025-12-25 15:14:17,140 - root - INFO - 当前用户ID为：1
2025-12-25 15:14:17,140 - root - INFO - 运行正常，显示为主窗口
2025-12-25 15:14:32,156 - root - INFO - 当前用户为：管理员
2025-12-25 15:14:32,156 - root - INFO - 当前用户ID为：1
2025-12-25 15:14:32,156 - root - INFO - 运行正常，显示为主窗口
2025-12-25 15:14:47,170 - root - INFO - 当前用户为：管理员
2025-12-25 15:14:47,170 - root - INFO - 当前用户ID为：1
2025-12-25 15:14:47,170 - root - INFO - 运行正常，显示为主窗口
2025-12-25 15:15:02,176 - root - INFO - 当前用户为：管理员
2025-12-25 15:15:02,176 - root - INFO - 当前用户ID为：1
2025-12-25 15:15:02,176 - root - INFO - 运行正常，显示为主窗口
2025-12-25 15:15:17,178 - root - INFO - 当前用户为：管理员
2025-12-25 15:15:17,178 - root - INFO - 当前用户ID为：1
2025-12-25 15:15:17,178 - root - INFO - 运行正常，显示为主窗口
2025-12-25 15:15:32,184 - root - INFO - 当前用户为：管理员
2025-12-25 15:15:32,184 - root - INFO - 当前用户ID为：1
2025-12-25 15:15:32,184 - root - INFO - 运行正常，显示为主窗口
2025-12-25 15:15:47,196 - root - INFO - 当前用户为：管理员
2025-12-25 15:15:47,196 - root - INFO - 当前用户ID为：1
2025-12-25 15:15:47,196 - root - INFO - 运行正常，显示为主窗口
2025-12-25 15:16:02,197 - root - INFO - 当前用户为：管理员
2025-12-25 15:16:02,197 - root - INFO - 当前用户ID为：1
2025-12-25 15:16:02,197 - root - INFO - 运行正常，显示为主窗口
2025-12-25 15:16:17,202 - root - INFO - 当前用户为：管理员
2025-12-25 15:16:17,202 - root - INFO - 当前用户ID为：1
2025-12-25 15:16:17,202 - root - INFO - 运行正常，显示为主窗口
2025-12-25 15:16:32,204 - root - INFO - 当前用户为：管理员
2025-12-25 15:16:32,204 - root - INFO - 当前用户ID为：1
2025-12-25 15:16:32,204 - root - INFO - 运行正常，显示为主窗口
2025-12-25 15:16:47,209 - root - INFO - 当前用户为：管理员
2025-12-25 15:16:47,209 - root - INFO - 当前用户ID为：1
2025-12-25 15:16:47,209 - root - INFO - 运行正常，显示为主窗口
2025-12-25 15:17:02,225 - root - INFO - 当前用户为：管理员
2025-12-25 15:17:02,225 - root - INFO - 当前用户ID为：1
2025-12-25 15:17:02,225 - root - INFO - 运行正常，显示为主窗口
2025-12-25 15:17:17,240 - root - INFO - 当前用户为：管理员
2025-12-25 15:17:17,240 - root - INFO - 当前用户ID为：1
2025-12-25 15:17:17,240 - root - INFO - 运行正常，显示为主窗口
2025-12-25 15:17:32,243 - root - INFO - 当前用户为：管理员
2025-12-25 15:17:32,243 - root - INFO - 当前用户ID为：1
2025-12-25 15:17:32,243 - root - INFO - 运行正常，显示为主窗口
2025-12-25 15:17:47,245 - root - INFO - 当前用户为：管理员
2025-12-25 15:17:47,245 - root - INFO - 当前用户ID为：1
2025-12-25 15:17:47,245 - root - INFO - 运行正常，显示为主窗口
2025-12-25 15:18:02,261 - root - INFO - 当前用户为：管理员
2025-12-25 15:18:02,261 - root - INFO - 当前用户ID为：1
2025-12-25 15:18:02,261 - root - INFO - 运行正常，显示为主窗口
2025-12-25 15:18:17,271 - root - INFO - 当前用户为：管理员
2025-12-25 15:18:17,271 - root - INFO - 当前用户ID为：1
2025-12-25 15:18:17,271 - root - INFO - 运行正常，显示为主窗口
2025-12-25 15:18:32,272 - root - INFO - 当前用户为：管理员
2025-12-25 15:18:32,272 - root - INFO - 当前用户ID为：1
2025-12-25 15:18:32,272 - root - INFO - 运行正常，显示为主窗口
2025-12-25 15:18:47,275 - root - INFO - 当前用户为：管理员
2025-12-25 15:18:47,276 - root - INFO - 当前用户ID为：1
2025-12-25 15:18:47,276 - root - INFO - 运行正常，显示为主窗口
2025-12-25 15:19:02,282 - root - INFO - 当前用户为：管理员
2025-12-25 15:19:02,282 - root - INFO - 当前用户ID为：1
2025-12-25 15:19:02,282 - root - INFO - 运行正常，显示为主窗口
2025-12-25 15:19:17,294 - root - INFO - 当前用户为：管理员
2025-12-25 15:19:17,294 - root - INFO - 当前用户ID为：1
2025-12-25 15:19:17,294 - root - INFO - 运行正常，显示为主窗口
2025-12-25 15:19:32,302 - root - INFO - 当前用户为：管理员
2025-12-25 15:19:32,302 - root - INFO - 当前用户ID为：1
2025-12-25 15:19:32,302 - root - INFO - 运行正常，显示为主窗口
2025-12-25 15:19:47,315 - root - INFO - 当前用户为：管理员
2025-12-25 15:19:47,315 - root - INFO - 当前用户ID为：1
2025-12-25 15:19:47,315 - root - INFO - 运行正常，显示为主窗口
2025-12-25 15:20:02,331 - root - INFO - 当前用户为：管理员
2025-12-25 15:20:02,331 - root - INFO - 当前用户ID为：1
2025-12-25 15:20:02,331 - root - INFO - 运行正常，显示为主窗口
2025-12-25 15:20:17,332 - root - INFO - 当前用户为：管理员
2025-12-25 15:20:17,332 - root - INFO - 当前用户ID为：1
2025-12-25 15:20:17,332 - root - INFO - 运行正常，显示为主窗口
2025-12-25 15:20:32,339 - root - INFO - 当前用户为：管理员
2025-12-25 15:20:32,339 - root - INFO - 当前用户ID为：1
2025-12-25 15:20:32,339 - root - INFO - 运行正常，显示为主窗口
2025-12-25 15:20:47,346 - root - INFO - 当前用户为：管理员
2025-12-25 15:20:47,346 - root - INFO - 当前用户ID为：1
2025-12-25 15:20:47,346 - root - INFO - 运行正常，显示为主窗口
2025-12-25 15:21:02,353 - root - INFO - 当前用户为：管理员
2025-12-25 15:21:02,353 - root - INFO - 当前用户ID为：1
2025-12-25 15:21:02,353 - root - INFO - 运行正常，显示为主窗口
2025-12-25 15:21:17,354 - root - INFO - 当前用户为：管理员
2025-12-25 15:21:17,354 - root - INFO - 当前用户ID为：1
2025-12-25 15:21:17,354 - root - INFO - 运行正常，显示为主窗口
2025-12-25 15:21:32,369 - root - INFO - 当前用户为：管理员
2025-12-25 15:21:32,369 - root - INFO - 当前用户ID为：1
2025-12-25 15:21:32,369 - root - INFO - 运行正常，显示为主窗口
2025-12-25 15:21:47,374 - root - INFO - 当前用户为：管理员
2025-12-25 15:21:47,374 - root - INFO - 当前用户ID为：1
2025-12-25 15:21:47,374 - root - INFO - 运行正常，显示为主窗口
2025-12-25 15:22:02,382 - root - INFO - 当前用户为：管理员
2025-12-25 15:22:02,382 - root - INFO - 当前用户ID为：1
2025-12-25 15:22:02,382 - root - INFO - 运行正常，显示为主窗口
2025-12-25 15:22:17,396 - root - INFO - 当前用户为：管理员
2025-12-25 15:22:17,396 - root - INFO - 当前用户ID为：1
2025-12-25 15:22:17,396 - root - INFO - 运行正常，显示为主窗口
2025-12-25 15:22:32,405 - root - INFO - 当前用户为：管理员
2025-12-25 15:22:32,405 - root - INFO - 当前用户ID为：1
2025-12-25 15:22:32,405 - root - INFO - 运行正常，显示为主窗口
2025-12-25 15:22:47,415 - root - INFO - 当前用户为：管理员
2025-12-25 15:22:47,415 - root - INFO - 当前用户ID为：1
2025-12-25 15:22:47,415 - root - INFO - 运行正常，显示为主窗口
2025-12-25 15:23:02,425 - root - INFO - 当前用户为：管理员
2025-12-25 15:23:02,425 - root - INFO - 当前用户ID为：1
2025-12-25 15:23:02,425 - root - INFO - 运行正常，显示为主窗口
2025-12-25 15:23:17,437 - root - INFO - 当前用户为：管理员
2025-12-25 15:23:17,437 - root - INFO - 当前用户ID为：1
2025-12-25 15:23:17,437 - root - INFO - 运行正常，显示为主窗口
2025-12-25 15:23:32,445 - root - INFO - 当前用户为：管理员
2025-12-25 15:23:32,445 - root - INFO - 当前用户ID为：1
2025-12-25 15:23:32,445 - root - INFO - 运行正常，显示为主窗口
2025-12-25 15:23:47,458 - root - INFO - 当前用户为：管理员
2025-12-25 15:23:47,458 - root - INFO - 当前用户ID为：1
2025-12-25 15:23:47,458 - root - INFO - 运行正常，显示为主窗口
2025-12-25 15:24:02,464 - root - INFO - 当前用户为：管理员
2025-12-25 15:24:02,464 - root - INFO - 当前用户ID为：1
2025-12-25 15:24:02,464 - root - INFO - 运行正常，显示为主窗口
2025-12-25 15:24:17,480 - root - INFO - 当前用户为：管理员
2025-12-25 15:24:17,480 - root - INFO - 当前用户ID为：1
2025-12-25 15:24:17,480 - root - INFO - 运行正常，显示为主窗口
2025-12-25 15:24:32,482 - root - INFO - 当前用户为：管理员
2025-12-25 15:24:32,482 - root - INFO - 当前用户ID为：1
2025-12-25 15:24:32,482 - root - INFO - 运行正常，显示为主窗口
2025-12-25 15:24:47,488 - root - INFO - 当前用户为：管理员
2025-12-25 15:24:47,488 - root - INFO - 当前用户ID为：1
2025-12-25 15:24:47,488 - root - INFO - 运行正常，显示为主窗口
2025-12-25 15:25:02,493 - root - INFO - 当前用户为：管理员
2025-12-25 15:25:02,493 - root - INFO - 当前用户ID为：1
2025-12-25 15:25:02,493 - root - INFO - 运行正常，显示为主窗口
2025-12-25 15:25:17,510 - root - INFO - 当前用户为：管理员
2025-12-25 15:25:17,510 - root - INFO - 当前用户ID为：1
2025-12-25 15:25:17,510 - root - INFO - 运行正常，显示为主窗口
2025-12-25 15:25:32,513 - root - INFO - 当前用户为：管理员
2025-12-25 15:25:32,513 - root - INFO - 当前用户ID为：1
2025-12-25 15:25:32,513 - root - INFO - 运行正常，显示为主窗口
2025-12-25 15:25:47,519 - root - INFO - 当前用户为：管理员
2025-12-25 15:25:47,519 - root - INFO - 当前用户ID为：1
2025-12-25 15:25:47,519 - root - INFO - 运行正常，显示为主窗口
2025-12-25 15:26:02,535 - root - INFO - 当前用户为：管理员
2025-12-25 15:26:02,535 - root - INFO - 当前用户ID为：1
2025-12-25 15:26:02,535 - root - INFO - 运行正常，显示为主窗口
2025-12-25 15:26:17,547 - root - INFO - 当前用户为：管理员
2025-12-25 15:26:17,547 - root - INFO - 当前用户ID为：1
2025-12-25 15:26:17,547 - root - INFO - 运行正常，显示为主窗口
2025-12-25 15:26:32,549 - root - INFO - 当前用户为：管理员
2025-12-25 15:26:32,549 - root - INFO - 当前用户ID为：1
2025-12-25 15:26:32,549 - root - INFO - 运行正常，显示为主窗口
2025-12-25 15:26:47,563 - root - INFO - 当前用户为：管理员
2025-12-25 15:26:47,563 - root - INFO - 当前用户ID为：1
2025-12-25 15:26:47,563 - root - INFO - 运行正常，显示为主窗口
2025-12-25 15:27:02,577 - root - INFO - 当前用户为：管理员
2025-12-25 15:27:02,577 - root - INFO - 当前用户ID为：1
2025-12-25 15:27:02,577 - root - INFO - 运行正常，显示为主窗口
2025-12-25 15:27:17,583 - root - INFO - 当前用户为：管理员
2025-12-25 15:27:17,583 - root - INFO - 当前用户ID为：1
2025-12-25 15:27:17,583 - root - INFO - 运行正常，显示为主窗口
2025-12-25 15:27:32,586 - root - INFO - 当前用户为：管理员
2025-12-25 15:27:32,586 - root - INFO - 当前用户ID为：1
2025-12-25 15:27:32,586 - root - INFO - 运行正常，显示为主窗口
2025-12-25 15:27:47,602 - root - INFO - 当前用户为：管理员
2025-12-25 15:27:47,602 - root - INFO - 当前用户ID为：1
2025-12-25 15:27:47,602 - root - INFO - 运行正常，显示为主窗口
2025-12-25 15:28:02,603 - root - INFO - 当前用户为：管理员
2025-12-25 15:28:02,603 - root - INFO - 当前用户ID为：1
2025-12-25 15:28:02,603 - root - INFO - 运行正常，显示为主窗口
2025-12-25 15:28:17,614 - root - INFO - 当前用户为：管理员
2025-12-25 15:28:17,614 - root - INFO - 当前用户ID为：1
2025-12-25 15:28:17,614 - root - INFO - 运行正常，显示为主窗口
2025-12-25 15:28:32,626 - root - INFO - 当前用户为：管理员
2025-12-25 15:28:32,626 - root - INFO - 当前用户ID为：1
2025-12-25 15:28:32,626 - root - INFO - 运行正常，显示为主窗口
2025-12-25 15:28:47,633 - root - INFO - 当前用户为：管理员
2025-12-25 15:28:47,633 - root - INFO - 当前用户ID为：1
2025-12-25 15:28:47,633 - root - INFO - 运行正常，显示为主窗口
2025-12-25 15:29:02,649 - root - INFO - 当前用户为：管理员
2025-12-25 15:29:02,649 - root - INFO - 当前用户ID为：1
2025-12-25 15:29:02,649 - root - INFO - 运行正常，显示为主窗口
2025-12-25 15:29:17,659 - root - INFO - 当前用户为：管理员
2025-12-25 15:29:17,659 - root - INFO - 当前用户ID为：1
2025-12-25 15:29:17,659 - root - INFO - 运行正常，显示为主窗口
2025-12-25 15:29:32,668 - root - INFO - 当前用户为：管理员
2025-12-25 15:29:32,668 - root - INFO - 当前用户ID为：1
2025-12-25 15:29:32,668 - root - INFO - 运行正常，显示为主窗口
2025-12-25 15:29:47,677 - root - INFO - 当前用户为：管理员
2025-12-25 15:29:47,677 - root - INFO - 当前用户ID为：1
2025-12-25 15:29:47,677 - root - INFO - 运行正常，显示为主窗口
2025-12-25 15:30:02,678 - root - INFO - 当前用户为：管理员
2025-12-25 15:30:02,678 - root - INFO - 当前用户ID为：1
2025-12-25 15:30:02,678 - root - INFO - 运行正常，显示为主窗口
2025-12-25 15:30:17,682 - root - INFO - 当前用户为：管理员
2025-12-25 15:30:17,682 - root - INFO - 当前用户ID为：1
2025-12-25 15:30:17,682 - root - INFO - 运行正常，显示为主窗口
2025-12-25 15:30:32,684 - root - INFO - 当前用户为：管理员
2025-12-25 15:30:32,684 - root - INFO - 当前用户ID为：1
2025-12-25 15:30:32,684 - root - INFO - 运行正常，显示为主窗口
2025-12-25 15:30:47,694 - root - INFO - 当前用户为：管理员
2025-12-25 15:30:47,694 - root - INFO - 当前用户ID为：1
2025-12-25 15:30:47,694 - root - INFO - 运行正常，显示为主窗口
2025-12-25 15:31:02,696 - root - INFO - 当前用户为：管理员
2025-12-25 15:31:02,696 - root - INFO - 当前用户ID为：1
2025-12-25 15:31:02,696 - root - INFO - 运行正常，显示为主窗口
2025-12-25 15:31:17,700 - root - INFO - 当前用户为：管理员
2025-12-25 15:31:17,700 - root - INFO - 当前用户ID为：1
2025-12-25 15:31:17,700 - root - INFO - 运行正常，显示为主窗口
2025-12-25 15:31:32,715 - root - INFO - 当前用户为：管理员
2025-12-25 15:31:32,715 - root - INFO - 当前用户ID为：1
2025-12-25 15:31:32,715 - root - INFO - 运行正常，显示为主窗口
2025-12-25 15:31:47,720 - root - INFO - 当前用户为：管理员
2025-12-25 15:31:47,720 - root - INFO - 当前用户ID为：1
2025-12-25 15:31:47,720 - root - INFO - 运行正常，显示为主窗口
2025-12-25 15:32:02,729 - root - INFO - 当前用户为：管理员
2025-12-25 15:32:02,729 - root - INFO - 当前用户ID为：1
2025-12-25 15:32:02,729 - root - INFO - 运行正常，显示为主窗口
2025-12-25 15:32:17,742 - root - INFO - 当前用户为：管理员
2025-12-25 15:32:17,742 - root - INFO - 当前用户ID为：1
2025-12-25 15:32:17,742 - root - INFO - 运行正常，显示为主窗口
2025-12-25 15:32:32,744 - root - INFO - 当前用户为：管理员
2025-12-25 15:32:32,744 - root - INFO - 当前用户ID为：1
2025-12-25 15:32:32,744 - root - INFO - 运行正常，显示为主窗口
2025-12-25 15:32:47,760 - root - INFO - 当前用户为：管理员
2025-12-25 15:32:47,760 - root - INFO - 当前用户ID为：1
2025-12-25 15:32:47,760 - root - INFO - 运行正常，显示为主窗口
2025-12-25 15:33:02,767 - root - INFO - 当前用户为：管理员
2025-12-25 15:33:02,767 - root - INFO - 当前用户ID为：1
2025-12-25 15:33:02,767 - root - INFO - 运行正常，显示为主窗口
2025-12-25 15:33:17,776 - root - INFO - 当前用户为：管理员
2025-12-25 15:33:17,776 - root - INFO - 当前用户ID为：1
2025-12-25 15:33:17,776 - root - INFO - 运行正常，显示为主窗口
2025-12-25 15:33:32,792 - root - INFO - 当前用户为：管理员
2025-12-25 15:33:32,792 - root - INFO - 当前用户ID为：1
2025-12-25 15:33:32,792 - root - INFO - 运行正常，显示为主窗口
2025-12-25 15:33:47,805 - root - INFO - 当前用户为：管理员
2025-12-25 15:33:47,805 - root - INFO - 当前用户ID为：1
2025-12-25 15:33:47,805 - root - INFO - 运行正常，显示为主窗口
2025-12-25 15:34:02,810 - root - INFO - 当前用户为：管理员
2025-12-25 15:34:02,810 - root - INFO - 当前用户ID为：1
2025-12-25 15:34:02,810 - root - INFO - 运行正常，显示为主窗口
2025-12-25 15:34:17,822 - root - INFO - 当前用户为：管理员
2025-12-25 15:34:17,822 - root - INFO - 当前用户ID为：1
2025-12-25 15:34:17,822 - root - INFO - 运行正常，显示为主窗口
2025-12-25 15:34:32,836 - root - INFO - 当前用户为：管理员
2025-12-25 15:34:32,836 - root - INFO - 当前用户ID为：1
2025-12-25 15:34:32,836 - root - INFO - 运行正常，显示为主窗口
2025-12-25 15:34:47,848 - root - INFO - 当前用户为：管理员
2025-12-25 15:34:47,848 - root - INFO - 当前用户ID为：1
2025-12-25 15:34:47,848 - root - INFO - 运行正常，显示为主窗口
2025-12-25 15:35:02,851 - root - INFO - 当前用户为：管理员
2025-12-25 15:35:02,851 - root - INFO - 当前用户ID为：1
2025-12-25 15:35:02,851 - root - INFO - 运行正常，显示为主窗口
2025-12-25 15:35:17,857 - root - INFO - 当前用户为：管理员
2025-12-25 15:35:17,857 - root - INFO - 当前用户ID为：1
2025-12-25 15:35:17,857 - root - INFO - 运行正常，显示为主窗口
2025-12-25 15:35:32,858 - root - INFO - 当前用户为：管理员
2025-12-25 15:35:32,858 - root - INFO - 当前用户ID为：1
2025-12-25 15:35:32,858 - root - INFO - 运行正常，显示为主窗口
2025-12-25 15:35:47,871 - root - INFO - 当前用户为：管理员
2025-12-25 15:35:47,871 - root - INFO - 当前用户ID为：1
2025-12-25 15:35:47,871 - root - INFO - 运行正常，显示为主窗口
2025-12-25 15:36:02,881 - root - INFO - 当前用户为：管理员
2025-12-25 15:36:02,881 - root - INFO - 当前用户ID为：1
2025-12-25 15:36:02,881 - root - INFO - 运行正常，显示为主窗口
2025-12-25 15:36:17,893 - root - INFO - 当前用户为：管理员
2025-12-25 15:36:17,893 - root - INFO - 当前用户ID为：1
2025-12-25 15:36:17,893 - root - INFO - 运行正常，显示为主窗口
2025-12-25 15:36:32,907 - root - INFO - 当前用户为：管理员
2025-12-25 15:36:32,907 - root - INFO - 当前用户ID为：1
2025-12-25 15:36:32,907 - root - INFO - 运行正常，显示为主窗口
2025-12-25 15:36:47,911 - root - INFO - 当前用户为：管理员
2025-12-25 15:36:47,911 - root - INFO - 当前用户ID为：1
2025-12-25 15:36:47,911 - root - INFO - 运行正常，显示为主窗口
2025-12-25 15:37:02,918 - root - INFO - 当前用户为：管理员
2025-12-25 15:37:02,918 - root - INFO - 当前用户ID为：1
2025-12-25 15:37:02,918 - root - INFO - 运行正常，显示为主窗口
2025-12-25 15:37:17,931 - root - INFO - 当前用户为：管理员
2025-12-25 15:37:17,931 - root - INFO - 当前用户ID为：1
2025-12-25 15:37:17,931 - root - INFO - 运行正常，显示为主窗口
2025-12-25 15:37:32,936 - root - INFO - 当前用户为：管理员
2025-12-25 15:37:32,936 - root - INFO - 当前用户ID为：1
2025-12-25 15:37:32,936 - root - INFO - 运行正常，显示为主窗口
2025-12-25 15:37:47,944 - root - INFO - 当前用户为：管理员
2025-12-25 15:37:47,944 - root - INFO - 当前用户ID为：1
2025-12-25 15:37:47,944 - root - INFO - 运行正常，显示为主窗口
2025-12-25 15:38:02,946 - root - INFO - 当前用户为：管理员
2025-12-25 15:38:02,946 - root - INFO - 当前用户ID为：1
2025-12-25 15:38:02,946 - root - INFO - 运行正常，显示为主窗口
2025-12-25 15:38:17,951 - root - INFO - 当前用户为：管理员
2025-12-25 15:38:17,951 - root - INFO - 当前用户ID为：1
2025-12-25 15:38:17,951 - root - INFO - 运行正常，显示为主窗口
2025-12-25 15:38:32,958 - root - INFO - 当前用户为：管理员
2025-12-25 15:38:32,958 - root - INFO - 当前用户ID为：1
2025-12-25 15:38:32,958 - root - INFO - 运行正常，显示为主窗口
2025-12-25 15:38:47,969 - root - INFO - 当前用户为：管理员
2025-12-25 15:38:47,969 - root - INFO - 当前用户ID为：1
2025-12-25 15:38:47,969 - root - INFO - 运行正常，显示为主窗口
2025-12-25 15:39:02,978 - root - INFO - 当前用户为：管理员
2025-12-25 15:39:02,978 - root - INFO - 当前用户ID为：1
2025-12-25 15:39:02,978 - root - INFO - 运行正常，显示为主窗口
2025-12-25 15:39:17,983 - root - INFO - 当前用户为：管理员
2025-12-25 15:39:17,984 - root - INFO - 当前用户ID为：1
2025-12-25 15:39:17,984 - root - INFO - 运行正常，显示为主窗口
2025-12-25 15:39:32,992 - root - INFO - 当前用户为：管理员
2025-12-25 15:39:32,992 - root - INFO - 当前用户ID为：1
2025-12-25 15:39:32,992 - root - INFO - 运行正常，显示为主窗口
2025-12-25 15:39:47,998 - root - INFO - 当前用户为：管理员
2025-12-25 15:39:47,998 - root - INFO - 当前用户ID为：1
2025-12-25 15:39:47,998 - root - INFO - 运行正常，显示为主窗口
2025-12-25 15:40:03,006 - root - INFO - 当前用户为：管理员
2025-12-25 15:40:03,006 - root - INFO - 当前用户ID为：1
2025-12-25 15:40:03,006 - root - INFO - 运行正常，显示为主窗口
2025-12-25 15:40:18,016 - root - INFO - 当前用户为：管理员
2025-12-25 15:40:18,016 - root - INFO - 当前用户ID为：1
2025-12-25 15:40:18,016 - root - INFO - 运行正常，显示为主窗口
2025-12-25 15:40:33,031 - root - INFO - 当前用户为：管理员
2025-12-25 15:40:33,031 - root - INFO - 当前用户ID为：1
2025-12-25 15:40:33,031 - root - INFO - 运行正常，显示为主窗口
2025-12-25 15:40:48,039 - root - INFO - 当前用户为：管理员
2025-12-25 15:40:48,039 - root - INFO - 当前用户ID为：1
2025-12-25 15:40:48,039 - root - INFO - 运行正常，显示为主窗口
2025-12-25 15:41:03,044 - root - INFO - 当前用户为：管理员
2025-12-25 15:41:03,044 - root - INFO - 当前用户ID为：1
2025-12-25 15:41:03,044 - root - INFO - 运行正常，显示为主窗口
2025-12-25 15:41:18,050 - root - INFO - 当前用户为：管理员
2025-12-25 15:41:18,050 - root - INFO - 当前用户ID为：1
2025-12-25 15:41:18,050 - root - INFO - 运行正常，显示为主窗口
2025-12-25 15:41:33,065 - root - INFO - 当前用户为：管理员
2025-12-25 15:41:33,065 - root - INFO - 当前用户ID为：1
2025-12-25 15:41:33,065 - root - INFO - 运行正常，显示为主窗口
2025-12-25 15:41:48,071 - root - INFO - 当前用户为：管理员
2025-12-25 15:41:48,071 - root - INFO - 当前用户ID为：1
2025-12-25 15:41:48,071 - root - INFO - 运行正常，显示为主窗口
2025-12-25 15:42:03,083 - root - INFO - 当前用户为：管理员
2025-12-25 15:42:03,083 - root - INFO - 当前用户ID为：1
2025-12-25 15:42:03,083 - root - INFO - 运行正常，显示为主窗口
2025-12-25 15:42:18,084 - root - INFO - 当前用户为：管理员
2025-12-25 15:42:18,084 - root - INFO - 当前用户ID为：1
2025-12-25 15:42:18,084 - root - INFO - 运行正常，显示为主窗口
2025-12-25 15:42:33,087 - root - INFO - 当前用户为：管理员
2025-12-25 15:42:33,087 - root - INFO - 当前用户ID为：1
2025-12-25 15:42:33,087 - root - INFO - 运行正常，显示为主窗口
2025-12-25 15:42:48,098 - root - INFO - 当前用户为：管理员
2025-12-25 15:42:48,098 - root - INFO - 当前用户ID为：1
2025-12-25 15:42:48,098 - root - INFO - 运行正常，显示为主窗口
2025-12-25 15:43:03,106 - root - INFO - 当前用户为：管理员
2025-12-25 15:43:03,106 - root - INFO - 当前用户ID为：1
2025-12-25 15:43:03,106 - root - INFO - 运行正常，显示为主窗口
2025-12-25 15:43:18,111 - root - INFO - 当前用户为：管理员
2025-12-25 15:43:18,111 - root - INFO - 当前用户ID为：1
2025-12-25 15:43:18,111 - root - INFO - 运行正常，显示为主窗口
2025-12-25 15:43:33,120 - root - INFO - 当前用户为：管理员
2025-12-25 15:43:33,120 - root - INFO - 当前用户ID为：1
2025-12-25 15:43:33,120 - root - INFO - 运行正常，显示为主窗口
2025-12-25 15:43:48,135 - root - INFO - 当前用户为：管理员
2025-12-25 15:43:48,135 - root - INFO - 当前用户ID为：1
2025-12-25 15:43:48,135 - root - INFO - 运行正常，显示为主窗口
2025-12-25 15:44:03,143 - root - INFO - 当前用户为：管理员
2025-12-25 15:44:03,143 - root - INFO - 当前用户ID为：1
2025-12-25 15:44:03,143 - root - INFO - 运行正常，显示为主窗口
2025-12-25 15:44:18,143 - root - INFO - 当前用户为：管理员
2025-12-25 15:44:18,143 - root - INFO - 当前用户ID为：1
2025-12-25 15:44:18,143 - root - INFO - 运行正常，显示为主窗口
2025-12-25 15:44:33,159 - root - INFO - 当前用户为：管理员
2025-12-25 15:44:33,159 - root - INFO - 当前用户ID为：1
2025-12-25 15:44:33,159 - root - INFO - 运行正常，显示为主窗口
2025-12-25 15:44:48,170 - root - INFO - 当前用户为：管理员
2025-12-25 15:44:48,170 - root - INFO - 当前用户ID为：1
2025-12-25 15:44:48,170 - root - INFO - 运行正常，显示为主窗口
2025-12-25 15:45:03,183 - root - INFO - 当前用户为：管理员
2025-12-25 15:45:03,183 - root - INFO - 当前用户ID为：1
2025-12-25 15:45:03,183 - root - INFO - 运行正常，显示为主窗口
2025-12-25 15:45:18,188 - root - INFO - 当前用户为：管理员
2025-12-25 15:45:18,188 - root - INFO - 当前用户ID为：1
2025-12-25 15:45:18,188 - root - INFO - 运行正常，显示为主窗口
2025-12-25 15:45:33,190 - root - INFO - 当前用户为：管理员
2025-12-25 15:45:33,190 - root - INFO - 当前用户ID为：1
2025-12-25 15:45:33,190 - root - INFO - 运行正常，显示为主窗口
2025-12-25 15:45:48,196 - root - INFO - 当前用户为：管理员
2025-12-25 15:45:48,196 - root - INFO - 当前用户ID为：1
2025-12-25 15:45:48,196 - root - INFO - 运行正常，显示为主窗口
2025-12-25 15:46:03,209 - root - INFO - 当前用户为：管理员
2025-12-25 15:46:03,209 - root - INFO - 当前用户ID为：1
2025-12-25 15:46:03,209 - root - INFO - 运行正常，显示为主窗口
2025-12-25 15:46:18,214 - root - INFO - 当前用户为：管理员
2025-12-25 15:46:18,214 - root - INFO - 当前用户ID为：1
2025-12-25 15:46:18,214 - root - INFO - 运行正常，显示为主窗口
2025-12-25 15:46:33,227 - root - INFO - 当前用户为：管理员
2025-12-25 15:46:33,227 - root - INFO - 当前用户ID为：1
2025-12-25 15:46:33,227 - root - INFO - 运行正常，显示为主窗口
2025-12-25 15:46:48,236 - root - INFO - 当前用户为：管理员
2025-12-25 15:46:48,236 - root - INFO - 当前用户ID为：1
2025-12-25 15:46:48,236 - root - INFO - 运行正常，显示为主窗口
2025-12-25 15:47:03,245 - root - INFO - 当前用户为：管理员
2025-12-25 15:47:03,245 - root - INFO - 当前用户ID为：1
2025-12-25 15:47:03,245 - root - INFO - 运行正常，显示为主窗口
2025-12-25 15:47:18,254 - root - INFO - 当前用户为：管理员
2025-12-25 15:47:18,254 - root - INFO - 当前用户ID为：1
2025-12-25 15:47:18,254 - root - INFO - 运行正常，显示为主窗口
2025-12-25 15:47:33,266 - root - INFO - 当前用户为：管理员
2025-12-25 15:47:33,266 - root - INFO - 当前用户ID为：1
2025-12-25 15:47:33,266 - root - INFO - 运行正常，显示为主窗口
2025-12-25 15:47:48,277 - root - INFO - 当前用户为：管理员
2025-12-25 15:47:48,277 - root - INFO - 当前用户ID为：1
2025-12-25 15:47:48,277 - root - INFO - 运行正常，显示为主窗口
2025-12-25 15:48:03,290 - root - INFO - 当前用户为：管理员
2025-12-25 15:48:03,290 - root - INFO - 当前用户ID为：1
2025-12-25 15:48:03,290 - root - INFO - 运行正常，显示为主窗口
2025-12-25 15:48:18,293 - root - INFO - 当前用户为：管理员
2025-12-25 15:48:18,294 - root - INFO - 当前用户ID为：1
2025-12-25 15:48:18,294 - root - INFO - 运行正常，显示为主窗口
2025-12-25 15:48:33,305 - root - INFO - 当前用户为：管理员
2025-12-25 15:48:33,305 - root - INFO - 当前用户ID为：1
2025-12-25 15:48:33,305 - root - INFO - 运行正常，显示为主窗口
2025-12-25 15:48:48,316 - root - INFO - 当前用户为：管理员
2025-12-25 15:48:48,316 - root - INFO - 当前用户ID为：1
2025-12-25 15:48:48,316 - root - INFO - 运行正常，显示为主窗口
2025-12-25 15:49:03,332 - root - INFO - 当前用户为：管理员
2025-12-25 15:49:03,332 - root - INFO - 当前用户ID为：1
2025-12-25 15:49:03,332 - root - INFO - 运行正常，显示为主窗口
2025-12-25 15:49:18,346 - root - INFO - 当前用户为：管理员
2025-12-25 15:49:18,346 - root - INFO - 当前用户ID为：1
2025-12-25 15:49:18,346 - root - INFO - 运行正常，显示为主窗口
2025-12-25 15:49:33,360 - root - INFO - 当前用户为：管理员
2025-12-25 15:49:33,360 - root - INFO - 当前用户ID为：1
2025-12-25 15:49:33,360 - root - INFO - 运行正常，显示为主窗口
2025-12-25 15:49:48,374 - root - INFO - 当前用户为：管理员
2025-12-25 15:49:48,374 - root - INFO - 当前用户ID为：1
2025-12-25 15:49:48,374 - root - INFO - 运行正常，显示为主窗口
2025-12-25 15:50:03,376 - root - INFO - 当前用户为：管理员
2025-12-25 15:50:03,376 - root - INFO - 当前用户ID为：1
2025-12-25 15:50:03,376 - root - INFO - 运行正常，显示为主窗口
2025-12-25 15:50:18,378 - root - INFO - 当前用户为：管理员
2025-12-25 15:50:18,378 - root - INFO - 当前用户ID为：1
2025-12-25 15:50:18,378 - root - INFO - 运行正常，显示为主窗口
2025-12-25 15:50:33,385 - root - INFO - 当前用户为：管理员
2025-12-25 15:50:33,385 - root - INFO - 当前用户ID为：1
2025-12-25 15:50:33,385 - root - INFO - 运行正常，显示为主窗口
2025-12-25 15:50:48,397 - root - INFO - 当前用户为：管理员
2025-12-25 15:50:48,397 - root - INFO - 当前用户ID为：1
2025-12-25 15:50:48,397 - root - INFO - 运行正常，显示为主窗口
2025-12-25 15:51:03,400 - root - INFO - 当前用户为：管理员
2025-12-25 15:51:03,400 - root - INFO - 当前用户ID为：1
2025-12-25 15:51:03,400 - root - INFO - 运行正常，显示为主窗口
2025-12-25 15:51:18,403 - root - INFO - 当前用户为：管理员
2025-12-25 15:51:18,403 - root - INFO - 当前用户ID为：1
2025-12-25 15:51:18,403 - root - INFO - 运行正常，显示为主窗口
2025-12-25 15:51:33,412 - root - INFO - 当前用户为：管理员
2025-12-25 15:51:33,412 - root - INFO - 当前用户ID为：1
2025-12-25 15:51:33,412 - root - INFO - 运行正常，显示为主窗口
2025-12-25 15:51:48,415 - root - INFO - 当前用户为：管理员
2025-12-25 15:51:48,415 - root - INFO - 当前用户ID为：1
2025-12-25 15:51:48,415 - root - INFO - 运行正常，显示为主窗口
2025-12-25 15:52:03,420 - root - INFO - 当前用户为：管理员
2025-12-25 15:52:03,420 - root - INFO - 当前用户ID为：1
2025-12-25 15:52:03,420 - root - INFO - 运行正常，显示为主窗口
2025-12-25 15:52:18,423 - root - INFO - 当前用户为：管理员
2025-12-25 15:52:18,423 - root - INFO - 当前用户ID为：1
2025-12-25 15:52:18,423 - root - INFO - 运行正常，显示为主窗口
2025-12-25 15:52:33,427 - root - INFO - 当前用户为：管理员
2025-12-25 15:52:33,427 - root - INFO - 当前用户ID为：1
2025-12-25 15:52:33,427 - root - INFO - 运行正常，显示为主窗口
2025-12-25 15:52:48,443 - root - INFO - 当前用户为：管理员
2025-12-25 15:52:48,443 - root - INFO - 当前用户ID为：1
2025-12-25 15:52:48,443 - root - INFO - 运行正常，显示为主窗口
2025-12-25 15:53:03,446 - root - INFO - 当前用户为：管理员
2025-12-25 15:53:03,446 - root - INFO - 当前用户ID为：1
2025-12-25 15:53:03,446 - root - INFO - 运行正常，显示为主窗口
2025-12-25 15:53:18,456 - root - INFO - 当前用户为：管理员
2025-12-25 15:53:18,456 - root - INFO - 当前用户ID为：1
2025-12-25 15:53:18,456 - root - INFO - 运行正常，显示为主窗口
2025-12-25 15:53:33,458 - root - INFO - 当前用户为：管理员
2025-12-25 15:53:33,458 - root - INFO - 当前用户ID为：1
2025-12-25 15:53:33,458 - root - INFO - 运行正常，显示为主窗口
2025-12-25 15:53:48,466 - root - INFO - 当前用户为：管理员
2025-12-25 15:53:48,466 - root - INFO - 当前用户ID为：1
2025-12-25 15:53:48,466 - root - INFO - 运行正常，显示为主窗口
2025-12-25 15:54:03,475 - root - INFO - 当前用户为：管理员
2025-12-25 15:54:03,475 - root - INFO - 当前用户ID为：1
2025-12-25 15:54:03,475 - root - INFO - 运行正常，显示为主窗口
2025-12-25 15:54:18,481 - root - INFO - 当前用户为：管理员
2025-12-25 15:54:18,481 - root - INFO - 当前用户ID为：1
2025-12-25 15:54:18,481 - root - INFO - 运行正常，显示为主窗口
2025-12-25 15:54:33,486 - root - INFO - 当前用户为：管理员
2025-12-25 15:54:33,486 - root - INFO - 当前用户ID为：1
2025-12-25 15:54:33,486 - root - INFO - 运行正常，显示为主窗口
2025-12-25 15:54:48,491 - root - INFO - 当前用户为：管理员
2025-12-25 15:54:48,491 - root - INFO - 当前用户ID为：1
2025-12-25 15:54:48,491 - root - INFO - 运行正常，显示为主窗口
2025-12-25 15:55:03,496 - root - INFO - 当前用户为：管理员
2025-12-25 15:55:03,496 - root - INFO - 当前用户ID为：1
2025-12-25 15:55:03,496 - root - INFO - 运行正常，显示为主窗口
2025-12-25 15:55:18,497 - root - INFO - 当前用户为：管理员
2025-12-25 15:55:18,497 - root - INFO - 当前用户ID为：1
2025-12-25 15:55:18,497 - root - INFO - 运行正常，显示为主窗口
2025-12-25 15:55:33,508 - root - INFO - 当前用户为：管理员
2025-12-25 15:55:33,508 - root - INFO - 当前用户ID为：1
2025-12-25 15:55:33,508 - root - INFO - 运行正常，显示为主窗口
2025-12-25 15:55:48,514 - root - INFO - 当前用户为：管理员
2025-12-25 15:55:48,514 - root - INFO - 当前用户ID为：1
2025-12-25 15:55:48,514 - root - INFO - 运行正常，显示为主窗口
2025-12-25 15:56:03,528 - root - INFO - 当前用户为：管理员
2025-12-25 15:56:03,528 - root - INFO - 当前用户ID为：1
2025-12-25 15:56:03,528 - root - INFO - 运行正常，显示为主窗口
2025-12-25 15:56:18,528 - root - INFO - 当前用户为：管理员
2025-12-25 15:56:18,528 - root - INFO - 当前用户ID为：1
2025-12-25 15:56:18,528 - root - INFO - 运行正常，显示为主窗口
2025-12-25 15:56:33,537 - root - INFO - 当前用户为：管理员
2025-12-25 15:56:33,537 - root - INFO - 当前用户ID为：1
2025-12-25 15:56:33,537 - root - INFO - 运行正常，显示为主窗口
2025-12-25 15:56:48,548 - root - INFO - 当前用户为：管理员
2025-12-25 15:56:48,548 - root - INFO - 当前用户ID为：1
2025-12-25 15:56:48,548 - root - INFO - 运行正常，显示为主窗口
2025-12-25 15:57:03,553 - root - INFO - 当前用户为：管理员
2025-12-25 15:57:03,553 - root - INFO - 当前用户ID为：1
2025-12-25 15:57:03,553 - root - INFO - 运行正常，显示为主窗口
2025-12-25 15:57:18,566 - root - INFO - 当前用户为：管理员
2025-12-25 15:57:18,566 - root - INFO - 当前用户ID为：1
2025-12-25 15:57:18,566 - root - INFO - 运行正常，显示为主窗口
2025-12-25 15:57:33,572 - root - INFO - 当前用户为：管理员
2025-12-25 15:57:33,572 - root - INFO - 当前用户ID为：1
2025-12-25 15:57:33,572 - root - INFO - 运行正常，显示为主窗口
2025-12-25 15:57:48,585 - root - INFO - 当前用户为：管理员
2025-12-25 15:57:48,585 - root - INFO - 当前用户ID为：1
2025-12-25 15:57:48,585 - root - INFO - 运行正常，显示为主窗口
2025-12-25 15:58:03,597 - root - INFO - 当前用户为：管理员
2025-12-25 15:58:03,597 - root - INFO - 当前用户ID为：1
2025-12-25 15:58:03,597 - root - INFO - 运行正常，显示为主窗口
2025-12-25 15:58:18,607 - root - INFO - 当前用户为：管理员
2025-12-25 15:58:18,607 - root - INFO - 当前用户ID为：1
2025-12-25 15:58:18,607 - root - INFO - 运行正常，显示为主窗口
2025-12-25 15:58:33,619 - root - INFO - 当前用户为：管理员
2025-12-25 15:58:33,619 - root - INFO - 当前用户ID为：1
2025-12-25 15:58:33,619 - root - INFO - 运行正常，显示为主窗口
2025-12-25 15:58:48,635 - root - INFO - 当前用户为：管理员
2025-12-25 15:58:48,635 - root - INFO - 当前用户ID为：1
2025-12-25 15:58:48,635 - root - INFO - 运行正常，显示为主窗口
2025-12-25 15:59:03,646 - root - INFO - 当前用户为：管理员
2025-12-25 15:59:03,646 - root - INFO - 当前用户ID为：1
2025-12-25 15:59:03,646 - root - INFO - 运行正常，显示为主窗口
2025-12-25 15:59:18,651 - root - INFO - 当前用户为：管理员
2025-12-25 15:59:18,651 - root - INFO - 当前用户ID为：1
2025-12-25 15:59:18,651 - root - INFO - 运行正常，显示为主窗口
2025-12-25 15:59:33,654 - root - INFO - 当前用户为：管理员
2025-12-25 15:59:33,654 - root - INFO - 当前用户ID为：1
2025-12-25 15:59:33,654 - root - INFO - 运行正常，显示为主窗口
2025-12-25 15:59:48,657 - root - INFO - 当前用户为：管理员
2025-12-25 15:59:48,657 - root - INFO - 当前用户ID为：1
2025-12-25 15:59:48,657 - root - INFO - 运行正常，显示为主窗口
2025-12-25 16:00:03,663 - root - INFO - 当前用户为：管理员
2025-12-25 16:00:03,663 - root - INFO - 当前用户ID为：1
2025-12-25 16:00:03,663 - root - INFO - 运行正常，显示为主窗口
2025-12-25 16:00:18,678 - root - INFO - 当前用户为：管理员
2025-12-25 16:00:18,678 - root - INFO - 当前用户ID为：1
2025-12-25 16:00:18,678 - root - INFO - 运行正常，显示为主窗口
2025-12-25 16:00:33,679 - root - INFO - 当前用户为：管理员
2025-12-25 16:00:33,679 - root - INFO - 当前用户ID为：1
2025-12-25 16:00:33,679 - root - INFO - 运行正常，显示为主窗口
2025-12-25 16:00:48,692 - root - INFO - 当前用户为：管理员
2025-12-25 16:00:48,692 - root - INFO - 当前用户ID为：1
2025-12-25 16:00:48,692 - root - INFO - 运行正常，显示为主窗口
2025-12-25 16:01:03,701 - root - INFO - 当前用户为：管理员
2025-12-25 16:01:03,701 - root - INFO - 当前用户ID为：1
2025-12-25 16:01:03,701 - root - INFO - 运行正常，显示为主窗口
2025-12-25 16:01:18,702 - root - INFO - 当前用户为：管理员
2025-12-25 16:01:18,702 - root - INFO - 当前用户ID为：1
2025-12-25 16:01:18,702 - root - INFO - 运行正常，显示为主窗口
2025-12-25 16:01:33,703 - root - INFO - 当前用户为：管理员
2025-12-25 16:01:33,703 - root - INFO - 当前用户ID为：1
2025-12-25 16:01:33,703 - root - INFO - 运行正常，显示为主窗口
2025-12-25 16:01:48,716 - root - INFO - 当前用户为：管理员
2025-12-25 16:01:48,716 - root - INFO - 当前用户ID为：1
2025-12-25 16:01:48,716 - root - INFO - 运行正常，显示为主窗口
2025-12-25 16:02:03,730 - root - INFO - 当前用户为：管理员
2025-12-25 16:02:03,730 - root - INFO - 当前用户ID为：1
2025-12-25 16:02:03,730 - root - INFO - 运行正常，显示为主窗口
2025-12-25 16:02:18,744 - root - INFO - 当前用户为：管理员
2025-12-25 16:02:18,744 - root - INFO - 当前用户ID为：1
2025-12-25 16:02:18,744 - root - INFO - 运行正常，显示为主窗口
2025-12-25 16:02:33,759 - root - INFO - 当前用户为：管理员
2025-12-25 16:02:33,759 - root - INFO - 当前用户ID为：1
2025-12-25 16:02:33,759 - root - INFO - 运行正常，显示为主窗口
2025-12-25 16:02:48,774 - root - INFO - 当前用户为：管理员
2025-12-25 16:02:48,774 - root - INFO - 当前用户ID为：1
2025-12-25 16:02:48,774 - root - INFO - 运行正常，显示为主窗口
2025-12-25 16:03:03,781 - root - INFO - 当前用户为：管理员
2025-12-25 16:03:03,781 - root - INFO - 当前用户ID为：1
2025-12-25 16:03:03,781 - root - INFO - 运行正常，显示为主窗口
2025-12-25 16:03:18,795 - root - INFO - 当前用户为：管理员
2025-12-25 16:03:18,795 - root - INFO - 当前用户ID为：1
2025-12-25 16:03:18,795 - root - INFO - 运行正常，显示为主窗口
2025-12-25 16:03:33,810 - root - INFO - 当前用户为：管理员
2025-12-25 16:03:33,810 - root - INFO - 当前用户ID为：1
2025-12-25 16:03:33,810 - root - INFO - 运行正常，显示为主窗口
2025-12-25 16:03:48,818 - root - INFO - 当前用户为：管理员
2025-12-25 16:03:48,818 - root - INFO - 当前用户ID为：1
2025-12-25 16:03:48,818 - root - INFO - 运行正常，显示为主窗口
2025-12-25 16:04:03,830 - root - INFO - 当前用户为：管理员
2025-12-25 16:04:03,830 - root - INFO - 当前用户ID为：1
2025-12-25 16:04:03,830 - root - INFO - 运行正常，显示为主窗口
2025-12-25 16:04:18,832 - root - INFO - 当前用户为：管理员
2025-12-25 16:04:18,832 - root - INFO - 当前用户ID为：1
2025-12-25 16:04:18,832 - root - INFO - 运行正常，显示为主窗口
2025-12-25 16:04:33,833 - root - INFO - 当前用户为：管理员
2025-12-25 16:04:33,833 - root - INFO - 当前用户ID为：1
2025-12-25 16:04:33,833 - root - INFO - 运行正常，显示为主窗口
2025-12-25 16:04:48,848 - root - INFO - 当前用户为：管理员
2025-12-25 16:04:48,848 - root - INFO - 当前用户ID为：1
2025-12-25 16:04:48,848 - root - INFO - 运行正常，显示为主窗口
2025-12-25 16:05:03,852 - root - INFO - 当前用户为：管理员
2025-12-25 16:05:03,852 - root - INFO - 当前用户ID为：1
2025-12-25 16:05:03,852 - root - INFO - 运行正常，显示为主窗口
2025-12-25 16:05:18,853 - root - INFO - 当前用户为：管理员
2025-12-25 16:05:18,853 - root - INFO - 当前用户ID为：1
2025-12-25 16:05:18,853 - root - INFO - 运行正常，显示为主窗口
2025-12-25 16:05:33,863 - root - INFO - 当前用户为：管理员
2025-12-25 16:05:33,863 - root - INFO - 当前用户ID为：1
2025-12-25 16:05:33,863 - root - INFO - 运行正常，显示为主窗口
2025-12-25 16:05:48,869 - root - INFO - 当前用户为：管理员
2025-12-25 16:05:48,869 - root - INFO - 当前用户ID为：1
2025-12-25 16:05:48,869 - root - INFO - 运行正常，显示为主窗口
2025-12-25 16:06:03,884 - root - INFO - 当前用户为：管理员
2025-12-25 16:06:03,884 - root - INFO - 当前用户ID为：1
2025-12-25 16:06:03,884 - root - INFO - 运行正常，显示为主窗口
2025-12-25 16:06:18,896 - root - INFO - 当前用户为：管理员
2025-12-25 16:06:18,896 - root - INFO - 当前用户ID为：1
2025-12-25 16:06:18,896 - root - INFO - 运行正常，显示为主窗口
2025-12-25 16:06:33,901 - root - INFO - 当前用户为：管理员
2025-12-25 16:06:33,901 - root - INFO - 当前用户ID为：1
2025-12-25 16:06:33,901 - root - INFO - 运行正常，显示为主窗口
2025-12-25 16:06:48,916 - root - INFO - 当前用户为：管理员
2025-12-25 16:06:48,916 - root - INFO - 当前用户ID为：1
2025-12-25 16:06:48,916 - root - INFO - 运行正常，显示为主窗口
2025-12-25 16:07:03,919 - root - INFO - 当前用户为：管理员
2025-12-25 16:07:03,919 - root - INFO - 当前用户ID为：1
2025-12-25 16:07:03,919 - root - INFO - 运行正常，显示为主窗口
2025-12-25 16:07:18,924 - root - INFO - 当前用户为：管理员
2025-12-25 16:07:18,924 - root - INFO - 当前用户ID为：1
2025-12-25 16:07:18,924 - root - INFO - 运行正常，显示为主窗口
2025-12-25 16:07:33,938 - root - INFO - 当前用户为：管理员
2025-12-25 16:07:33,938 - root - INFO - 当前用户ID为：1
2025-12-25 16:07:33,938 - root - INFO - 运行正常，显示为主窗口
2025-12-25 16:07:48,944 - root - INFO - 当前用户为：管理员
2025-12-25 16:07:48,944 - root - INFO - 当前用户ID为：1
2025-12-25 16:07:48,944 - root - INFO - 运行正常，显示为主窗口
2025-12-25 16:08:03,956 - root - INFO - 当前用户为：管理员
2025-12-25 16:08:03,956 - root - INFO - 当前用户ID为：1
2025-12-25 16:08:03,956 - root - INFO - 运行正常，显示为主窗口
2025-12-25 16:08:18,964 - root - INFO - 当前用户为：管理员
2025-12-25 16:08:18,964 - root - INFO - 当前用户ID为：1
2025-12-25 16:08:18,964 - root - INFO - 运行正常，显示为主窗口
2025-12-25 16:08:33,968 - root - INFO - 当前用户为：管理员
2025-12-25 16:08:33,968 - root - INFO - 当前用户ID为：1
2025-12-25 16:08:33,968 - root - INFO - 运行正常，显示为主窗口
2025-12-25 16:08:48,974 - root - INFO - 当前用户为：管理员
2025-12-25 16:08:48,974 - root - INFO - 当前用户ID为：1
2025-12-25 16:08:48,974 - root - INFO - 运行正常，显示为主窗口
2025-12-25 16:09:03,985 - root - INFO - 当前用户为：管理员
2025-12-25 16:09:03,985 - root - INFO - 当前用户ID为：1
2025-12-25 16:09:03,985 - root - INFO - 运行正常，显示为主窗口
2025-12-25 16:09:18,990 - root - INFO - 当前用户为：管理员
2025-12-25 16:09:18,990 - root - INFO - 当前用户ID为：1
2025-12-25 16:09:18,990 - root - INFO - 运行正常，显示为主窗口
2025-12-25 16:09:34,005 - root - INFO - 当前用户为：管理员
2025-12-25 16:09:34,005 - root - INFO - 当前用户ID为：1
2025-12-25 16:09:34,005 - root - INFO - 运行正常，显示为主窗口
2025-12-25 16:09:49,009 - root - INFO - 当前用户为：管理员
2025-12-25 16:09:49,009 - root - INFO - 当前用户ID为：1
2025-12-25 16:09:49,009 - root - INFO - 运行正常，显示为主窗口
2025-12-25 16:10:04,016 - root - INFO - 当前用户为：管理员
2025-12-25 16:10:04,016 - root - INFO - 当前用户ID为：1
2025-12-25 16:10:04,016 - root - INFO - 运行正常，显示为主窗口
2025-12-25 16:10:19,023 - root - INFO - 当前用户为：管理员
2025-12-25 16:10:19,023 - root - INFO - 当前用户ID为：1
2025-12-25 16:10:19,023 - root - INFO - 运行正常，显示为主窗口
2025-12-25 16:10:34,032 - root - INFO - 当前用户为：管理员
2025-12-25 16:10:34,032 - root - INFO - 当前用户ID为：1
2025-12-25 16:10:34,032 - root - INFO - 运行正常，显示为主窗口
2025-12-25 16:10:49,036 - root - INFO - 当前用户为：管理员
2025-12-25 16:10:49,036 - root - INFO - 当前用户ID为：1
2025-12-25 16:10:49,036 - root - INFO - 运行正常，显示为主窗口
2025-12-25 16:11:04,044 - root - INFO - 当前用户为：管理员
2025-12-25 16:11:04,044 - root - INFO - 当前用户ID为：1
2025-12-25 16:11:04,044 - root - INFO - 运行正常，显示为主窗口
2025-12-25 16:11:19,047 - root - INFO - 当前用户为：管理员
2025-12-25 16:11:19,047 - root - INFO - 当前用户ID为：1
2025-12-25 16:11:19,047 - root - INFO - 运行正常，显示为主窗口
2025-12-25 16:11:34,059 - root - INFO - 当前用户为：管理员
2025-12-25 16:11:34,059 - root - INFO - 当前用户ID为：1
2025-12-25 16:11:34,059 - root - INFO - 运行正常，显示为主窗口
2025-12-25 16:11:49,075 - root - INFO - 当前用户为：管理员
2025-12-25 16:11:49,075 - root - INFO - 当前用户ID为：1
2025-12-25 16:11:49,075 - root - INFO - 运行正常，显示为主窗口
2025-12-25 16:12:04,077 - root - INFO - 当前用户为：管理员
2025-12-25 16:12:04,077 - root - INFO - 当前用户ID为：1
2025-12-25 16:12:04,077 - root - INFO - 运行正常，显示为主窗口
2025-12-25 16:12:19,087 - root - INFO - 当前用户为：管理员
2025-12-25 16:12:19,087 - root - INFO - 当前用户ID为：1
2025-12-25 16:12:19,088 - root - INFO - 运行正常，显示为主窗口
2025-12-25 16:12:34,097 - root - INFO - 当前用户为：管理员
2025-12-25 16:12:34,097 - root - INFO - 当前用户ID为：1
2025-12-25 16:12:34,098 - root - INFO - 运行正常，显示为主窗口
2025-12-25 16:12:49,110 - root - INFO - 当前用户为：管理员
2025-12-25 16:12:49,110 - root - INFO - 当前用户ID为：1
2025-12-25 16:12:49,110 - root - INFO - 运行正常，显示为主窗口
2025-12-25 16:13:04,113 - root - INFO - 当前用户为：管理员
2025-12-25 16:13:04,113 - root - INFO - 当前用户ID为：1
2025-12-25 16:13:04,113 - root - INFO - 运行正常，显示为主窗口
2025-12-25 16:13:19,122 - root - INFO - 当前用户为：管理员
2025-12-25 16:13:19,122 - root - INFO - 当前用户ID为：1
2025-12-25 16:13:19,123 - root - INFO - 运行正常，显示为主窗口
2025-12-25 16:13:34,124 - root - INFO - 当前用户为：管理员
2025-12-25 16:13:34,124 - root - INFO - 当前用户ID为：1
2025-12-25 16:13:34,124 - root - INFO - 运行正常，显示为主窗口
2025-12-25 16:13:49,130 - root - INFO - 当前用户为：管理员
2025-12-25 16:13:49,130 - root - INFO - 当前用户ID为：1
2025-12-25 16:13:49,130 - root - INFO - 运行正常，显示为主窗口
2025-12-25 16:14:04,141 - root - INFO - 当前用户为：管理员
2025-12-25 16:14:04,141 - root - INFO - 当前用户ID为：1
2025-12-25 16:14:04,141 - root - INFO - 运行正常，显示为主窗口
2025-12-25 16:14:19,153 - root - INFO - 当前用户为：管理员
2025-12-25 16:14:19,153 - root - INFO - 当前用户ID为：1
2025-12-25 16:14:19,153 - root - INFO - 运行正常，显示为主窗口
2025-12-25 16:14:34,185 - root - INFO - 当前用户为：管理员
2025-12-25 16:14:34,185 - root - INFO - 当前用户ID为：1
2025-12-25 16:14:34,185 - root - INFO - 运行正常，显示为主窗口
2025-12-25 16:14:49,188 - root - INFO - 当前用户为：管理员
2025-12-25 16:14:49,188 - root - INFO - 当前用户ID为：1
2025-12-25 16:14:49,188 - root - INFO - 运行正常，显示为主窗口
2025-12-25 16:15:04,193 - root - INFO - 当前用户为：管理员
2025-12-25 16:15:04,194 - root - INFO - 当前用户ID为：1
2025-12-25 16:15:04,194 - root - INFO - 运行正常，显示为主窗口
2025-12-25 16:15:19,199 - root - INFO - 当前用户为：管理员
2025-12-25 16:15:19,200 - root - INFO - 当前用户ID为：1
2025-12-25 16:15:19,200 - root - INFO - 运行正常，显示为主窗口
2025-12-25 16:15:34,214 - root - INFO - 当前用户为：管理员
2025-12-25 16:15:34,215 - root - INFO - 当前用户ID为：1
2025-12-25 16:15:34,215 - root - INFO - 运行正常，显示为主窗口
2025-12-25 16:15:49,218 - root - INFO - 当前用户为：管理员
2025-12-25 16:15:49,218 - root - INFO - 当前用户ID为：1
2025-12-25 16:15:49,218 - root - INFO - 运行正常，显示为主窗口
2025-12-25 16:16:04,224 - root - INFO - 当前用户为：管理员
2025-12-25 16:16:04,224 - root - INFO - 当前用户ID为：1
2025-12-25 16:16:04,224 - root - INFO - 运行正常，显示为主窗口
2025-12-25 16:16:19,238 - root - INFO - 当前用户为：管理员
2025-12-25 16:16:19,238 - root - INFO - 当前用户ID为：1
2025-12-25 16:16:19,239 - root - INFO - 运行正常，显示为主窗口
2025-12-25 16:16:34,239 - root - INFO - 当前用户为：管理员
2025-12-25 16:16:34,239 - root - INFO - 当前用户ID为：1
2025-12-25 16:16:34,239 - root - INFO - 运行正常，显示为主窗口
2025-12-25 16:16:49,248 - root - INFO - 当前用户为：管理员
2025-12-25 16:16:49,249 - root - INFO - 当前用户ID为：1
2025-12-25 16:16:49,249 - root - INFO - 运行正常，显示为主窗口
2025-12-25 16:17:04,250 - root - INFO - 当前用户为：管理员
2025-12-25 16:17:04,250 - root - INFO - 当前用户ID为：1
2025-12-25 16:17:04,250 - root - INFO - 运行正常，显示为主窗口
2025-12-25 16:17:19,263 - root - INFO - 当前用户为：管理员
2025-12-25 16:17:19,263 - root - INFO - 当前用户ID为：1
2025-12-25 16:17:19,263 - root - INFO - 运行正常，显示为主窗口
2025-12-25 16:17:34,270 - root - INFO - 当前用户为：管理员
2025-12-25 16:17:34,270 - root - INFO - 当前用户ID为：1
2025-12-25 16:17:34,270 - root - INFO - 运行正常，显示为主窗口
2025-12-25 16:17:49,279 - root - INFO - 当前用户为：管理员
2025-12-25 16:17:49,279 - root - INFO - 当前用户ID为：1
2025-12-25 16:17:49,279 - root - INFO - 运行正常，显示为主窗口
2025-12-25 16:18:04,287 - root - INFO - 当前用户为：管理员
2025-12-25 16:18:04,287 - root - INFO - 当前用户ID为：1
2025-12-25 16:18:04,287 - root - INFO - 运行正常，显示为主窗口
2025-12-25 16:18:19,289 - root - INFO - 当前用户为：管理员
2025-12-25 16:18:19,289 - root - INFO - 当前用户ID为：1
2025-12-25 16:18:19,289 - root - INFO - 运行正常，显示为主窗口
2025-12-25 16:18:34,304 - root - INFO - 当前用户为：管理员
2025-12-25 16:18:34,304 - root - INFO - 当前用户ID为：1
2025-12-25 16:18:34,305 - root - INFO - 运行正常，显示为主窗口
2025-12-25 16:18:49,305 - root - INFO - 当前用户为：管理员
2025-12-25 16:18:49,305 - root - INFO - 当前用户ID为：1
2025-12-25 16:18:49,305 - root - INFO - 运行正常，显示为主窗口
2025-12-25 16:19:04,308 - root - INFO - 当前用户为：管理员
2025-12-25 16:19:04,309 - root - INFO - 当前用户ID为：1
2025-12-25 16:19:04,309 - root - INFO - 运行正常，显示为主窗口
2025-12-25 16:19:19,318 - root - INFO - 当前用户为：管理员
2025-12-25 16:19:19,318 - root - INFO - 当前用户ID为：1
2025-12-25 16:19:19,318 - root - INFO - 运行正常，显示为主窗口
2025-12-25 16:19:34,322 - root - INFO - 当前用户为：管理员
2025-12-25 16:19:34,322 - root - INFO - 当前用户ID为：1
2025-12-25 16:19:34,322 - root - INFO - 运行正常，显示为主窗口
2025-12-25 16:19:49,333 - root - INFO - 当前用户为：管理员
2025-12-25 16:19:49,333 - root - INFO - 当前用户ID为：1
2025-12-25 16:19:49,333 - root - INFO - 运行正常，显示为主窗口
2025-12-25 16:20:04,334 - root - INFO - 当前用户为：管理员
2025-12-25 16:20:04,334 - root - INFO - 当前用户ID为：1
2025-12-25 16:20:04,334 - root - INFO - 运行正常，显示为主窗口
2025-12-25 16:20:19,348 - root - INFO - 当前用户为：管理员
2025-12-25 16:20:19,348 - root - INFO - 当前用户ID为：1
2025-12-25 16:20:19,348 - root - INFO - 运行正常，显示为主窗口
2025-12-25 16:20:34,357 - root - INFO - 当前用户为：管理员
2025-12-25 16:20:34,357 - root - INFO - 当前用户ID为：1
2025-12-25 16:20:34,357 - root - INFO - 运行正常，显示为主窗口
2025-12-25 16:20:49,365 - root - INFO - 当前用户为：管理员
2025-12-25 16:20:49,365 - root - INFO - 当前用户ID为：1
2025-12-25 16:20:49,365 - root - INFO - 运行正常，显示为主窗口
2025-12-25 16:21:04,373 - root - INFO - 当前用户为：管理员
2025-12-25 16:21:04,373 - root - INFO - 当前用户ID为：1
2025-12-25 16:21:04,373 - root - INFO - 运行正常，显示为主窗口
2025-12-25 16:21:19,388 - root - INFO - 当前用户为：管理员
2025-12-25 16:21:19,388 - root - INFO - 当前用户ID为：1
2025-12-25 16:21:19,389 - root - INFO - 运行正常，显示为主窗口
2025-12-25 16:21:34,395 - root - INFO - 当前用户为：管理员
2025-12-25 16:21:34,396 - root - INFO - 当前用户ID为：1
2025-12-25 16:21:34,396 - root - INFO - 运行正常，显示为主窗口
2025-12-25 16:21:49,408 - root - INFO - 当前用户为：管理员
2025-12-25 16:21:49,408 - root - INFO - 当前用户ID为：1
2025-12-25 16:21:49,408 - root - INFO - 运行正常，显示为主窗口
2025-12-25 16:22:04,423 - root - INFO - 当前用户为：管理员
2025-12-25 16:22:04,423 - root - INFO - 当前用户ID为：1
2025-12-25 16:22:04,423 - root - INFO - 运行正常，显示为主窗口
2025-12-25 16:22:19,427 - root - INFO - 当前用户为：管理员
2025-12-25 16:22:19,428 - root - INFO - 当前用户ID为：1
2025-12-25 16:22:19,428 - root - INFO - 运行正常，显示为主窗口
2025-12-25 16:22:34,430 - root - INFO - 当前用户为：管理员
2025-12-25 16:22:34,430 - root - INFO - 当前用户ID为：1
2025-12-25 16:22:34,430 - root - INFO - 运行正常，显示为主窗口
2025-12-25 16:22:49,431 - root - INFO - 当前用户为：管理员
2025-12-25 16:22:49,431 - root - INFO - 当前用户ID为：1
2025-12-25 16:22:49,431 - root - INFO - 运行正常，显示为主窗口
2025-12-25 16:23:04,442 - root - INFO - 当前用户为：管理员
2025-12-25 16:23:04,442 - root - INFO - 当前用户ID为：1
2025-12-25 16:23:04,442 - root - INFO - 运行正常，显示为主窗口
2025-12-25 16:23:19,445 - root - INFO - 当前用户为：管理员
2025-12-25 16:23:19,445 - root - INFO - 当前用户ID为：1
2025-12-25 16:23:19,445 - root - INFO - 运行正常，显示为主窗口
2025-12-25 16:23:34,456 - root - INFO - 当前用户为：管理员
2025-12-25 16:23:34,456 - root - INFO - 当前用户ID为：1
2025-12-25 16:23:34,456 - root - INFO - 运行正常，显示为主窗口
2025-12-25 16:23:49,469 - root - INFO - 当前用户为：管理员
2025-12-25 16:23:49,469 - root - INFO - 当前用户ID为：1
2025-12-25 16:23:49,469 - root - INFO - 运行正常，显示为主窗口
2025-12-25 16:24:04,479 - root - INFO - 当前用户为：管理员
2025-12-25 16:24:04,479 - root - INFO - 当前用户ID为：1
2025-12-25 16:24:04,479 - root - INFO - 运行正常，显示为主窗口
2025-12-25 16:24:19,482 - root - INFO - 当前用户为：管理员
2025-12-25 16:24:19,482 - root - INFO - 当前用户ID为：1
2025-12-25 16:24:19,482 - root - INFO - 运行正常，显示为主窗口
2025-12-25 16:24:34,493 - root - INFO - 当前用户为：管理员
2025-12-25 16:24:34,493 - root - INFO - 当前用户ID为：1
2025-12-25 16:24:34,493 - root - INFO - 运行正常，显示为主窗口
2025-12-25 16:24:49,495 - root - INFO - 当前用户为：管理员
2025-12-25 16:24:49,495 - root - INFO - 当前用户ID为：1
2025-12-25 16:24:49,496 - root - INFO - 运行正常，显示为主窗口
2025-12-25 16:25:04,511 - root - INFO - 当前用户为：管理员
2025-12-25 16:25:04,511 - root - INFO - 当前用户ID为：1
2025-12-25 16:25:04,512 - root - INFO - 运行正常，显示为主窗口
2025-12-25 16:25:19,521 - root - INFO - 当前用户为：管理员
2025-12-25 16:25:19,522 - root - INFO - 当前用户ID为：1
2025-12-25 16:25:19,522 - root - INFO - 运行正常，显示为主窗口
2025-12-25 16:25:34,537 - root - INFO - 当前用户为：管理员
2025-12-25 16:25:34,537 - root - INFO - 当前用户ID为：1
2025-12-25 16:25:34,537 - root - INFO - 运行正常，显示为主窗口
2025-12-25 16:25:49,542 - root - INFO - 当前用户为：管理员
2025-12-25 16:25:49,543 - root - INFO - 当前用户ID为：1
2025-12-25 16:25:49,543 - root - INFO - 运行正常，显示为主窗口
2025-12-25 16:26:04,555 - root - INFO - 当前用户为：管理员
2025-12-25 16:26:04,556 - root - INFO - 当前用户ID为：1
2025-12-25 16:26:04,556 - root - INFO - 运行正常，显示为主窗口
2025-12-25 16:26:19,560 - root - INFO - 当前用户为：管理员
2025-12-25 16:26:19,560 - root - INFO - 当前用户ID为：1
2025-12-25 16:26:19,560 - root - INFO - 运行正常，显示为主窗口
2025-12-25 16:26:34,575 - root - INFO - 当前用户为：管理员
2025-12-25 16:26:34,575 - root - INFO - 当前用户ID为：1
2025-12-25 16:26:34,575 - root - INFO - 运行正常，显示为主窗口
2025-12-25 16:26:49,580 - root - INFO - 当前用户为：管理员
2025-12-25 16:26:49,580 - root - INFO - 当前用户ID为：1
2025-12-25 16:26:49,581 - root - INFO - 运行正常，显示为主窗口
2025-12-25 16:27:04,596 - root - INFO - 当前用户为：管理员
2025-12-25 16:27:04,596 - root - INFO - 当前用户ID为：1
2025-12-25 16:27:04,597 - root - INFO - 运行正常，显示为主窗口
2025-12-25 16:27:19,607 - root - INFO - 当前用户为：管理员
2025-12-25 16:27:19,607 - root - INFO - 当前用户ID为：1
2025-12-25 16:27:19,607 - root - INFO - 运行正常，显示为主窗口
2025-12-25 16:27:34,620 - root - INFO - 当前用户为：管理员
2025-12-25 16:27:34,620 - root - INFO - 当前用户ID为：1
2025-12-25 16:27:34,620 - root - INFO - 运行正常，显示为主窗口
2025-12-25 16:27:49,633 - root - INFO - 当前用户为：管理员
2025-12-25 16:27:49,634 - root - INFO - 当前用户ID为：1
2025-12-25 16:27:49,634 - root - INFO - 运行正常，显示为主窗口
2025-12-25 16:28:04,646 - root - INFO - 当前用户为：管理员
2025-12-25 16:28:04,646 - root - INFO - 当前用户ID为：1
2025-12-25 16:28:04,646 - root - INFO - 运行正常，显示为主窗口
2025-12-25 16:28:19,656 - root - INFO - 当前用户为：管理员
2025-12-25 16:28:19,657 - root - INFO - 当前用户ID为：1
2025-12-25 16:28:19,657 - root - INFO - 运行正常，显示为主窗口
2025-12-25 16:28:34,671 - root - INFO - 当前用户为：管理员
2025-12-25 16:28:34,672 - root - INFO - 当前用户ID为：1
2025-12-25 16:28:34,672 - root - INFO - 运行正常，显示为主窗口
2025-12-25 16:28:49,688 - root - INFO - 当前用户为：管理员
2025-12-25 16:28:49,688 - root - INFO - 当前用户ID为：1
2025-12-25 16:28:49,688 - root - INFO - 运行正常，显示为主窗口
2025-12-25 16:29:04,696 - root - INFO - 当前用户为：管理员
2025-12-25 16:29:04,696 - root - INFO - 当前用户ID为：1
2025-12-25 16:29:04,696 - root - INFO - 运行正常，显示为主窗口
2025-12-25 16:29:19,708 - root - INFO - 当前用户为：管理员
2025-12-25 16:29:19,708 - root - INFO - 当前用户ID为：1
2025-12-25 16:29:19,708 - root - INFO - 运行正常，显示为主窗口
2025-12-25 16:29:34,714 - root - INFO - 当前用户为：管理员
2025-12-25 16:29:34,714 - root - INFO - 当前用户ID为：1
2025-12-25 16:29:34,714 - root - INFO - 运行正常，显示为主窗口
2025-12-25 16:29:49,719 - root - INFO - 当前用户为：管理员
2025-12-25 16:29:49,719 - root - INFO - 当前用户ID为：1
2025-12-25 16:29:49,719 - root - INFO - 运行正常，显示为主窗口
2025-12-25 16:30:04,727 - root - INFO - 当前用户为：管理员
2025-12-25 16:30:04,727 - root - INFO - 当前用户ID为：1
2025-12-25 16:30:04,727 - root - INFO - 运行正常，显示为主窗口
2025-12-25 16:30:19,734 - root - INFO - 当前用户为：管理员
2025-12-25 16:30:19,734 - root - INFO - 当前用户ID为：1
2025-12-25 16:30:19,735 - root - INFO - 运行正常，显示为主窗口
2025-12-25 16:30:34,742 - root - INFO - 当前用户为：管理员
2025-12-25 16:30:34,742 - root - INFO - 当前用户ID为：1
2025-12-25 16:30:34,742 - root - INFO - 运行正常，显示为主窗口
2025-12-25 16:30:49,754 - root - INFO - 当前用户为：管理员
2025-12-25 16:30:49,754 - root - INFO - 当前用户ID为：1
2025-12-25 16:30:49,754 - root - INFO - 运行正常，显示为主窗口
2025-12-25 16:31:04,760 - root - INFO - 当前用户为：管理员
2025-12-25 16:31:04,760 - root - INFO - 当前用户ID为：1
2025-12-25 16:31:04,760 - root - INFO - 运行正常，显示为主窗口
2025-12-25 16:31:19,771 - root - INFO - 当前用户为：管理员
2025-12-25 16:31:19,771 - root - INFO - 当前用户ID为：1
2025-12-25 16:31:19,771 - root - INFO - 运行正常，显示为主窗口
2025-12-25 16:31:34,774 - root - INFO - 当前用户为：管理员
2025-12-25 16:31:34,774 - root - INFO - 当前用户ID为：1
2025-12-25 16:31:34,774 - root - INFO - 运行正常，显示为主窗口
2025-12-25 16:31:49,786 - root - INFO - 当前用户为：管理员
2025-12-25 16:31:49,786 - root - INFO - 当前用户ID为：1
2025-12-25 16:31:49,786 - root - INFO - 运行正常，显示为主窗口
2025-12-25 16:32:04,789 - root - INFO - 当前用户为：管理员
2025-12-25 16:32:04,790 - root - INFO - 当前用户ID为：1
2025-12-25 16:32:04,790 - root - INFO - 运行正常，显示为主窗口
2025-12-25 16:32:19,804 - root - INFO - 当前用户为：管理员
2025-12-25 16:32:19,804 - root - INFO - 当前用户ID为：1
2025-12-25 16:32:19,804 - root - INFO - 运行正常，显示为主窗口
2025-12-25 16:32:34,814 - root - INFO - 当前用户为：管理员
2025-12-25 16:32:34,814 - root - INFO - 当前用户ID为：1
2025-12-25 16:32:34,814 - root - INFO - 运行正常，显示为主窗口
2025-12-25 16:32:49,824 - root - INFO - 当前用户为：管理员
2025-12-25 16:32:49,825 - root - INFO - 当前用户ID为：1
2025-12-25 16:32:49,825 - root - INFO - 运行正常，显示为主窗口
2025-12-25 16:33:04,838 - root - INFO - 当前用户为：管理员
2025-12-25 16:33:04,838 - root - INFO - 当前用户ID为：1
2025-12-25 16:33:04,838 - root - INFO - 运行正常，显示为主窗口
2025-12-25 16:33:19,843 - root - INFO - 当前用户为：管理员
2025-12-25 16:33:19,843 - root - INFO - 当前用户ID为：1
2025-12-25 16:33:19,843 - root - INFO - 运行正常，显示为主窗口
2025-12-25 16:33:34,849 - root - INFO - 当前用户为：管理员
2025-12-25 16:33:34,849 - root - INFO - 当前用户ID为：1
2025-12-25 16:33:34,850 - root - INFO - 运行正常，显示为主窗口
2025-12-25 16:33:49,854 - root - INFO - 当前用户为：管理员
2025-12-25 16:33:49,854 - root - INFO - 当前用户ID为：1
2025-12-25 16:33:49,854 - root - INFO - 运行正常，显示为主窗口
2025-12-25 16:34:04,855 - root - INFO - 当前用户为：管理员
2025-12-25 16:34:04,856 - root - INFO - 当前用户ID为：1
2025-12-25 16:34:04,856 - root - INFO - 运行正常，显示为主窗口
2025-12-25 16:34:19,871 - root - INFO - 当前用户为：管理员
2025-12-25 16:34:19,871 - root - INFO - 当前用户ID为：1
2025-12-25 16:34:19,871 - root - INFO - 运行正常，显示为主窗口
2025-12-25 16:34:34,885 - root - INFO - 当前用户为：管理员
2025-12-25 16:34:34,885 - root - INFO - 当前用户ID为：1
2025-12-25 16:34:34,885 - root - INFO - 运行正常，显示为主窗口
2025-12-25 16:34:49,888 - root - INFO - 当前用户为：管理员
2025-12-25 16:34:49,888 - root - INFO - 当前用户ID为：1
2025-12-25 16:34:49,888 - root - INFO - 运行正常，显示为主窗口
2025-12-25 16:35:04,899 - root - INFO - 当前用户为：管理员
2025-12-25 16:35:04,900 - root - INFO - 当前用户ID为：1
2025-12-25 16:35:04,900 - root - INFO - 运行正常，显示为主窗口
2025-12-25 16:35:19,915 - root - INFO - 当前用户为：管理员
2025-12-25 16:35:19,915 - root - INFO - 当前用户ID为：1
2025-12-25 16:35:19,915 - root - INFO - 运行正常，显示为主窗口
2025-12-25 16:35:34,918 - root - INFO - 当前用户为：管理员
2025-12-25 16:35:34,918 - root - INFO - 当前用户ID为：1
2025-12-25 16:35:34,918 - root - INFO - 运行正常，显示为主窗口
2025-12-25 16:35:49,921 - root - INFO - 当前用户为：管理员
2025-12-25 16:35:49,921 - root - INFO - 当前用户ID为：1
2025-12-25 16:35:49,922 - root - INFO - 运行正常，显示为主窗口
2025-12-25 16:36:04,929 - root - INFO - 当前用户为：管理员
2025-12-25 16:36:04,929 - root - INFO - 当前用户ID为：1
2025-12-25 16:36:04,929 - root - INFO - 运行正常，显示为主窗口
2025-12-25 16:36:19,930 - root - INFO - 当前用户为：管理员
2025-12-25 16:36:19,930 - root - INFO - 当前用户ID为：1
2025-12-25 16:36:19,930 - root - INFO - 运行正常，显示为主窗口
2025-12-25 16:36:34,939 - root - INFO - 当前用户为：管理员
2025-12-25 16:36:34,939 - root - INFO - 当前用户ID为：1
2025-12-25 16:36:34,939 - root - INFO - 运行正常，显示为主窗口
2025-12-25 16:36:49,951 - root - INFO - 当前用户为：管理员
2025-12-25 16:36:49,951 - root - INFO - 当前用户ID为：1
2025-12-25 16:36:49,952 - root - INFO - 运行正常，显示为主窗口
2025-12-25 16:37:04,966 - root - INFO - 当前用户为：管理员
2025-12-25 16:37:04,966 - root - INFO - 当前用户ID为：1
2025-12-25 16:37:04,966 - root - INFO - 运行正常，显示为主窗口
2025-12-25 16:37:19,975 - root - INFO - 当前用户为：管理员
2025-12-25 16:37:19,975 - root - INFO - 当前用户ID为：1
2025-12-25 16:37:19,975 - root - INFO - 运行正常，显示为主窗口
2025-12-25 16:37:34,989 - root - INFO - 当前用户为：管理员
2025-12-25 16:37:34,989 - root - INFO - 当前用户ID为：1
2025-12-25 16:37:34,989 - root - INFO - 运行正常，显示为主窗口
2025-12-25 16:37:50,000 - root - INFO - 当前用户为：管理员
2025-12-25 16:37:50,000 - root - INFO - 当前用户ID为：1
2025-12-25 16:37:50,000 - root - INFO - 运行正常，显示为主窗口
2025-12-25 16:38:05,013 - root - INFO - 当前用户为：管理员
2025-12-25 16:38:05,013 - root - INFO - 当前用户ID为：1
2025-12-25 16:38:05,014 - root - INFO - 运行正常，显示为主窗口
2025-12-25 16:38:20,017 - root - INFO - 当前用户为：管理员
2025-12-25 16:38:20,017 - root - INFO - 当前用户ID为：1
2025-12-25 16:38:20,018 - root - INFO - 运行正常，显示为主窗口
2025-12-25 16:38:35,027 - root - INFO - 当前用户为：管理员
2025-12-25 16:38:35,027 - root - INFO - 当前用户ID为：1
2025-12-25 16:38:35,027 - root - INFO - 运行正常，显示为主窗口
2025-12-25 16:38:50,033 - root - INFO - 当前用户为：管理员
2025-12-25 16:38:50,033 - root - INFO - 当前用户ID为：1
2025-12-25 16:38:50,034 - root - INFO - 运行正常，显示为主窗口
2025-12-25 16:39:05,045 - root - INFO - 当前用户为：管理员
2025-12-25 16:39:05,046 - root - INFO - 当前用户ID为：1
2025-12-25 16:39:05,046 - root - INFO - 运行正常，显示为主窗口
2025-12-25 16:39:20,050 - root - INFO - 当前用户为：管理员
2025-12-25 16:39:20,050 - root - INFO - 当前用户ID为：1
2025-12-25 16:39:20,050 - root - INFO - 运行正常，显示为主窗口
2025-12-25 16:39:35,053 - root - INFO - 当前用户为：管理员
2025-12-25 16:39:35,053 - root - INFO - 当前用户ID为：1
2025-12-25 16:39:35,053 - root - INFO - 运行正常，显示为主窗口
2025-12-25 16:39:50,067 - root - INFO - 当前用户为：管理员
2025-12-25 16:39:50,067 - root - INFO - 当前用户ID为：1
2025-12-25 16:39:50,068 - root - INFO - 运行正常，显示为主窗口
2025-12-25 16:40:05,070 - root - INFO - 当前用户为：管理员
2025-12-25 16:40:05,070 - root - INFO - 当前用户ID为：1
2025-12-25 16:40:05,070 - root - INFO - 运行正常，显示为主窗口
2025-12-25 16:40:20,074 - root - INFO - 当前用户为：管理员
2025-12-25 16:40:20,074 - root - INFO - 当前用户ID为：1
2025-12-25 16:40:20,074 - root - INFO - 运行正常，显示为主窗口
2025-12-25 16:40:35,089 - root - INFO - 当前用户为：管理员
2025-12-25 16:40:35,090 - root - INFO - 当前用户ID为：1
2025-12-25 16:40:35,090 - root - INFO - 运行正常，显示为主窗口
2025-12-25 16:40:50,100 - root - INFO - 当前用户为：管理员
2025-12-25 16:40:50,101 - root - INFO - 当前用户ID为：1
2025-12-25 16:40:50,101 - root - INFO - 运行正常，显示为主窗口
2025-12-25 16:41:05,109 - root - INFO - 当前用户为：管理员
2025-12-25 16:41:05,109 - root - INFO - 当前用户ID为：1
2025-12-25 16:41:05,110 - root - INFO - 运行正常，显示为主窗口
2025-12-25 16:41:20,116 - root - INFO - 当前用户为：管理员
2025-12-25 16:41:20,117 - root - INFO - 当前用户ID为：1
2025-12-25 16:41:20,117 - root - INFO - 运行正常，显示为主窗口
2025-12-25 16:41:35,132 - root - INFO - 当前用户为：管理员
2025-12-25 16:41:35,132 - root - INFO - 当前用户ID为：1
2025-12-25 16:41:35,132 - root - INFO - 运行正常，显示为主窗口
2025-12-25 16:41:50,145 - root - INFO - 当前用户为：管理员
2025-12-25 16:41:50,145 - root - INFO - 当前用户ID为：1
2025-12-25 16:41:50,145 - root - INFO - 运行正常，显示为主窗口
2025-12-25 16:42:05,149 - root - INFO - 当前用户为：管理员
2025-12-25 16:42:05,149 - root - INFO - 当前用户ID为：1
2025-12-25 16:42:05,149 - root - INFO - 运行正常，显示为主窗口
2025-12-25 16:42:20,150 - root - INFO - 当前用户为：管理员
2025-12-25 16:42:20,150 - root - INFO - 当前用户ID为：1
2025-12-25 16:42:20,151 - root - INFO - 运行正常，显示为主窗口
2025-12-25 16:42:35,153 - root - INFO - 当前用户为：管理员
2025-12-25 16:42:35,153 - root - INFO - 当前用户ID为：1
2025-12-25 16:42:35,153 - root - INFO - 运行正常，显示为主窗口
2025-12-25 16:42:50,155 - root - INFO - 当前用户为：管理员
2025-12-25 16:42:50,155 - root - INFO - 当前用户ID为：1
2025-12-25 16:42:50,155 - root - INFO - 运行正常，显示为主窗口
2025-12-25 16:43:05,161 - root - INFO - 当前用户为：管理员
2025-12-25 16:43:05,161 - root - INFO - 当前用户ID为：1
2025-12-25 16:43:05,161 - root - INFO - 运行正常，显示为主窗口
2025-12-25 16:43:20,165 - root - INFO - 当前用户为：管理员
2025-12-25 16:43:20,165 - root - INFO - 当前用户ID为：1
2025-12-25 16:43:20,166 - root - INFO - 运行正常，显示为主窗口
2025-12-25 16:43:35,172 - root - INFO - 当前用户为：管理员
2025-12-25 16:43:35,172 - root - INFO - 当前用户ID为：1
2025-12-25 16:43:35,172 - root - INFO - 运行正常，显示为主窗口
2025-12-25 16:43:50,183 - root - INFO - 当前用户为：管理员
2025-12-25 16:43:50,183 - root - INFO - 当前用户ID为：1
2025-12-25 16:43:50,184 - root - INFO - 运行正常，显示为主窗口
2025-12-25 16:44:05,194 - root - INFO - 当前用户为：管理员
2025-12-25 16:44:05,194 - root - INFO - 当前用户ID为：1
2025-12-25 16:44:05,195 - root - INFO - 运行正常，显示为主窗口
2025-12-25 16:44:20,196 - root - INFO - 当前用户为：管理员
2025-12-25 16:44:20,197 - root - INFO - 当前用户ID为：1
2025-12-25 16:44:20,197 - root - INFO - 运行正常，显示为主窗口
2025-12-25 16:44:35,207 - root - INFO - 当前用户为：管理员
2025-12-25 16:44:35,207 - root - INFO - 当前用户ID为：1
2025-12-25 16:44:35,207 - root - INFO - 运行正常，显示为主窗口
2025-12-25 16:44:50,214 - root - INFO - 当前用户为：管理员
2025-12-25 16:44:50,214 - root - INFO - 当前用户ID为：1
2025-12-25 16:44:50,214 - root - INFO - 运行正常，显示为主窗口
2025-12-25 16:45:05,221 - root - INFO - 当前用户为：管理员
2025-12-25 16:45:05,221 - root - INFO - 当前用户ID为：1
2025-12-25 16:45:05,221 - root - INFO - 运行正常，显示为主窗口
2025-12-25 16:45:20,238 - root - INFO - 当前用户为：管理员
2025-12-25 16:45:20,238 - root - INFO - 当前用户ID为：1
2025-12-25 16:45:20,238 - root - INFO - 运行正常，显示为主窗口
2025-12-25 16:45:35,251 - root - INFO - 当前用户为：管理员
2025-12-25 16:45:35,251 - root - INFO - 当前用户ID为：1
2025-12-25 16:45:35,251 - root - INFO - 运行正常，显示为主窗口
2025-12-25 16:45:50,254 - root - INFO - 当前用户为：管理员
2025-12-25 16:45:50,254 - root - INFO - 当前用户ID为：1
2025-12-25 16:45:50,255 - root - INFO - 运行正常，显示为主窗口
2025-12-25 16:46:05,270 - root - INFO - 当前用户为：管理员
2025-12-25 16:46:05,270 - root - INFO - 当前用户ID为：1
2025-12-25 16:46:05,270 - root - INFO - 运行正常，显示为主窗口
2025-12-25 16:46:20,272 - root - INFO - 当前用户为：管理员
2025-12-25 16:46:20,272 - root - INFO - 当前用户ID为：1
2025-12-25 16:46:20,272 - root - INFO - 运行正常，显示为主窗口
2025-12-25 16:46:35,279 - root - INFO - 当前用户为：管理员
2025-12-25 16:46:35,279 - root - INFO - 当前用户ID为：1
2025-12-25 16:46:35,280 - root - INFO - 运行正常，显示为主窗口
2025-12-25 16:46:50,289 - root - INFO - 当前用户为：管理员
2025-12-25 16:46:50,289 - root - INFO - 当前用户ID为：1
2025-12-25 16:46:50,290 - root - INFO - 运行正常，显示为主窗口
2025-12-25 16:47:05,300 - root - INFO - 当前用户为：管理员
2025-12-25 16:47:05,300 - root - INFO - 当前用户ID为：1
2025-12-25 16:47:05,300 - root - INFO - 运行正常，显示为主窗口
2025-12-25 16:47:20,312 - root - INFO - 当前用户为：管理员
2025-12-25 16:47:20,312 - root - INFO - 当前用户ID为：1
2025-12-25 16:47:20,312 - root - INFO - 运行正常，显示为主窗口
2025-12-25 16:47:35,327 - root - INFO - 当前用户为：管理员
2025-12-25 16:47:35,328 - root - INFO - 当前用户ID为：1
2025-12-25 16:47:35,328 - root - INFO - 运行正常，显示为主窗口
2025-12-25 16:47:50,335 - root - INFO - 当前用户为：管理员
2025-12-25 16:47:50,335 - root - INFO - 当前用户ID为：1
2025-12-25 16:47:50,335 - root - INFO - 运行正常，显示为主窗口
2025-12-25 16:48:05,344 - root - INFO - 当前用户为：管理员
2025-12-25 16:48:05,344 - root - INFO - 当前用户ID为：1
2025-12-25 16:48:05,344 - root - INFO - 运行正常，显示为主窗口
2025-12-25 16:48:20,355 - root - INFO - 当前用户为：管理员
2025-12-25 16:48:20,355 - root - INFO - 当前用户ID为：1
2025-12-25 16:48:20,356 - root - INFO - 运行正常，显示为主窗口
2025-12-25 16:48:35,365 - root - INFO - 当前用户为：管理员
2025-12-25 16:48:35,365 - root - INFO - 当前用户ID为：1
2025-12-25 16:48:35,365 - root - INFO - 运行正常，显示为主窗口
2025-12-25 16:48:50,373 - root - INFO - 当前用户为：管理员
2025-12-25 16:48:50,373 - root - INFO - 当前用户ID为：1
2025-12-25 16:48:50,373 - root - INFO - 运行正常，显示为主窗口
2025-12-25 16:49:05,383 - root - INFO - 当前用户为：管理员
2025-12-25 16:49:05,383 - root - INFO - 当前用户ID为：1
2025-12-25 16:49:05,383 - root - INFO - 运行正常，显示为主窗口
2025-12-25 16:49:20,391 - root - INFO - 当前用户为：管理员
2025-12-25 16:49:20,391 - root - INFO - 当前用户ID为：1
2025-12-25 16:49:20,391 - root - INFO - 运行正常，显示为主窗口
2025-12-25 16:49:35,397 - root - INFO - 当前用户为：管理员
2025-12-25 16:49:35,398 - root - INFO - 当前用户ID为：1
2025-12-25 16:49:35,398 - root - INFO - 运行正常，显示为主窗口
2025-12-25 16:49:50,412 - root - INFO - 当前用户为：管理员
2025-12-25 16:49:50,412 - root - INFO - 当前用户ID为：1
2025-12-25 16:49:50,413 - root - INFO - 运行正常，显示为主窗口
2025-12-25 16:50:05,423 - root - INFO - 当前用户为：管理员
2025-12-25 16:50:05,423 - root - INFO - 当前用户ID为：1
2025-12-25 16:50:05,423 - root - INFO - 运行正常，显示为主窗口
2025-12-25 16:50:20,437 - root - INFO - 当前用户为：管理员
2025-12-25 16:50:20,438 - root - INFO - 当前用户ID为：1
2025-12-25 16:50:20,438 - root - INFO - 运行正常，显示为主窗口
2025-12-25 16:50:35,451 - root - INFO - 当前用户为：管理员
2025-12-25 16:50:35,451 - root - INFO - 当前用户ID为：1
2025-12-25 16:50:35,451 - root - INFO - 运行正常，显示为主窗口
2025-12-25 16:50:50,457 - root - INFO - 当前用户为：管理员
2025-12-25 16:50:50,457 - root - INFO - 当前用户ID为：1
2025-12-25 16:50:50,457 - root - INFO - 运行正常，显示为主窗口
2025-12-25 16:51:05,467 - root - INFO - 当前用户为：管理员
2025-12-25 16:51:05,468 - root - INFO - 当前用户ID为：1
2025-12-25 16:51:05,468 - root - INFO - 运行正常，显示为主窗口
2025-12-25 16:51:20,472 - root - INFO - 当前用户为：管理员
2025-12-25 16:51:20,472 - root - INFO - 当前用户ID为：1
2025-12-25 16:51:20,473 - root - INFO - 运行正常，显示为主窗口
2025-12-25 16:51:35,487 - root - INFO - 当前用户为：管理员
2025-12-25 16:51:35,487 - root - INFO - 当前用户ID为：1
2025-12-25 16:51:35,488 - root - INFO - 运行正常，显示为主窗口
2025-12-25 16:51:50,489 - root - INFO - 当前用户为：管理员
2025-12-25 16:51:50,489 - root - INFO - 当前用户ID为：1
2025-12-25 16:51:50,490 - root - INFO - 运行正常，显示为主窗口
2025-12-25 16:52:05,503 - root - INFO - 当前用户为：管理员
2025-12-25 16:52:05,504 - root - INFO - 当前用户ID为：1
2025-12-25 16:52:05,504 - root - INFO - 运行正常，显示为主窗口
2025-12-25 16:52:20,506 - root - INFO - 当前用户为：管理员
2025-12-25 16:52:20,506 - root - INFO - 当前用户ID为：1
2025-12-25 16:52:20,506 - root - INFO - 运行正常，显示为主窗口
2025-12-25 16:52:35,509 - root - INFO - 当前用户为：管理员
2025-12-25 16:52:35,509 - root - INFO - 当前用户ID为：1
2025-12-25 16:52:35,509 - root - INFO - 运行正常，显示为主窗口
2025-12-25 16:52:50,516 - root - INFO - 当前用户为：管理员
2025-12-25 16:52:50,517 - root - INFO - 当前用户ID为：1
2025-12-25 16:52:50,517 - root - INFO - 运行正常，显示为主窗口
2025-12-25 16:53:05,530 - root - INFO - 当前用户为：管理员
2025-12-25 16:53:05,530 - root - INFO - 当前用户ID为：1
2025-12-25 16:53:05,530 - root - INFO - 运行正常，显示为主窗口
2025-12-25 16:53:20,542 - root - INFO - 当前用户为：管理员
2025-12-25 16:53:20,542 - root - INFO - 当前用户ID为：1
2025-12-25 16:53:20,542 - root - INFO - 运行正常，显示为主窗口
2025-12-25 16:53:35,547 - root - INFO - 当前用户为：管理员
2025-12-25 16:53:35,547 - root - INFO - 当前用户ID为：1
2025-12-25 16:53:35,547 - root - INFO - 运行正常，显示为主窗口
2025-12-25 16:53:50,562 - root - INFO - 当前用户为：管理员
2025-12-25 16:53:50,562 - root - INFO - 当前用户ID为：1
2025-12-25 16:53:50,563 - root - INFO - 运行正常，显示为主窗口
2025-12-25 16:54:05,573 - root - INFO - 当前用户为：管理员
2025-12-25 16:54:05,573 - root - INFO - 当前用户ID为：1
2025-12-25 16:54:05,573 - root - INFO - 运行正常，显示为主窗口
2025-12-25 16:54:20,576 - root - INFO - 当前用户为：管理员
2025-12-25 16:54:20,576 - root - INFO - 当前用户ID为：1
2025-12-25 16:54:20,576 - root - INFO - 运行正常，显示为主窗口
2025-12-25 16:54:35,589 - root - INFO - 当前用户为：管理员
2025-12-25 16:54:35,590 - root - INFO - 当前用户ID为：1
2025-12-25 16:54:35,590 - root - INFO - 运行正常，显示为主窗口
2025-12-25 16:54:50,599 - root - INFO - 当前用户为：管理员
2025-12-25 16:54:50,599 - root - INFO - 当前用户ID为：1
2025-12-25 16:54:50,599 - root - INFO - 运行正常，显示为主窗口
2025-12-25 16:55:05,602 - root - INFO - 当前用户为：管理员
2025-12-25 16:55:05,602 - root - INFO - 当前用户ID为：1
2025-12-25 16:55:05,602 - root - INFO - 运行正常，显示为主窗口
2025-12-25 16:55:20,608 - root - INFO - 当前用户为：管理员
2025-12-25 16:55:20,608 - root - INFO - 当前用户ID为：1
2025-12-25 16:55:20,609 - root - INFO - 运行正常，显示为主窗口
2025-12-25 16:55:35,621 - root - INFO - 当前用户为：管理员
2025-12-25 16:55:35,622 - root - INFO - 当前用户ID为：1
2025-12-25 16:55:35,622 - root - INFO - 运行正常，显示为主窗口
2025-12-25 16:55:50,628 - root - INFO - 当前用户为：管理员
2025-12-25 16:55:50,628 - root - INFO - 当前用户ID为：1
2025-12-25 16:55:50,628 - root - INFO - 运行正常，显示为主窗口
2025-12-25 16:56:05,634 - root - INFO - 当前用户为：管理员
2025-12-25 16:56:05,635 - root - INFO - 当前用户ID为：1
2025-12-25 16:56:05,635 - root - INFO - 运行正常，显示为主窗口
2025-12-25 16:56:20,648 - root - INFO - 当前用户为：管理员
2025-12-25 16:56:20,648 - root - INFO - 当前用户ID为：1
2025-12-25 16:56:20,648 - root - INFO - 运行正常，显示为主窗口
2025-12-25 16:56:35,654 - root - INFO - 当前用户为：管理员
2025-12-25 16:56:35,654 - root - INFO - 当前用户ID为：1
2025-12-25 16:56:35,654 - root - INFO - 运行正常，显示为主窗口
2025-12-25 16:56:50,665 - root - INFO - 当前用户为：管理员
2025-12-25 16:56:50,665 - root - INFO - 当前用户ID为：1
2025-12-25 16:56:50,665 - root - INFO - 运行正常，显示为主窗口
2025-12-25 16:57:05,666 - root - INFO - 当前用户为：管理员
2025-12-25 16:57:05,666 - root - INFO - 当前用户ID为：1
2025-12-25 16:57:05,667 - root - INFO - 运行正常，显示为主窗口
2025-12-25 16:57:20,678 - root - INFO - 当前用户为：管理员
2025-12-25 16:57:20,678 - root - INFO - 当前用户ID为：1
2025-12-25 16:57:20,678 - root - INFO - 运行正常，显示为主窗口
2025-12-25 16:57:35,685 - root - INFO - 当前用户为：管理员
2025-12-25 16:57:35,685 - root - INFO - 当前用户ID为：1
2025-12-25 16:57:35,685 - root - INFO - 运行正常，显示为主窗口
2025-12-25 16:57:50,687 - root - INFO - 当前用户为：管理员
2025-12-25 16:57:50,687 - root - INFO - 当前用户ID为：1
2025-12-25 16:57:50,687 - root - INFO - 运行正常，显示为主窗口
2025-12-25 16:58:05,695 - root - INFO - 当前用户为：管理员
2025-12-25 16:58:05,695 - root - INFO - 当前用户ID为：1
2025-12-25 16:58:05,695 - root - INFO - 运行正常，显示为主窗口
2025-12-25 16:58:20,708 - root - INFO - 当前用户为：管理员
2025-12-25 16:58:20,708 - root - INFO - 当前用户ID为：1
2025-12-25 16:58:20,708 - root - INFO - 运行正常，显示为主窗口
2025-12-25 16:58:35,715 - root - INFO - 当前用户为：管理员
2025-12-25 16:58:35,715 - root - INFO - 当前用户ID为：1
2025-12-25 16:58:35,715 - root - INFO - 运行正常，显示为主窗口
2025-12-25 16:58:50,723 - root - INFO - 当前用户为：管理员
2025-12-25 16:58:50,723 - root - INFO - 当前用户ID为：1
2025-12-25 16:58:50,723 - root - INFO - 运行正常，显示为主窗口
2025-12-25 16:59:05,727 - root - INFO - 当前用户为：管理员
2025-12-25 16:59:05,727 - root - INFO - 当前用户ID为：1
2025-12-25 16:59:05,727 - root - INFO - 运行正常，显示为主窗口
2025-12-25 16:59:20,743 - root - INFO - 当前用户为：管理员
2025-12-25 16:59:20,743 - root - INFO - 当前用户ID为：1
2025-12-25 16:59:20,744 - root - INFO - 运行正常，显示为主窗口
2025-12-25 16:59:35,751 - root - INFO - 当前用户为：管理员
2025-12-25 16:59:35,752 - root - INFO - 当前用户ID为：1
2025-12-25 16:59:35,752 - root - INFO - 运行正常，显示为主窗口
2025-12-25 16:59:50,753 - root - INFO - 当前用户为：管理员
2025-12-25 16:59:50,753 - root - INFO - 当前用户ID为：1
2025-12-25 16:59:50,753 - root - INFO - 运行正常，显示为主窗口
2025-12-25 17:00:05,759 - root - INFO - 当前用户为：管理员
2025-12-25 17:00:05,759 - root - INFO - 当前用户ID为：1
2025-12-25 17:00:05,759 - root - INFO - 运行正常，显示为主窗口
2025-12-25 17:00:20,772 - root - INFO - 当前用户为：管理员
2025-12-25 17:00:20,772 - root - INFO - 当前用户ID为：1
2025-12-25 17:00:20,772 - root - INFO - 运行正常，显示为主窗口
2025-12-25 17:00:35,785 - root - INFO - 当前用户为：管理员
2025-12-25 17:00:35,785 - root - INFO - 当前用户ID为：1
2025-12-25 17:00:35,785 - root - INFO - 运行正常，显示为主窗口
2025-12-25 17:00:50,786 - root - INFO - 当前用户为：管理员
2025-12-25 17:00:50,787 - root - INFO - 当前用户ID为：1
2025-12-25 17:00:50,787 - root - INFO - 运行正常，显示为主窗口
2025-12-25 17:01:05,797 - root - INFO - 当前用户为：管理员
2025-12-25 17:01:05,797 - root - INFO - 当前用户ID为：1
2025-12-25 17:01:05,797 - root - INFO - 运行正常，显示为主窗口
2025-12-25 17:01:20,808 - root - INFO - 当前用户为：管理员
2025-12-25 17:01:20,808 - root - INFO - 当前用户ID为：1
2025-12-25 17:01:20,808 - root - INFO - 运行正常，显示为主窗口
2025-12-25 17:01:35,823 - root - INFO - 当前用户为：管理员
2025-12-25 17:01:35,824 - root - INFO - 当前用户ID为：1
2025-12-25 17:01:35,824 - root - INFO - 运行正常，显示为主窗口
2025-12-25 17:01:50,828 - root - INFO - 当前用户为：管理员
2025-12-25 17:01:50,828 - root - INFO - 当前用户ID为：1
2025-12-25 17:01:50,828 - root - INFO - 运行正常，显示为主窗口
2025-12-25 17:02:05,837 - root - INFO - 当前用户为：管理员
2025-12-25 17:02:05,838 - root - INFO - 当前用户ID为：1
2025-12-25 17:02:05,838 - root - INFO - 运行正常，显示为主窗口
2025-12-25 17:02:20,841 - root - INFO - 当前用户为：管理员
2025-12-25 17:02:20,842 - root - INFO - 当前用户ID为：1
2025-12-25 17:02:20,842 - root - INFO - 运行正常，显示为主窗口
2025-12-25 17:02:35,850 - root - INFO - 当前用户为：管理员
2025-12-25 17:02:35,850 - root - INFO - 当前用户ID为：1
2025-12-25 17:02:35,850 - root - INFO - 运行正常，显示为主窗口
2025-12-25 17:02:50,863 - root - INFO - 当前用户为：管理员
2025-12-25 17:02:50,863 - root - INFO - 当前用户ID为：1
2025-12-25 17:02:50,863 - root - INFO - 运行正常，显示为主窗口
2025-12-25 17:03:05,874 - root - INFO - 当前用户为：管理员
2025-12-25 17:03:05,874 - root - INFO - 当前用户ID为：1
2025-12-25 17:03:05,875 - root - INFO - 运行正常，显示为主窗口
2025-12-25 17:03:20,886 - root - INFO - 当前用户为：管理员
2025-12-25 17:03:20,886 - root - INFO - 当前用户ID为：1
2025-12-25 17:03:20,886 - root - INFO - 运行正常，显示为主窗口
2025-12-25 17:03:35,901 - root - INFO - 当前用户为：管理员
2025-12-25 17:03:35,901 - root - INFO - 当前用户ID为：1
2025-12-25 17:03:35,901 - root - INFO - 运行正常，显示为主窗口
2025-12-25 17:03:50,905 - root - INFO - 当前用户为：管理员
2025-12-25 17:03:50,905 - root - INFO - 当前用户ID为：1
2025-12-25 17:03:50,905 - root - INFO - 运行正常，显示为主窗口
2025-12-25 17:04:05,921 - root - INFO - 当前用户为：管理员
2025-12-25 17:04:05,921 - root - INFO - 当前用户ID为：1
2025-12-25 17:04:05,921 - root - INFO - 运行正常，显示为主窗口
2025-12-25 17:04:20,922 - root - INFO - 当前用户为：管理员
2025-12-25 17:04:20,922 - root - INFO - 当前用户ID为：1
2025-12-25 17:04:20,922 - root - INFO - 运行正常，显示为主窗口
2025-12-25 17:04:35,935 - root - INFO - 当前用户为：管理员
2025-12-25 17:04:35,935 - root - INFO - 当前用户ID为：1
2025-12-25 17:04:35,935 - root - INFO - 运行正常，显示为主窗口
2025-12-25 17:04:50,937 - root - INFO - 当前用户为：管理员
2025-12-25 17:04:50,937 - root - INFO - 当前用户ID为：1
2025-12-25 17:04:50,937 - root - INFO - 运行正常，显示为主窗口
2025-12-25 17:05:05,949 - root - INFO - 当前用户为：管理员
2025-12-25 17:05:05,950 - root - INFO - 当前用户ID为：1
2025-12-25 17:05:05,950 - root - INFO - 运行正常，显示为主窗口
2025-12-25 17:05:20,959 - root - INFO - 当前用户为：管理员
2025-12-25 17:05:20,960 - root - INFO - 当前用户ID为：1
2025-12-25 17:05:20,960 - root - INFO - 运行正常，显示为主窗口
2025-12-25 17:05:35,973 - root - INFO - 当前用户为：管理员
2025-12-25 17:05:35,974 - root - INFO - 当前用户ID为：1
2025-12-25 17:05:35,974 - root - INFO - 运行正常，显示为主窗口
2025-12-25 17:05:50,987 - root - INFO - 当前用户为：管理员
2025-12-25 17:05:50,987 - root - INFO - 当前用户ID为：1
2025-12-25 17:05:50,988 - root - INFO - 运行正常，显示为主窗口
2025-12-25 17:06:06,001 - root - INFO - 当前用户为：管理员
2025-12-25 17:06:06,001 - root - INFO - 当前用户ID为：1
2025-12-25 17:06:06,001 - root - INFO - 运行正常，显示为主窗口
2025-12-25 17:06:21,009 - root - INFO - 当前用户为：管理员
2025-12-25 17:06:21,009 - root - INFO - 当前用户ID为：1
2025-12-25 17:06:21,009 - root - INFO - 运行正常，显示为主窗口
2025-12-25 17:06:36,022 - root - INFO - 当前用户为：管理员
2025-12-25 17:06:36,022 - root - INFO - 当前用户ID为：1
2025-12-25 17:06:36,023 - root - INFO - 运行正常，显示为主窗口
2025-12-25 17:06:51,037 - root - INFO - 当前用户为：管理员
2025-12-25 17:06:51,037 - root - INFO - 当前用户ID为：1
2025-12-25 17:06:51,037 - root - INFO - 运行正常，显示为主窗口
2025-12-25 17:07:06,047 - root - INFO - 当前用户为：管理员
2025-12-25 17:07:06,047 - root - INFO - 当前用户ID为：1
2025-12-25 17:07:06,048 - root - INFO - 运行正常，显示为主窗口
2025-12-25 17:07:21,051 - root - INFO - 当前用户为：管理员
2025-12-25 17:07:21,052 - root - INFO - 当前用户ID为：1
2025-12-25 17:07:21,052 - root - INFO - 运行正常，显示为主窗口
2025-12-25 17:07:36,061 - root - INFO - 当前用户为：管理员
2025-12-25 17:07:36,061 - root - INFO - 当前用户ID为：1
2025-12-25 17:07:36,061 - root - INFO - 运行正常，显示为主窗口
2025-12-25 17:07:51,076 - root - INFO - 当前用户为：管理员
2025-12-25 17:07:51,076 - root - INFO - 当前用户ID为：1
2025-12-25 17:07:51,076 - root - INFO - 运行正常，显示为主窗口
2025-12-25 17:08:06,092 - root - INFO - 当前用户为：管理员
2025-12-25 17:08:06,092 - root - INFO - 当前用户ID为：1
2025-12-25 17:08:06,092 - root - INFO - 运行正常，显示为主窗口
2025-12-25 17:08:21,105 - root - INFO - 当前用户为：管理员
2025-12-25 17:08:21,105 - root - INFO - 当前用户ID为：1
2025-12-25 17:08:21,105 - root - INFO - 运行正常，显示为主窗口
2025-12-25 17:08:36,120 - root - INFO - 当前用户为：管理员
2025-12-25 17:08:36,120 - root - INFO - 当前用户ID为：1
2025-12-25 17:08:36,120 - root - INFO - 运行正常，显示为主窗口
2025-12-25 17:08:51,129 - root - INFO - 当前用户为：管理员
2025-12-25 17:08:51,129 - root - INFO - 当前用户ID为：1
2025-12-25 17:08:51,129 - root - INFO - 运行正常，显示为主窗口
2025-12-25 17:09:06,130 - root - INFO - 当前用户为：管理员
2025-12-25 17:09:06,130 - root - INFO - 当前用户ID为：1
2025-12-25 17:09:06,130 - root - INFO - 运行正常，显示为主窗口
2025-12-25 17:09:21,140 - root - INFO - 当前用户为：管理员
2025-12-25 17:09:21,140 - root - INFO - 当前用户ID为：1
2025-12-25 17:09:21,140 - root - INFO - 运行正常，显示为主窗口
2025-12-25 17:09:36,145 - root - INFO - 当前用户为：管理员
2025-12-25 17:09:36,145 - root - INFO - 当前用户ID为：1
2025-12-25 17:09:36,145 - root - INFO - 运行正常，显示为主窗口
2025-12-25 17:09:51,157 - root - INFO - 当前用户为：管理员
2025-12-25 17:09:51,158 - root - INFO - 当前用户ID为：1
2025-12-25 17:09:51,158 - root - INFO - 运行正常，显示为主窗口
2025-12-25 17:10:06,170 - root - INFO - 当前用户为：管理员
2025-12-25 17:10:06,170 - root - INFO - 当前用户ID为：1
2025-12-25 17:10:06,170 - root - INFO - 运行正常，显示为主窗口
2025-12-25 17:10:21,172 - root - INFO - 当前用户为：管理员
2025-12-25 17:10:21,172 - root - INFO - 当前用户ID为：1
2025-12-25 17:10:21,172 - root - INFO - 运行正常，显示为主窗口
2025-12-25 17:10:36,185 - root - INFO - 当前用户为：管理员
2025-12-25 17:10:36,185 - root - INFO - 当前用户ID为：1
2025-12-25 17:10:36,185 - root - INFO - 运行正常，显示为主窗口
2025-12-25 17:10:51,193 - root - INFO - 当前用户为：管理员
2025-12-25 17:10:51,194 - root - INFO - 当前用户ID为：1
2025-12-25 17:10:51,194 - root - INFO - 运行正常，显示为主窗口
2025-12-25 17:11:06,201 - root - INFO - 当前用户为：管理员
2025-12-25 17:11:06,201 - root - INFO - 当前用户ID为：1
2025-12-25 17:11:06,201 - root - INFO - 运行正常，显示为主窗口
2025-12-25 17:11:21,205 - root - INFO - 当前用户为：管理员
2025-12-25 17:11:21,205 - root - INFO - 当前用户ID为：1
2025-12-25 17:11:21,205 - root - INFO - 运行正常，显示为主窗口
2025-12-25 17:11:36,209 - root - INFO - 当前用户为：管理员
2025-12-25 17:11:36,209 - root - INFO - 当前用户ID为：1
2025-12-25 17:11:36,209 - root - INFO - 运行正常，显示为主窗口
2025-12-25 17:11:51,217 - root - INFO - 当前用户为：管理员
2025-12-25 17:11:51,217 - root - INFO - 当前用户ID为：1
2025-12-25 17:11:51,217 - root - INFO - 运行正常，显示为主窗口
2025-12-25 17:12:06,225 - root - INFO - 当前用户为：管理员
2025-12-25 17:12:06,225 - root - INFO - 当前用户ID为：1
2025-12-25 17:12:06,225 - root - INFO - 运行正常，显示为主窗口
2025-12-25 17:12:21,239 - root - INFO - 当前用户为：管理员
2025-12-25 17:12:21,239 - root - INFO - 当前用户ID为：1
2025-12-25 17:12:21,240 - root - INFO - 运行正常，显示为主窗口
2025-12-25 17:12:36,250 - root - INFO - 当前用户为：管理员
2025-12-25 17:12:36,250 - root - INFO - 当前用户ID为：1
2025-12-25 17:12:36,250 - root - INFO - 运行正常，显示为主窗口
2025-12-25 17:12:51,262 - root - INFO - 当前用户为：管理员
2025-12-25 17:12:51,262 - root - INFO - 当前用户ID为：1
2025-12-25 17:12:51,263 - root - INFO - 运行正常，显示为主窗口
2025-12-25 17:13:06,263 - root - INFO - 当前用户为：管理员
2025-12-25 17:13:06,264 - root - INFO - 当前用户ID为：1
2025-12-25 17:13:06,264 - root - INFO - 运行正常，显示为主窗口
2025-12-25 17:13:21,268 - root - INFO - 当前用户为：管理员
2025-12-25 17:13:21,268 - root - INFO - 当前用户ID为：1
2025-12-25 17:13:21,268 - root - INFO - 运行正常，显示为主窗口
2025-12-25 17:13:36,284 - root - INFO - 当前用户为：管理员
2025-12-25 17:13:36,284 - root - INFO - 当前用户ID为：1
2025-12-25 17:13:36,284 - root - INFO - 运行正常，显示为主窗口
2025-12-25 17:13:51,291 - root - INFO - 当前用户为：管理员
2025-12-25 17:13:51,291 - root - INFO - 当前用户ID为：1
2025-12-25 17:13:51,291 - root - INFO - 运行正常，显示为主窗口
2025-12-25 17:14:06,299 - root - INFO - 当前用户为：管理员
2025-12-25 17:14:06,299 - root - INFO - 当前用户ID为：1
2025-12-25 17:14:06,299 - root - INFO - 运行正常，显示为主窗口
2025-12-25 17:14:21,302 - root - INFO - 当前用户为：管理员
2025-12-25 17:14:21,302 - root - INFO - 当前用户ID为：1
2025-12-25 17:14:21,303 - root - INFO - 运行正常，显示为主窗口
2025-12-25 17:14:36,312 - root - INFO - 当前用户为：管理员
2025-12-25 17:14:36,312 - root - INFO - 当前用户ID为：1
2025-12-25 17:14:36,312 - root - INFO - 运行正常，显示为主窗口
2025-12-25 17:14:51,318 - root - INFO - 当前用户为：管理员
2025-12-25 17:14:51,318 - root - INFO - 当前用户ID为：1
2025-12-25 17:14:51,318 - root - INFO - 运行正常，显示为主窗口
2025-12-25 17:15:06,333 - root - INFO - 当前用户为：管理员
2025-12-25 17:15:06,333 - root - INFO - 当前用户ID为：1
2025-12-25 17:15:06,333 - root - INFO - 运行正常，显示为主窗口
2025-12-25 17:15:21,334 - root - INFO - 当前用户为：管理员
2025-12-25 17:15:21,334 - root - INFO - 当前用户ID为：1
2025-12-25 17:15:21,334 - root - INFO - 运行正常，显示为主窗口
2025-12-25 17:15:36,349 - root - INFO - 当前用户为：管理员
2025-12-25 17:15:36,350 - root - INFO - 当前用户ID为：1
2025-12-25 17:15:36,350 - root - INFO - 运行正常，显示为主窗口
2025-12-25 17:15:51,357 - root - INFO - 当前用户为：管理员
2025-12-25 17:15:51,358 - root - INFO - 当前用户ID为：1
2025-12-25 17:15:51,358 - root - INFO - 运行正常，显示为主窗口
2025-12-25 17:16:06,369 - root - INFO - 当前用户为：管理员
2025-12-25 17:16:06,369 - root - INFO - 当前用户ID为：1
2025-12-25 17:16:06,369 - root - INFO - 运行正常，显示为主窗口
2025-12-25 17:16:21,372 - root - INFO - 当前用户为：管理员
2025-12-25 17:16:21,373 - root - INFO - 当前用户ID为：1
2025-12-25 17:16:21,373 - root - INFO - 运行正常，显示为主窗口
2025-12-25 17:16:36,384 - root - INFO - 当前用户为：管理员
2025-12-25 17:16:36,384 - root - INFO - 当前用户ID为：1
2025-12-25 17:16:36,384 - root - INFO - 运行正常，显示为主窗口
2025-12-25 17:16:51,399 - root - INFO - 当前用户为：管理员
2025-12-25 17:16:51,399 - root - INFO - 当前用户ID为：1
2025-12-25 17:16:51,399 - root - INFO - 运行正常，显示为主窗口
2025-12-25 17:17:06,415 - root - INFO - 当前用户为：管理员
2025-12-25 17:17:06,415 - root - INFO - 当前用户ID为：1
2025-12-25 17:17:06,415 - root - INFO - 运行正常，显示为主窗口
2025-12-25 17:17:21,416 - root - INFO - 当前用户为：管理员
2025-12-25 17:17:21,416 - root - INFO - 当前用户ID为：1
2025-12-25 17:17:21,417 - root - INFO - 运行正常，显示为主窗口
2025-12-25 17:17:36,431 - root - INFO - 当前用户为：管理员
2025-12-25 17:17:36,431 - root - INFO - 当前用户ID为：1
2025-12-25 17:17:36,431 - root - INFO - 运行正常，显示为主窗口
2025-12-25 17:17:51,445 - root - INFO - 当前用户为：管理员
2025-12-25 17:17:51,445 - root - INFO - 当前用户ID为：1
2025-12-25 17:17:51,446 - root - INFO - 运行正常，显示为主窗口
2025-12-25 17:18:06,453 - root - INFO - 当前用户为：管理员
2025-12-25 17:18:06,453 - root - INFO - 当前用户ID为：1
2025-12-25 17:18:06,453 - root - INFO - 运行正常，显示为主窗口
2025-12-25 17:18:21,461 - root - INFO - 当前用户为：管理员
2025-12-25 17:18:21,462 - root - INFO - 当前用户ID为：1
2025-12-25 17:18:21,462 - root - INFO - 运行正常，显示为主窗口
2025-12-25 17:18:36,464 - root - INFO - 当前用户为：管理员
2025-12-25 17:18:36,465 - root - INFO - 当前用户ID为：1
2025-12-25 17:18:36,465 - root - INFO - 运行正常，显示为主窗口
2025-12-25 17:18:51,476 - root - INFO - 当前用户为：管理员
2025-12-25 17:18:51,476 - root - INFO - 当前用户ID为：1
2025-12-25 17:18:51,476 - root - INFO - 运行正常，显示为主窗口
2025-12-25 17:19:06,480 - root - INFO - 当前用户为：管理员
2025-12-25 17:19:06,480 - root - INFO - 当前用户ID为：1
2025-12-25 17:19:06,480 - root - INFO - 运行正常，显示为主窗口
2025-12-25 17:19:21,490 - root - INFO - 当前用户为：管理员
2025-12-25 17:19:21,491 - root - INFO - 当前用户ID为：1
2025-12-25 17:19:21,491 - root - INFO - 运行正常，显示为主窗口
2025-12-25 17:19:36,496 - root - INFO - 当前用户为：管理员
2025-12-25 17:19:36,496 - root - INFO - 当前用户ID为：1
2025-12-25 17:19:36,496 - root - INFO - 运行正常，显示为主窗口
2025-12-25 17:19:51,510 - root - INFO - 当前用户为：管理员
2025-12-25 17:19:51,510 - root - INFO - 当前用户ID为：1
2025-12-25 17:19:51,510 - root - INFO - 运行正常，显示为主窗口
2025-12-25 17:20:06,511 - root - INFO - 当前用户为：管理员
2025-12-25 17:20:06,512 - root - INFO - 当前用户ID为：1
2025-12-25 17:20:06,512 - root - INFO - 运行正常，显示为主窗口
2025-12-25 17:20:21,514 - root - INFO - 当前用户为：管理员
2025-12-25 17:20:21,514 - root - INFO - 当前用户ID为：1
2025-12-25 17:20:21,514 - root - INFO - 运行正常，显示为主窗口
2025-12-25 17:20:36,515 - root - INFO - 当前用户为：管理员
2025-12-25 17:20:36,515 - root - INFO - 当前用户ID为：1
2025-12-25 17:20:36,515 - root - INFO - 运行正常，显示为主窗口
2025-12-25 17:20:51,516 - root - INFO - 当前用户为：管理员
2025-12-25 17:20:51,517 - root - INFO - 当前用户ID为：1
2025-12-25 17:20:51,517 - root - INFO - 运行正常，显示为主窗口
2025-12-25 17:21:06,525 - root - INFO - 当前用户为：管理员
2025-12-25 17:21:06,526 - root - INFO - 当前用户ID为：1
2025-12-25 17:21:06,526 - root - INFO - 运行正常，显示为主窗口
2025-12-25 17:21:21,539 - root - INFO - 当前用户为：管理员
2025-12-25 17:21:21,539 - root - INFO - 当前用户ID为：1
2025-12-25 17:21:21,540 - root - INFO - 运行正常，显示为主窗口
2025-12-25 17:21:36,544 - root - INFO - 当前用户为：管理员
2025-12-25 17:21:36,544 - root - INFO - 当前用户ID为：1
2025-12-25 17:21:36,544 - root - INFO - 运行正常，显示为主窗口
2025-12-25 17:21:51,558 - root - INFO - 当前用户为：管理员
2025-12-25 17:21:51,558 - root - INFO - 当前用户ID为：1
2025-12-25 17:21:51,558 - root - INFO - 运行正常，显示为主窗口
2025-12-25 17:22:06,567 - root - INFO - 当前用户为：管理员
2025-12-25 17:22:06,567 - root - INFO - 当前用户ID为：1
2025-12-25 17:22:06,567 - root - INFO - 运行正常，显示为主窗口
2025-12-25 17:22:21,583 - root - INFO - 当前用户为：管理员
2025-12-25 17:22:21,583 - root - INFO - 当前用户ID为：1
2025-12-25 17:22:21,583 - root - INFO - 运行正常，显示为主窗口
2025-12-25 17:22:36,585 - root - INFO - 当前用户为：管理员
2025-12-25 17:22:36,585 - root - INFO - 当前用户ID为：1
2025-12-25 17:22:36,585 - root - INFO - 运行正常，显示为主窗口
2025-12-25 17:22:51,597 - root - INFO - 当前用户为：管理员
2025-12-25 17:22:51,597 - root - INFO - 当前用户ID为：1
2025-12-25 17:22:51,598 - root - INFO - 运行正常，显示为主窗口
2025-12-25 17:23:06,610 - root - INFO - 当前用户为：管理员
2025-12-25 17:23:06,610 - root - INFO - 当前用户ID为：1
2025-12-25 17:23:06,610 - root - INFO - 运行正常，显示为主窗口
2025-12-25 17:23:21,617 - root - INFO - 当前用户为：管理员
2025-12-25 17:23:21,617 - root - INFO - 当前用户ID为：1
2025-12-25 17:23:21,617 - root - INFO - 运行正常，显示为主窗口
2025-12-25 17:23:36,628 - root - INFO - 当前用户为：管理员
2025-12-25 17:23:36,628 - root - INFO - 当前用户ID为：1
2025-12-25 17:23:36,629 - root - INFO - 运行正常，显示为主窗口
2025-12-25 17:23:51,633 - root - INFO - 当前用户为：管理员
2025-12-25 17:23:51,633 - root - INFO - 当前用户ID为：1
2025-12-25 17:23:51,633 - root - INFO - 运行正常，显示为主窗口
2025-12-25 17:24:06,641 - root - INFO - 当前用户为：管理员
2025-12-25 17:24:06,641 - root - INFO - 当前用户ID为：1
2025-12-25 17:24:06,642 - root - INFO - 运行正常，显示为主窗口
2025-12-25 17:24:21,644 - root - INFO - 当前用户为：管理员
2025-12-25 17:24:21,644 - root - INFO - 当前用户ID为：1
2025-12-25 17:24:21,644 - root - INFO - 运行正常，显示为主窗口
2025-12-25 17:24:36,648 - root - INFO - 当前用户为：管理员
2025-12-25 17:24:36,648 - root - INFO - 当前用户ID为：1
2025-12-25 17:24:36,648 - root - INFO - 运行正常，显示为主窗口
2025-12-25 17:24:51,652 - root - INFO - 当前用户为：管理员
2025-12-25 17:24:51,652 - root - INFO - 当前用户ID为：1
2025-12-25 17:24:51,652 - root - INFO - 运行正常，显示为主窗口
2025-12-25 17:25:06,657 - root - INFO - 当前用户为：管理员
2025-12-25 17:25:06,657 - root - INFO - 当前用户ID为：1
2025-12-25 17:25:06,657 - root - INFO - 运行正常，显示为主窗口
2025-12-25 17:25:21,664 - root - INFO - 当前用户为：管理员
2025-12-25 17:25:21,665 - root - INFO - 当前用户ID为：1
2025-12-25 17:25:21,665 - root - INFO - 运行正常，显示为主窗口
2025-12-25 17:25:36,669 - root - INFO - 当前用户为：管理员
2025-12-25 17:25:36,669 - root - INFO - 当前用户ID为：1
2025-12-25 17:25:36,669 - root - INFO - 运行正常，显示为主窗口
2025-12-25 17:25:51,685 - root - INFO - 当前用户为：管理员
2025-12-25 17:25:51,685 - root - INFO - 当前用户ID为：1
2025-12-25 17:25:51,685 - root - INFO - 运行正常，显示为主窗口
2025-12-25 17:26:06,690 - root - INFO - 当前用户为：管理员
2025-12-25 17:26:06,691 - root - INFO - 当前用户ID为：1
2025-12-25 17:26:06,691 - root - INFO - 运行正常，显示为主窗口
2025-12-25 17:26:21,692 - root - INFO - 当前用户为：管理员
2025-12-25 17:26:21,692 - root - INFO - 当前用户ID为：1
2025-12-25 17:26:21,692 - root - INFO - 运行正常，显示为主窗口
2025-12-25 17:26:36,694 - root - INFO - 当前用户为：管理员
2025-12-25 17:26:36,694 - root - INFO - 当前用户ID为：1
2025-12-25 17:26:36,694 - root - INFO - 运行正常，显示为主窗口
2025-12-25 17:26:51,706 - root - INFO - 当前用户为：管理员
2025-12-25 17:26:51,706 - root - INFO - 当前用户ID为：1
2025-12-25 17:26:51,706 - root - INFO - 运行正常，显示为主窗口
2025-12-25 17:27:06,717 - root - INFO - 当前用户为：管理员
2025-12-25 17:27:06,717 - root - INFO - 当前用户ID为：1
2025-12-25 17:27:06,717 - root - INFO - 运行正常，显示为主窗口
2025-12-25 17:27:21,728 - root - INFO - 当前用户为：管理员
2025-12-25 17:27:21,728 - root - INFO - 当前用户ID为：1
2025-12-25 17:27:21,729 - root - INFO - 运行正常，显示为主窗口
2025-12-25 17:27:36,733 - root - INFO - 当前用户为：管理员
2025-12-25 17:27:36,733 - root - INFO - 当前用户ID为：1
2025-12-25 17:27:36,733 - root - INFO - 运行正常，显示为主窗口
2025-12-25 17:27:51,747 - root - INFO - 当前用户为：管理员
2025-12-25 17:27:51,747 - root - INFO - 当前用户ID为：1
2025-12-25 17:27:51,747 - root - INFO - 运行正常，显示为主窗口
2025-12-25 17:28:06,759 - root - INFO - 当前用户为：管理员
2025-12-25 17:28:06,759 - root - INFO - 当前用户ID为：1
2025-12-25 17:28:06,759 - root - INFO - 运行正常，显示为主窗口
2025-12-25 17:28:21,767 - root - INFO - 当前用户为：管理员
2025-12-25 17:28:21,767 - root - INFO - 当前用户ID为：1
2025-12-25 17:28:21,767 - root - INFO - 运行正常，显示为主窗口
2025-12-25 17:28:36,776 - root - INFO - 当前用户为：管理员
2025-12-25 17:28:36,776 - root - INFO - 当前用户ID为：1
2025-12-25 17:28:36,776 - root - INFO - 运行正常，显示为主窗口
2025-12-25 17:28:51,782 - root - INFO - 当前用户为：管理员
2025-12-25 17:28:51,782 - root - INFO - 当前用户ID为：1
2025-12-25 17:28:51,782 - root - INFO - 运行正常，显示为主窗口
2025-12-25 17:29:06,798 - root - INFO - 当前用户为：管理员
2025-12-25 17:29:06,798 - root - INFO - 当前用户ID为：1
2025-12-25 17:29:06,798 - root - INFO - 运行正常，显示为主窗口
2025-12-25 17:29:21,800 - root - INFO - 当前用户为：管理员
2025-12-25 17:29:21,800 - root - INFO - 当前用户ID为：1
2025-12-25 17:29:21,800 - root - INFO - 运行正常，显示为主窗口
2025-12-25 17:29:36,813 - root - INFO - 当前用户为：管理员
2025-12-25 17:29:36,813 - root - INFO - 当前用户ID为：1
2025-12-25 17:29:36,813 - root - INFO - 运行正常，显示为主窗口
2025-12-25 17:29:51,819 - root - INFO - 当前用户为：管理员
2025-12-25 17:29:51,819 - root - INFO - 当前用户ID为：1
2025-12-25 17:29:51,819 - root - INFO - 运行正常，显示为主窗口
2025-12-25 17:30:06,827 - root - INFO - 当前用户为：管理员
2025-12-25 17:30:06,827 - root - INFO - 当前用户ID为：1
2025-12-25 17:30:06,827 - root - INFO - 运行正常，显示为主窗口
2025-12-25 17:30:21,840 - root - INFO - 当前用户为：管理员
2025-12-25 17:30:21,840 - root - INFO - 当前用户ID为：1
2025-12-25 17:30:21,840 - root - INFO - 运行正常，显示为主窗口
2025-12-25 17:30:36,854 - root - INFO - 当前用户为：管理员
2025-12-25 17:30:36,854 - root - INFO - 当前用户ID为：1
2025-12-25 17:30:36,855 - root - INFO - 运行正常，显示为主窗口
2025-12-25 17:30:51,856 - root - INFO - 当前用户为：管理员
2025-12-25 17:30:51,856 - root - INFO - 当前用户ID为：1
2025-12-25 17:30:51,856 - root - INFO - 运行正常，显示为主窗口
2025-12-25 17:31:06,867 - root - INFO - 当前用户为：管理员
2025-12-25 17:31:06,867 - root - INFO - 当前用户ID为：1
2025-12-25 17:31:06,867 - root - INFO - 运行正常，显示为主窗口
2025-12-25 17:31:21,882 - root - INFO - 当前用户为：管理员
2025-12-25 17:31:21,882 - root - INFO - 当前用户ID为：1
2025-12-25 17:31:21,882 - root - INFO - 运行正常，显示为主窗口
2025-12-25 17:31:36,895 - root - INFO - 当前用户为：管理员
2025-12-25 17:31:36,896 - root - INFO - 当前用户ID为：1
2025-12-25 17:31:36,896 - root - INFO - 运行正常，显示为主窗口
2025-12-25 17:31:51,898 - root - INFO - 当前用户为：管理员
2025-12-25 17:31:51,898 - root - INFO - 当前用户ID为：1
2025-12-25 17:31:51,898 - root - INFO - 运行正常，显示为主窗口
2025-12-25 17:32:06,902 - root - INFO - 当前用户为：管理员
2025-12-25 17:32:06,902 - root - INFO - 当前用户ID为：1
2025-12-25 17:32:06,903 - root - INFO - 运行正常，显示为主窗口
2025-12-25 17:32:21,915 - root - INFO - 当前用户为：管理员
2025-12-25 17:32:21,915 - root - INFO - 当前用户ID为：1
2025-12-25 17:32:21,915 - root - INFO - 运行正常，显示为主窗口
2025-12-25 17:32:36,923 - root - INFO - 当前用户为：管理员
2025-12-25 17:32:36,924 - root - INFO - 当前用户ID为：1
2025-12-25 17:32:36,924 - root - INFO - 运行正常，显示为主窗口
2025-12-25 17:32:51,924 - root - INFO - 当前用户为：管理员
2025-12-25 17:32:51,925 - root - INFO - 当前用户ID为：1
2025-12-25 17:32:51,925 - root - INFO - 运行正常，显示为主窗口
2025-12-25 17:33:06,927 - root - INFO - 当前用户为：管理员
2025-12-25 17:33:06,927 - root - INFO - 当前用户ID为：1
2025-12-25 17:33:06,927 - root - INFO - 运行正常，显示为主窗口
2025-12-25 17:33:21,942 - root - INFO - 当前用户为：管理员
2025-12-25 17:33:21,942 - root - INFO - 当前用户ID为：1
2025-12-25 17:33:21,942 - root - INFO - 运行正常，显示为主窗口
2025-12-25 17:33:36,946 - root - INFO - 当前用户为：管理员
2025-12-25 17:33:36,946 - root - INFO - 当前用户ID为：1
2025-12-25 17:33:36,946 - root - INFO - 运行正常，显示为主窗口
2025-12-25 17:33:51,947 - root - INFO - 当前用户为：管理员
2025-12-25 17:33:51,947 - root - INFO - 当前用户ID为：1
2025-12-25 17:33:51,948 - root - INFO - 运行正常，显示为主窗口
2025-12-25 17:34:06,952 - root - INFO - 当前用户为：管理员
2025-12-25 17:34:06,952 - root - INFO - 当前用户ID为：1
2025-12-25 17:34:06,952 - root - INFO - 运行正常，显示为主窗口
2025-12-25 17:34:21,954 - root - INFO - 当前用户为：管理员
2025-12-25 17:34:21,954 - root - INFO - 当前用户ID为：1
2025-12-25 17:34:21,954 - root - INFO - 运行正常，显示为主窗口
2025-12-25 17:34:36,968 - root - INFO - 当前用户为：管理员
2025-12-25 17:34:36,969 - root - INFO - 当前用户ID为：1
2025-12-25 17:34:36,969 - root - INFO - 运行正常，显示为主窗口
2025-12-25 17:34:51,983 - root - INFO - 当前用户为：管理员
2025-12-25 17:34:51,983 - root - INFO - 当前用户ID为：1
2025-12-25 17:34:51,984 - root - INFO - 运行正常，显示为主窗口
2025-12-25 17:35:06,995 - root - INFO - 当前用户为：管理员
2025-12-25 17:35:06,995 - root - INFO - 当前用户ID为：1
2025-12-25 17:35:06,995 - root - INFO - 运行正常，显示为主窗口
2025-12-25 17:35:22,002 - root - INFO - 当前用户为：管理员
2025-12-25 17:35:22,002 - root - INFO - 当前用户ID为：1
2025-12-25 17:35:22,002 - root - INFO - 运行正常，显示为主窗口
2025-12-25 17:35:37,018 - root - INFO - 当前用户为：管理员
2025-12-25 17:35:37,018 - root - INFO - 当前用户ID为：1
2025-12-25 17:35:37,018 - root - INFO - 运行正常，显示为主窗口
2025-12-25 17:35:52,018 - root - INFO - 当前用户为：管理员
2025-12-25 17:35:52,018 - root - INFO - 当前用户ID为：1
2025-12-25 17:35:52,018 - root - INFO - 运行正常，显示为主窗口
2025-12-25 17:36:07,034 - root - INFO - 当前用户为：管理员
2025-12-25 17:36:07,034 - root - INFO - 当前用户ID为：1
2025-12-25 17:36:07,034 - root - INFO - 运行正常，显示为主窗口
2025-12-25 17:36:22,039 - root - INFO - 当前用户为：管理员
2025-12-25 17:36:22,039 - root - INFO - 当前用户ID为：1
2025-12-25 17:36:22,039 - root - INFO - 运行正常，显示为主窗口
2025-12-25 17:36:37,039 - root - INFO - 当前用户为：管理员
2025-12-25 17:36:37,039 - root - INFO - 当前用户ID为：1
2025-12-25 17:36:37,040 - root - INFO - 运行正常，显示为主窗口
2025-12-25 17:36:52,051 - root - INFO - 当前用户为：管理员
2025-12-25 17:36:52,051 - root - INFO - 当前用户ID为：1
2025-12-25 17:36:52,051 - root - INFO - 运行正常，显示为主窗口
2025-12-25 17:37:07,054 - root - INFO - 当前用户为：管理员
2025-12-25 17:37:07,054 - root - INFO - 当前用户ID为：1
2025-12-25 17:37:07,055 - root - INFO - 运行正常，显示为主窗口
2025-12-25 17:37:22,066 - root - INFO - 当前用户为：管理员
2025-12-25 17:37:22,066 - root - INFO - 当前用户ID为：1
2025-12-25 17:37:22,066 - root - INFO - 运行正常，显示为主窗口
2025-12-25 17:37:37,079 - root - INFO - 当前用户为：管理员
2025-12-25 17:37:37,079 - root - INFO - 当前用户ID为：1
2025-12-25 17:37:37,079 - root - INFO - 运行正常，显示为主窗口
2025-12-25 17:37:52,084 - root - INFO - 当前用户为：管理员
2025-12-25 17:37:52,084 - root - INFO - 当前用户ID为：1
2025-12-25 17:37:52,084 - root - INFO - 运行正常，显示为主窗口
2025-12-25 17:38:07,093 - root - INFO - 当前用户为：管理员
2025-12-25 17:38:07,094 - root - INFO - 当前用户ID为：1
2025-12-25 17:38:07,094 - root - INFO - 运行正常，显示为主窗口
2025-12-25 17:38:22,096 - root - INFO - 当前用户为：管理员
2025-12-25 17:38:22,096 - root - INFO - 当前用户ID为：1
2025-12-25 17:38:22,097 - root - INFO - 运行正常，显示为主窗口
2025-12-25 17:38:37,112 - root - INFO - 当前用户为：管理员
2025-12-25 17:38:37,112 - root - INFO - 当前用户ID为：1
2025-12-25 17:38:37,112 - root - INFO - 运行正常，显示为主窗口
2025-12-25 17:38:52,117 - root - INFO - 当前用户为：管理员
2025-12-25 17:38:52,117 - root - INFO - 当前用户ID为：1
2025-12-25 17:38:52,117 - root - INFO - 运行正常，显示为主窗口
2025-12-25 17:39:07,122 - root - INFO - 当前用户为：管理员
2025-12-25 17:39:07,122 - root - INFO - 当前用户ID为：1
2025-12-25 17:39:07,123 - root - INFO - 运行正常，显示为主窗口
2025-12-25 17:39:22,131 - root - INFO - 当前用户为：管理员
2025-12-25 17:39:22,131 - root - INFO - 当前用户ID为：1
2025-12-25 17:39:22,131 - root - INFO - 运行正常，显示为主窗口
2025-12-25 17:39:37,135 - root - INFO - 当前用户为：管理员
2025-12-25 17:39:37,135 - root - INFO - 当前用户ID为：1
2025-12-25 17:39:37,135 - root - INFO - 运行正常，显示为主窗口
2025-12-25 17:39:52,150 - root - INFO - 当前用户为：管理员
2025-12-25 17:39:52,151 - root - INFO - 当前用户ID为：1
2025-12-25 17:39:52,151 - root - INFO - 运行正常，显示为主窗口
2025-12-25 17:40:07,164 - root - INFO - 当前用户为：管理员
2025-12-25 17:40:07,164 - root - INFO - 当前用户ID为：1
2025-12-25 17:40:07,164 - root - INFO - 运行正常，显示为主窗口
2025-12-25 17:40:22,166 - root - INFO - 当前用户为：管理员
2025-12-25 17:40:22,166 - root - INFO - 当前用户ID为：1
2025-12-25 17:40:22,166 - root - INFO - 运行正常，显示为主窗口
2025-12-25 17:40:37,171 - root - INFO - 当前用户为：管理员
2025-12-25 17:40:37,171 - root - INFO - 当前用户ID为：1
2025-12-25 17:40:37,171 - root - INFO - 运行正常，显示为主窗口
2025-12-25 17:40:52,185 - root - INFO - 当前用户为：管理员
2025-12-25 17:40:52,185 - root - INFO - 当前用户ID为：1
2025-12-25 17:40:52,185 - root - INFO - 运行正常，显示为主窗口
2025-12-25 17:41:07,194 - root - INFO - 当前用户为：管理员
2025-12-25 17:41:07,194 - root - INFO - 当前用户ID为：1
2025-12-25 17:41:07,194 - root - INFO - 运行正常，显示为主窗口
2025-12-25 17:41:22,197 - root - INFO - 当前用户为：管理员
2025-12-25 17:41:22,197 - root - INFO - 当前用户ID为：1
2025-12-25 17:41:22,197 - root - INFO - 运行正常，显示为主窗口
2025-12-25 17:41:37,199 - root - INFO - 当前用户为：管理员
2025-12-25 17:41:37,199 - root - INFO - 当前用户ID为：1
2025-12-25 17:41:37,199 - root - INFO - 运行正常，显示为主窗口
2025-12-25 17:41:52,209 - root - INFO - 当前用户为：管理员
2025-12-25 17:41:52,209 - root - INFO - 当前用户ID为：1
2025-12-25 17:41:52,209 - root - INFO - 运行正常，显示为主窗口
2025-12-25 17:42:07,222 - root - INFO - 当前用户为：管理员
2025-12-25 17:42:07,222 - root - INFO - 当前用户ID为：1
2025-12-25 17:42:07,222 - root - INFO - 运行正常，显示为主窗口
2025-12-25 17:42:22,230 - root - INFO - 当前用户为：管理员
2025-12-25 17:42:22,231 - root - INFO - 当前用户ID为：1
2025-12-25 17:42:22,231 - root - INFO - 运行正常，显示为主窗口
2025-12-25 17:42:37,244 - root - INFO - 当前用户为：管理员
2025-12-25 17:42:37,244 - root - INFO - 当前用户ID为：1
2025-12-25 17:42:37,244 - root - INFO - 运行正常，显示为主窗口
2025-12-25 17:42:52,251 - root - INFO - 当前用户为：管理员
2025-12-25 17:42:52,251 - root - INFO - 当前用户ID为：1
2025-12-25 17:42:52,251 - root - INFO - 运行正常，显示为主窗口
2025-12-25 17:43:07,261 - root - INFO - 当前用户为：管理员
2025-12-25 17:43:07,261 - root - INFO - 当前用户ID为：1
2025-12-25 17:43:07,261 - root - INFO - 运行正常，显示为主窗口
2025-12-25 17:43:22,267 - root - INFO - 当前用户为：管理员
2025-12-25 17:43:22,267 - root - INFO - 当前用户ID为：1
2025-12-25 17:43:22,267 - root - INFO - 运行正常，显示为主窗口
2025-12-25 17:43:24,242 - gui.main_window - INFO - 主窗口关闭
2025-12-29 07:49:22,326 - app_controller - INFO - [MainApp] 应用程序初始化完成
2025-12-29 07:49:22,330 - app_controller - INFO - [MainApp] 数据库连接对象类型: <class 'sqlite3.Connection'>
2025-12-29 07:49:22,340 - app_controller - INFO - [MainApp] 数据库初始化/连接成功
2025-12-29 07:49:22,342 - root - INFO - [StartupWindow] 初始化中...
2025-12-29 07:49:25,717 - root - INFO - 加载完成，即将跳转到登录窗口
2025-12-29 07:49:25,918 - app_controller - INFO - DEBUG: _on_startup_loaded 被调用
2025-12-29 07:49:25,920 - root - INFO - [LoginWindow] 初始化时 db_conn 类型: <class 'sqlite3.Connection'>
2025-12-29 07:49:25,983 - app_controller - INFO - [MainApp] 传递给 LoginWindow 的 db_conn 类型: <class 'sqlite3.Connection'>
2025-12-29 07:49:25,984 - app_controller - INFO - [MainApp] 已连接登录成功信号
2025-12-29 07:49:26,229 - root - INFO - [LoginWindow] handle_auto_login 中 db_conn 类型: <class 'sqlite3.Connection'>
2025-12-29 07:49:26,229 - root - INFO - [LoginWindow] attempt_login 中 db_conn 类型: <class 'sqlite3.Connection'>
2025-12-29 07:49:26,229 - gui.login_window - INFO - 用户 admin 登录成功, 角色: admin
2025-12-29 07:49:26,231 - root - INFO - 当前用户为：管理员
2025-12-29 07:49:26,232 - root - INFO - 当前用户ID为：1
2025-12-29 07:49:26,232 - root - INFO - 运行正常，显示为主窗口
2025-12-29 07:49:41,234 - root - INFO - 当前用户为：管理员
2025-12-29 07:49:41,234 - root - INFO - 当前用户ID为：1
2025-12-29 07:49:41,234 - root - INFO - 运行正常，显示为主窗口
2025-12-29 07:49:56,235 - root - INFO - 当前用户为：管理员
2025-12-29 07:49:56,235 - root - INFO - 当前用户ID为：1
2025-12-29 07:49:56,235 - root - INFO - 运行正常，显示为主窗口
2025-12-29 07:50:00,078 - gui.main_window - INFO - 主窗口关闭
2025-12-29 08:12:22,077 - app_controller - INFO - [MainApp] 应用程序初始化完成
2025-12-29 08:12:22,077 - app_controller - INFO - [MainApp] 数据库连接对象类型: <class 'sqlite3.Connection'>
2025-12-29 08:12:22,083 - app_controller - INFO - [MainApp] 数据库初始化/连接成功
2025-12-29 08:12:22,083 - root - INFO - [StartupWindow] 初始化中...
2025-12-29 08:12:25,400 - root - INFO - 加载完成，即将跳转到登录窗口
2025-12-29 08:12:25,601 - app_controller - INFO - DEBUG: _on_startup_loaded 被调用
2025-12-29 08:12:25,601 - root - INFO - [LoginWindow] 初始化时 db_conn 类型: <class 'sqlite3.Connection'>
2025-12-29 08:12:25,663 - app_controller - INFO - [MainApp] 传递给 LoginWindow 的 db_conn 类型: <class 'sqlite3.Connection'>
2025-12-29 08:12:25,663 - app_controller - INFO - [MainApp] 已连接登录成功信号
2025-12-29 08:12:25,911 - root - INFO - [LoginWindow] handle_auto_login 中 db_conn 类型: <class 'sqlite3.Connection'>
2025-12-29 08:12:25,911 - root - INFO - [LoginWindow] attempt_login 中 db_conn 类型: <class 'sqlite3.Connection'>
2025-12-29 08:12:25,912 - gui.login_window - INFO - 用户 admin 登录成功, 角色: admin
2025-12-29 08:12:25,912 - root - INFO - 当前用户为：管理员
2025-12-29 08:12:25,913 - root - INFO - 当前用户ID为：1
2025-12-29 08:12:25,913 - root - INFO - 运行正常，显示为主窗口
2025-12-29 08:12:35,341 - root - INFO - 用户点击退出登录，发送退出信号
2025-12-29 08:12:40,928 - root - INFO - 当前用户为：管理员
2025-12-29 08:12:40,928 - root - INFO - 当前用户ID为：1
2025-12-29 08:12:40,928 - root - INFO - 运行正常，显示为主窗口
2025-12-29 08:12:55,934 - root - INFO - 当前用户为：管理员
2025-12-29 08:12:55,934 - root - INFO - 当前用户ID为：1
2025-12-29 08:12:55,934 - root - INFO - 运行正常，显示为主窗口
2025-12-29 08:13:10,950 - root - INFO - 当前用户为：管理员
2025-12-29 08:13:10,950 - root - INFO - 当前用户ID为：1
2025-12-29 08:13:10,950 - root - INFO - 运行正常，显示为主窗口
2025-12-29 08:13:25,958 - root - INFO - 当前用户为：管理员
2025-12-29 08:13:25,958 - root - INFO - 当前用户ID为：1
2025-12-29 08:13:25,958 - root - INFO - 运行正常，显示为主窗口
2025-12-29 08:13:40,971 - root - INFO - 当前用户为：管理员
2025-12-29 08:13:40,971 - root - INFO - 当前用户ID为：1
2025-12-29 08:13:40,971 - root - INFO - 运行正常，显示为主窗口
2025-12-29 08:13:55,980 - root - INFO - 当前用户为：管理员
2025-12-29 08:13:55,980 - root - INFO - 当前用户ID为：1
2025-12-29 08:13:55,980 - root - INFO - 运行正常，显示为主窗口
2025-12-29 08:14:10,994 - root - INFO - 当前用户为：管理员
2025-12-29 08:14:10,994 - root - INFO - 当前用户ID为：1
2025-12-29 08:14:10,994 - root - INFO - 运行正常，显示为主窗口
2025-12-29 08:14:26,009 - root - INFO - 当前用户为：管理员
2025-12-29 08:14:26,009 - root - INFO - 当前用户ID为：1
2025-12-29 08:14:26,009 - root - INFO - 运行正常，显示为主窗口
2025-12-29 08:14:41,010 - root - INFO - 当前用户为：管理员
2025-12-29 08:14:41,010 - root - INFO - 当前用户ID为：1
2025-12-29 08:14:41,010 - root - INFO - 运行正常，显示为主窗口
2025-12-29 08:14:56,047 - root - INFO - 当前用户为：管理员
2025-12-29 08:14:56,047 - root - INFO - 当前用户ID为：1
2025-12-29 08:14:56,047 - root - INFO - 运行正常，显示为主窗口
2025-12-29 08:15:11,061 - root - INFO - 当前用户为：管理员
2025-12-29 08:15:11,061 - root - INFO - 当前用户ID为：1
2025-12-29 08:15:11,061 - root - INFO - 运行正常，显示为主窗口
2025-12-29 08:15:26,075 - root - INFO - 当前用户为：管理员
2025-12-29 08:15:26,075 - root - INFO - 当前用户ID为：1
2025-12-29 08:15:26,075 - root - INFO - 运行正常，显示为主窗口
2025-12-29 08:15:41,081 - root - INFO - 当前用户为：管理员
2025-12-29 08:15:41,081 - root - INFO - 当前用户ID为：1
2025-12-29 08:15:41,081 - root - INFO - 运行正常，显示为主窗口
2025-12-29 08:15:56,096 - root - INFO - 当前用户为：管理员
2025-12-29 08:15:56,096 - root - INFO - 当前用户ID为：1
2025-12-29 08:15:56,096 - root - INFO - 运行正常，显示为主窗口
2025-12-29 08:16:11,103 - root - INFO - 当前用户为：管理员
2025-12-29 08:16:11,103 - root - INFO - 当前用户ID为：1
2025-12-29 08:16:11,103 - root - INFO - 运行正常，显示为主窗口
2025-12-29 08:16:26,116 - root - INFO - 当前用户为：管理员
2025-12-29 08:16:26,116 - root - INFO - 当前用户ID为：1
2025-12-29 08:16:26,117 - root - INFO - 运行正常，显示为主窗口
2025-12-29 08:16:41,129 - root - INFO - 当前用户为：管理员
2025-12-29 08:16:41,129 - root - INFO - 当前用户ID为：1
2025-12-29 08:16:41,129 - root - INFO - 运行正常，显示为主窗口
2025-12-29 08:16:56,142 - root - INFO - 当前用户为：管理员
2025-12-29 08:16:56,142 - root - INFO - 当前用户ID为：1
2025-12-29 08:16:56,142 - root - INFO - 运行正常，显示为主窗口
2025-12-29 08:17:11,154 - root - INFO - 当前用户为：管理员
2025-12-29 08:17:11,154 - root - INFO - 当前用户ID为：1
2025-12-29 08:17:11,154 - root - INFO - 运行正常，显示为主窗口
2025-12-29 08:17:26,169 - root - INFO - 当前用户为：管理员
2025-12-29 08:17:26,169 - root - INFO - 当前用户ID为：1
2025-12-29 08:17:26,169 - root - INFO - 运行正常，显示为主窗口
2025-12-29 08:17:41,183 - root - INFO - 当前用户为：管理员
2025-12-29 08:17:41,183 - root - INFO - 当前用户ID为：1
2025-12-29 08:17:41,183 - root - INFO - 运行正常，显示为主窗口
2025-12-29 08:17:56,187 - root - INFO - 当前用户为：管理员
2025-12-29 08:17:56,187 - root - INFO - 当前用户ID为：1
2025-12-29 08:17:56,187 - root - INFO - 运行正常，显示为主窗口
2025-12-29 08:18:03,962 - app_controller - INFO - [MainApp] 应用程序初始化完成
2025-12-29 08:18:03,963 - app_controller - INFO - [MainApp] 数据库连接对象类型: <class 'sqlite3.Connection'>
2025-12-29 08:18:03,970 - app_controller - INFO - [MainApp] 数据库初始化/连接成功
2025-12-29 08:18:03,971 - root - INFO - [StartupWindow] 初始化中...
2025-12-29 08:18:07,306 - root - INFO - 加载完成，即将跳转到登录窗口
2025-12-29 08:18:07,507 - app_controller - INFO - DEBUG: _on_startup_loaded 被调用
2025-12-29 08:18:07,507 - root - INFO - [LoginWindow] 初始化时 db_conn 类型: <class 'sqlite3.Connection'>
2025-12-29 08:18:07,571 - app_controller - INFO - [MainApp] 传递给 LoginWindow 的 db_conn 类型: <class 'sqlite3.Connection'>
2025-12-29 08:18:07,571 - app_controller - INFO - [MainApp] 已连接登录成功信号
2025-12-29 08:18:07,816 - root - INFO - [LoginWindow] handle_auto_login 中 db_conn 类型: <class 'sqlite3.Connection'>
2025-12-29 08:18:07,816 - root - INFO - [LoginWindow] attempt_login 中 db_conn 类型: <class 'sqlite3.Connection'>
2025-12-29 08:18:07,816 - gui.login_window - INFO - 用户 admin 登录成功, 角色: admin
2025-12-29 08:18:07,817 - root - INFO - 当前用户为：管理员
2025-12-29 08:18:07,817 - root - INFO - 当前用户ID为：1
2025-12-29 08:18:07,818 - root - INFO - 运行正常，显示为主窗口
2025-12-29 08:18:09,114 - root - INFO - 用户点击退出登录，发送退出信号
2025-12-29 08:18:22,825 - root - INFO - 当前用户为：管理员
2025-12-29 08:18:22,825 - root - INFO - 当前用户ID为：1
2025-12-29 08:18:22,825 - root - INFO - 运行正常，显示为主窗口
2025-12-29 08:18:56,472 - app_controller - INFO - [MainApp] 应用程序初始化完成
2025-12-29 08:18:56,473 - app_controller - INFO - [MainApp] 数据库连接对象类型: <class 'sqlite3.Connection'>
2025-12-29 08:18:56,477 - app_controller - INFO - [MainApp] 数据库初始化/连接成功
2025-12-29 08:18:56,477 - root - INFO - [StartupWindow] 初始化中...
2025-12-29 08:18:59,796 - root - INFO - 加载完成，即将跳转到登录窗口
2025-12-29 08:18:59,997 - app_controller - INFO - DEBUG: _on_startup_loaded 被调用
2025-12-29 08:18:59,997 - root - INFO - [LoginWindow] 初始化时 db_conn 类型: <class 'sqlite3.Connection'>
2025-12-29 08:19:00,060 - app_controller - INFO - [MainApp] 传递给 LoginWindow 的 db_conn 类型: <class 'sqlite3.Connection'>
2025-12-29 08:19:00,060 - app_controller - INFO - [MainApp] 已连接登录成功信号
2025-12-29 08:19:00,307 - root - INFO - [LoginWindow] handle_auto_login 中 db_conn 类型: <class 'sqlite3.Connection'>
2025-12-29 08:19:00,307 - root - INFO - [LoginWindow] attempt_login 中 db_conn 类型: <class 'sqlite3.Connection'>
2025-12-29 08:19:00,307 - gui.login_window - INFO - 用户 admin 登录成功, 角色: admin
2025-12-29 08:19:00,307 - root - INFO - 当前用户为：管理员
2025-12-29 08:19:00,309 - root - INFO - 当前用户ID为：1
2025-12-29 08:19:00,309 - root - INFO - 运行正常，显示为主窗口
2025-12-29 08:19:01,685 - root - INFO - 用户点击退出登录，发送退出信号
2025-12-29 08:19:04,171 - gui.main_window - INFO - 主窗口关闭
2025-12-29 08:26:36,412 - app_controller - INFO - [MainApp] 应用程序初始化完成
2025-12-29 08:26:36,412 - app_controller - INFO - [MainApp] 数据库连接对象类型: <class 'sqlite3.Connection'>
2025-12-29 08:26:36,421 - app_controller - INFO - [MainApp] 数据库初始化/连接成功
2025-12-29 08:26:36,422 - root - INFO - [StartupWindow] 初始化中...
2025-12-29 08:26:39,913 - root - INFO - 加载完成，即将跳转到登录窗口
2025-12-29 08:26:40,114 - app_controller - INFO - DEBUG: _on_startup_loaded 被调用
2025-12-29 08:26:40,115 - root - INFO - [LoginWindow] 初始化时 db_conn 类型: <class 'sqlite3.Connection'>
2025-12-29 08:26:40,176 - app_controller - INFO - [MainApp] 传递给 LoginWindow 的 db_conn 类型: <class 'sqlite3.Connection'>
2025-12-29 08:26:40,176 - app_controller - INFO - [MainApp] 已连接登录成功信号
2025-12-29 08:26:40,423 - root - INFO - [LoginWindow] handle_auto_login 中 db_conn 类型: <class 'sqlite3.Connection'>
2025-12-29 08:26:40,423 - root - INFO - [LoginWindow] attempt_login 中 db_conn 类型: <class 'sqlite3.Connection'>
2025-12-29 08:26:40,424 - gui.login_window - INFO - 用户 admin 登录成功, 角色: admin
2025-12-29 08:26:40,424 - root - INFO - 当前用户为：管理员
2025-12-29 08:26:40,425 - root - INFO - 当前用户ID为：1
2025-12-29 08:26:40,426 - root - INFO - 运行正常，显示为主窗口
2025-12-29 08:26:43,322 - root - INFO - 用户点击退出登录，发送退出信号
2025-12-29 08:26:47,406 - root - INFO - 用户点击退出登录，发送退出信号
2025-12-29 08:26:48,043 - root - INFO - 用户点击退出登录，发送退出信号
2025-12-29 08:26:52,763 - root - INFO - 用户点击退出登录，发送退出信号
2025-12-29 08:26:55,432 - root - INFO - 当前用户为：管理员
2025-12-29 08:26:55,432 - root - INFO - 当前用户ID为：1
2025-12-29 08:26:55,432 - root - INFO - 运行正常，显示为主窗口
2025-12-29 08:27:00,227 - gui.main_window - INFO - 主窗口关闭
2025-12-29 08:31:30,178 - app_controller - INFO - [MainApp] 应用程序初始化完成
2025-12-29 08:31:30,178 - app_controller - INFO - [MainApp] 数据库连接对象类型: <class 'sqlite3.Connection'>
2025-12-29 08:31:30,186 - app_controller - INFO - [MainApp] 数据库初始化/连接成功
2025-12-29 08:31:30,187 - root - INFO - [StartupWindow] 初始化中...
2025-12-29 08:31:33,536 - root - INFO - 加载完成，即将跳转到登录窗口
2025-12-29 08:31:33,737 - app_controller - INFO - DEBUG: _on_startup_loaded 被调用
2025-12-29 08:31:33,737 - root - INFO - [LoginWindow] 初始化时 db_conn 类型: <class 'sqlite3.Connection'>
2025-12-29 08:31:33,798 - app_controller - INFO - [MainApp] 传递给 LoginWindow 的 db_conn 类型: <class 'sqlite3.Connection'>
2025-12-29 08:31:33,798 - app_controller - INFO - [MainApp] 已连接登录成功信号
2025-12-29 08:31:34,044 - root - INFO - [LoginWindow] handle_auto_login 中 db_conn 类型: <class 'sqlite3.Connection'>
2025-12-29 08:31:34,045 - gui.login_window - INFO - 用户 admin 登录成功, 角色: admin
2025-12-29 08:31:34,045 - root - INFO - 当前用户为：管理员
2025-12-29 08:31:34,046 - root - INFO - 当前用户ID为：1
2025-12-29 08:31:34,047 - root - INFO - 运行正常，显示为主窗口
2025-12-29 08:31:35,648 - root - INFO - 用户点击退出登录，发送退出信号
2025-12-29 08:31:35,653 - gui.main_window - INFO - 主窗口关闭
2025-12-29 08:31:49,054 - root - INFO - 当前用户为：管理员
2025-12-29 08:31:49,054 - root - INFO - 当前用户ID为：1
2025-12-29 08:31:49,054 - root - INFO - 运行正常，显示为主窗口
2025-12-29 08:34:05,564 - app_controller - INFO - [MainApp] 应用程序初始化完成
2025-12-29 08:34:05,565 - app_controller - INFO - [MainApp] 数据库连接对象类型: <class 'sqlite3.Connection'>
2025-12-29 08:34:05,573 - app_controller - INFO - [MainApp] 数据库初始化/连接成功
2025-12-29 08:34:05,574 - root - INFO - [StartupWindow] 初始化中...
2025-12-29 08:34:08,925 - root - INFO - 加载完成，即将跳转到登录窗口
2025-12-29 08:34:09,126 - app_controller - INFO - DEBUG: _on_startup_loaded 被调用
2025-12-29 08:34:09,126 - root - INFO - [LoginWindow] 初始化时 db_conn 类型: <class 'sqlite3.Connection'>
2025-12-29 08:34:09,186 - app_controller - INFO - [MainApp] 传递给 LoginWindow 的 db_conn 类型: <class 'sqlite3.Connection'>
2025-12-29 08:34:09,186 - app_controller - INFO - [MainApp] 已连接登录成功信号
2025-12-29 08:34:12,093 - gui.login_window - INFO - 用户 admin 登录成功, 角色: admin
2025-12-29 08:34:12,102 - root - INFO - 当前用户为：管理员
2025-12-29 08:34:12,103 - root - INFO - 当前用户ID为：1
2025-12-29 08:34:12,104 - root - INFO - 运行正常，显示为主窗口
2025-12-29 08:34:13,494 - root - INFO - 用户点击退出登录，发送退出信号
2025-12-29 08:34:13,498 - gui.main_window - INFO - 主窗口关闭
2025-12-29 08:34:21,150 - gui.login_window - INFO - 用户 admin 登录成功, 角色: admin
2025-12-29 08:34:21,155 - root - INFO - 当前用户为：管理员
2025-12-29 08:34:21,155 - root - INFO - 当前用户ID为：1
2025-12-29 08:34:21,155 - root - INFO - 运行正常，显示为主窗口
2025-12-29 08:34:23,843 - gui.main_window - INFO - 主窗口关闭
2025-12-29 08:35:01,201 - app_controller - INFO - [MainApp] 应用程序初始化完成
2025-12-29 08:35:01,202 - app_controller - INFO - [MainApp] 数据库连接对象类型: <class 'sqlite3.Connection'>
2025-12-29 08:35:01,210 - app_controller - INFO - [MainApp] 数据库初始化/连接成功
2025-12-29 08:35:01,211 - root - INFO - [StartupWindow] 初始化中...
2025-12-29 08:35:04,557 - root - INFO - 加载完成，即将跳转到登录窗口
2025-12-29 08:35:04,757 - app_controller - INFO - DEBUG: _on_startup_loaded 被调用
2025-12-29 08:35:04,757 - root - INFO - [LoginWindow] 初始化时 db_conn 类型: <class 'sqlite3.Connection'>
2025-12-29 08:35:04,819 - app_controller - INFO - [MainApp] 传递给 LoginWindow 的 db_conn 类型: <class 'sqlite3.Connection'>
2025-12-29 08:35:04,819 - app_controller - INFO - [MainApp] 已连接登录成功信号
2025-12-29 08:35:05,071 - root - INFO - [LoginWindow] handle_auto_login 中 db_conn 类型: <class 'sqlite3.Connection'>
2025-12-29 08:35:05,071 - gui.login_window - INFO - 用户 admin 登录成功, 角色: admin
2025-12-29 08:35:05,072 - root - INFO - 当前用户为：管理员
2025-12-29 08:35:05,072 - root - INFO - 当前用户ID为：1
2025-12-29 08:35:05,073 - root - INFO - 运行正常，显示为主窗口
2025-12-29 08:35:07,194 - root - INFO - 用户点击退出登录，发送退出信号
2025-12-29 08:35:07,197 - gui.main_window - INFO - 主窗口关闭
2025-12-29 08:35:14,737 - gui.login_window - INFO - 用户 admin 登录成功, 角色: admin
2025-12-29 08:35:14,740 - root - INFO - 当前用户为：管理员
2025-12-29 08:35:14,741 - root - INFO - 当前用户ID为：1
2025-12-29 08:35:14,741 - root - INFO - 运行正常，显示为主窗口
2025-12-29 08:35:16,113 - root - INFO - 用户点击退出登录，发送退出信号
2025-12-29 08:35:16,115 - gui.main_window - INFO - 主窗口关闭
2025-12-29 08:35:41,417 - app_controller - INFO - [MainApp] 应用程序初始化完成
2025-12-29 08:35:41,419 - app_controller - INFO - [MainApp] 数据库连接对象类型: <class 'sqlite3.Connection'>
2025-12-29 08:35:41,424 - app_controller - INFO - [MainApp] 数据库初始化/连接成功
2025-12-29 08:35:41,424 - root - INFO - [StartupWindow] 初始化中...
2025-12-29 08:35:44,778 - root - INFO - 加载完成，即将跳转到登录窗口
2025-12-29 08:35:44,979 - app_controller - INFO - DEBUG: _on_startup_loaded 被调用
2025-12-29 08:35:44,980 - root - INFO - [LoginWindow] 初始化时 db_conn 类型: <class 'sqlite3.Connection'>
2025-12-29 08:35:45,046 - app_controller - INFO - [MainApp] 传递给 LoginWindow 的 db_conn 类型: <class 'sqlite3.Connection'>
2025-12-29 08:35:45,046 - app_controller - INFO - [MainApp] 已连接登录成功信号
2025-12-29 08:35:45,291 - root - INFO - [LoginWindow] handle_auto_login 中 db_conn 类型: <class 'sqlite3.Connection'>
2025-12-29 08:35:45,291 - gui.login_window - INFO - 用户 admin 登录成功, 角色: admin
2025-12-29 08:35:45,292 - root - INFO - 当前用户为：管理员
2025-12-29 08:35:45,292 - root - INFO - 当前用户ID为：1
2025-12-29 08:35:45,292 - root - INFO - 运行正常，显示为主窗口
2025-12-29 08:35:46,939 - root - INFO - 用户点击退出登录，发送退出信号
2025-12-29 08:35:46,945 - gui.main_window - INFO - 主窗口关闭
2025-12-29 08:46:44,396 - app_controller - INFO - [MainApp] 应用程序初始化完成
2025-12-29 08:46:44,397 - app_controller - INFO - [MainApp] 数据库连接对象类型: <class 'sqlite3.Connection'>
2025-12-29 08:46:44,404 - app_controller - INFO - [MainApp] 数据库初始化/连接成功
2025-12-29 08:46:44,404 - root - INFO - [StartupWindow] 初始化中...
2025-12-29 08:46:47,738 - root - INFO - 加载完成，即将跳转到登录窗口
2025-12-29 08:46:47,938 - app_controller - INFO - DEBUG: _on_startup_loaded 被调用
2025-12-29 08:46:47,938 - root - INFO - [LoginWindow] 初始化时 db_conn 类型: <class 'sqlite3.Connection'>
2025-12-29 08:46:47,979 - app_controller - INFO - [MainApp] 传递给 LoginWindow 的 db_conn 类型: <class 'sqlite3.Connection'>
2025-12-29 08:46:47,979 - app_controller - INFO - [MainApp] 已连接登录成功信号
2025-12-29 08:46:48,250 - root - INFO - [LoginWindow] handle_auto_login 中 db_conn 类型: <class 'sqlite3.Connection'>
2025-12-29 08:46:48,250 - gui.login_window - INFO - 用户 admin 登录成功, 角色: admin
2025-12-29 08:46:48,251 - root - INFO - 当前用户为：管理员
2025-12-29 08:46:48,251 - root - INFO - 当前用户ID为：1
2025-12-29 08:46:48,251 - root - INFO - 运行正常，显示为主窗口
2025-12-29 08:46:55,255 - root - INFO - 用户点击退出登录，发送退出信号
2025-12-29 08:46:55,260 - gui.main_window - INFO - 主窗口关闭
2025-12-29 08:47:03,265 - root - INFO - 当前用户为：管理员
2025-12-29 08:47:03,265 - root - INFO - 当前用户ID为：1
2025-12-29 08:47:03,265 - root - INFO - 运行正常，显示为主窗口
2025-12-29 08:47:52,994 - app_controller - INFO - [MainApp] 应用程序初始化完成
2025-12-29 08:47:52,995 - app_controller - INFO - [MainApp] 数据库连接对象类型: <class 'sqlite3.Connection'>
2025-12-29 08:47:53,003 - app_controller - INFO - [MainApp] 数据库初始化/连接成功
2025-12-29 08:47:53,004 - root - INFO - [StartupWindow] 初始化中...
2025-12-29 08:47:56,329 - root - INFO - 加载完成，即将跳转到登录窗口
2025-12-29 08:47:56,530 - app_controller - INFO - DEBUG: _on_startup_loaded 被调用
2025-12-29 08:47:56,530 - root - INFO - [LoginWindow] 初始化时 db_conn 类型: <class 'sqlite3.Connection'>
2025-12-29 08:47:56,592 - app_controller - INFO - [MainApp] 传递给 LoginWindow 的 db_conn 类型: <class 'sqlite3.Connection'>
2025-12-29 08:47:56,592 - app_controller - INFO - [MainApp] 已连接登录成功信号
2025-12-29 08:47:58,770 - gui.login_window - INFO - 用户 admin 登录成功, 角色: admin
2025-12-29 08:47:58,776 - root - INFO - 当前用户为：管理员
2025-12-29 08:47:58,776 - root - INFO - 当前用户ID为：1
2025-12-29 08:47:58,777 - root - INFO - 运行正常，显示为主窗口
2025-12-29 08:48:00,041 - root - INFO - 用户点击退出登录，发送退出信号
2025-12-29 08:48:00,044 - gui.main_window - INFO - 主窗口关闭
2025-12-29 08:48:13,786 - root - INFO - 当前用户为：管理员
2025-12-29 08:48:13,786 - root - INFO - 当前用户ID为：1
2025-12-29 08:48:13,786 - root - INFO - 运行正常，显示为主窗口
2025-12-29 08:49:19,263 - app_controller - INFO - [MainApp] 应用程序初始化完成
2025-12-29 08:49:19,264 - app_controller - INFO - [MainApp] 数据库连接对象类型: <class 'sqlite3.Connection'>
2025-12-29 08:49:19,270 - app_controller - INFO - [MainApp] 数据库初始化/连接成功
2025-12-29 08:49:19,271 - root - INFO - [StartupWindow] 初始化中...
2025-12-29 08:49:22,642 - root - INFO - 加载完成，即将跳转到登录窗口
2025-12-29 08:49:22,843 - app_controller - INFO - DEBUG: _on_startup_loaded 被调用
2025-12-29 08:49:22,843 - root - INFO - [LoginWindow] 初始化时 db_conn 类型: <class 'sqlite3.Connection'>
2025-12-29 08:49:22,905 - app_controller - INFO - [MainApp] 传递给 LoginWindow 的 db_conn 类型: <class 'sqlite3.Connection'>
2025-12-29 08:49:22,905 - app_controller - INFO - [MainApp] 已连接登录成功信号
2025-12-29 08:49:23,154 - root - INFO - [LoginWindow] handle_auto_login 中 db_conn 类型: <class 'sqlite3.Connection'>
2025-12-29 08:49:23,154 - gui.login_window - INFO - 用户 admin 登录成功, 角色: admin
2025-12-29 08:49:23,155 - root - INFO - 当前用户为：管理员
2025-12-29 08:49:23,156 - root - INFO - 当前用户ID为：1
2025-12-29 08:49:23,156 - root - INFO - 运行正常，显示为主窗口
2025-12-29 08:49:25,486 - root - INFO - 用户点击退出登录，发送退出信号
2025-12-29 08:49:25,488 - gui.main_window - INFO - 主窗口关闭
2025-12-29 08:52:06,870 - app_controller - INFO - [MainApp] 应用程序初始化完成
2025-12-29 08:52:06,870 - app_controller - INFO - [MainApp] 数据库连接对象类型: <class 'sqlite3.Connection'>
2025-12-29 08:52:06,879 - app_controller - INFO - [MainApp] 数据库初始化/连接成功
2025-12-29 08:52:06,879 - root - INFO - [StartupWindow] 初始化中...
2025-12-29 08:52:10,205 - root - INFO - 加载完成，即将跳转到登录窗口
2025-12-29 08:52:10,407 - app_controller - INFO - DEBUG: _on_startup_loaded 被调用
2025-12-29 08:52:10,408 - root - INFO - [LoginWindow] 初始化时 db_conn 类型: <class 'sqlite3.Connection'>
2025-12-29 08:52:10,470 - app_controller - INFO - [MainApp] 传递给 LoginWindow 的 db_conn 类型: <class 'sqlite3.Connection'>
2025-12-29 08:52:10,470 - app_controller - INFO - [MainApp] 已连接登录成功信号
2025-12-29 08:52:10,719 - root - INFO - [LoginWindow] handle_auto_login 中 db_conn 类型: <class 'sqlite3.Connection'>
2025-12-29 08:52:10,719 - gui.login_window - INFO - 用户 admin 登录成功, 角色: admin
2025-12-29 08:52:10,720 - root - INFO - 当前用户为：管理员
2025-12-29 08:52:10,721 - root - INFO - 当前用户ID为：1
2025-12-29 08:52:10,721 - root - INFO - 运行正常，显示为主窗口
2025-12-29 08:52:21,518 - gui.main_window - INFO - 主窗口关闭
2025-12-29 08:53:26,823 - app_controller - INFO - [MainApp] 应用程序初始化完成
2025-12-29 08:53:26,823 - app_controller - INFO - [MainApp] 数据库连接对象类型: <class 'sqlite3.Connection'>
2025-12-29 08:53:26,829 - app_controller - INFO - [MainApp] 数据库初始化/连接成功
2025-12-29 08:53:26,829 - root - INFO - [StartupWindow] 初始化中...
2025-12-29 08:53:29,698 - root - INFO - 加载完成，即将跳转到登录窗口
2025-12-29 08:53:29,899 - app_controller - INFO - DEBUG: _on_startup_loaded 被调用
2025-12-29 08:53:29,899 - root - INFO - [LoginWindow] 初始化时 db_conn 类型: <class 'sqlite3.Connection'>
2025-12-29 08:53:29,963 - app_controller - INFO - [MainApp] 传递给 LoginWindow 的 db_conn 类型: <class 'sqlite3.Connection'>
2025-12-29 08:53:29,963 - app_controller - INFO - [MainApp] 已连接登录成功信号
2025-12-29 08:53:30,214 - root - INFO - [LoginWindow] handle_auto_login 中 db_conn 类型: <class 'sqlite3.Connection'>
2025-12-29 08:53:30,214 - gui.login_window - INFO - 用户 admin 登录成功, 角色: admin
2025-12-29 08:53:30,215 - root - INFO - 当前用户为：管理员
2025-12-29 08:53:30,216 - root - INFO - 当前用户ID为：1
2025-12-29 08:53:30,216 - root - INFO - 运行正常，显示为主窗口
2025-12-29 08:53:31,630 - gui.main_window - INFO - 主窗口关闭
2025-12-29 10:00:53,794 - app_controller - INFO - [MainApp] 应用程序初始化完成
2025-12-29 10:00:53,824 - app_controller - INFO - [MainApp] 数据库连接对象类型: <class 'sqlite3.Connection'>
2025-12-29 10:00:53,831 - app_controller - INFO - [MainApp] 数据库初始化/连接成功
2025-12-29 10:00:53,831 - root - INFO - [StartupWindow] 初始化中...
2025-12-29 10:00:56,724 - root - INFO - 加载完成，即将跳转到登录窗口
2025-12-29 10:00:56,924 - app_controller - INFO - DEBUG: _on_startup_loaded 被调用
2025-12-29 10:00:56,924 - root - INFO - [LoginWindow] 初始化时 db_conn 类型: <class 'sqlite3.Connection'>
2025-12-29 10:00:56,988 - app_controller - INFO - [MainApp] 传递给 LoginWindow 的 db_conn 类型: <class 'sqlite3.Connection'>
2025-12-29 10:00:56,988 - app_controller - INFO - [MainApp] 已连接登录成功信号
2025-12-29 10:00:57,235 - root - INFO - [LoginWindow] handle_auto_login 中 db_conn 类型: <class 'sqlite3.Connection'>
2025-12-29 10:00:57,236 - gui.login_window - INFO - 用户 admin 登录成功, 角色: admin
2025-12-29 10:00:57,237 - root - INFO - 当前用户为：管理员
2025-12-29 10:00:57,237 - root - INFO - 当前用户ID为：1
2025-12-29 10:00:57,239 - root - INFO - 运行正常，显示为主窗口
2025-12-29 10:01:07,711 - gui.student_score_mgmt - ERROR - 加载成绩错误: no such column: sc.regular_score
2025-12-29 10:01:12,249 - root - INFO - 当前用户为：管理员
2025-12-29 10:01:12,249 - root - INFO - 当前用户ID为：1
2025-12-29 10:01:12,249 - root - INFO - 运行正常，显示为主窗口
2025-12-29 10:01:24,993 - gui.student_score_mgmt - ERROR - 加载成绩错误: no such column: sc.regular_score
2025-12-29 10:01:25,581 - gui.student_score_mgmt - ERROR - 加载成绩错误: no such column: sc.regular_score
2025-12-29 10:01:27,265 - root - INFO - 当前用户为：管理员
2025-12-29 10:01:27,265 - root - INFO - 当前用户ID为：1
2025-12-29 10:01:27,265 - root - INFO - 运行正常，显示为主窗口
2025-12-29 10:01:42,276 - root - INFO - 当前用户为：管理员
2025-12-29 10:01:42,276 - root - INFO - 当前用户ID为：1
2025-12-29 10:01:42,276 - root - INFO - 运行正常，显示为主窗口
2025-12-29 10:01:47,108 - gui.student_score_mgmt - ERROR - 加载成绩错误: no such column: sc.regular_score
2025-12-29 10:01:57,278 - root - INFO - 当前用户为：管理员
2025-12-29 10:01:57,278 - root - INFO - 当前用户ID为：1
2025-12-29 10:01:57,278 - root - INFO - 运行正常，显示为主窗口
2025-12-29 10:02:12,286 - root - INFO - 当前用户为：管理员
2025-12-29 10:02:12,286 - root - INFO - 当前用户ID为：1
2025-12-29 10:02:12,286 - root - INFO - 运行正常，显示为主窗口
2025-12-29 10:02:27,299 - root - INFO - 当前用户为：管理员
2025-12-29 10:02:27,299 - root - INFO - 当前用户ID为：1
2025-12-29 10:02:27,299 - root - INFO - 运行正常，显示为主窗口
2025-12-29 10:02:42,301 - root - INFO - 当前用户为：管理员
2025-12-29 10:02:42,301 - root - INFO - 当前用户ID为：1
2025-12-29 10:02:42,301 - root - INFO - 运行正常，显示为主窗口
2025-12-29 10:02:57,308 - root - INFO - 当前用户为：管理员
2025-12-29 10:02:57,308 - root - INFO - 当前用户ID为：1
2025-12-29 10:02:57,308 - root - INFO - 运行正常，显示为主窗口
2025-12-29 10:03:12,315 - root - INFO - 当前用户为：管理员
2025-12-29 10:03:12,315 - root - INFO - 当前用户ID为：1
2025-12-29 10:03:12,315 - root - INFO - 运行正常，显示为主窗口
2025-12-29 10:03:15,643 - gui.main_window - INFO - 主窗口关闭
2025-12-29 10:03:17,705 - app_controller - INFO - [MainApp] 应用程序初始化完成
2025-12-29 10:03:17,751 - app_controller - INFO - [MainApp] 数据库连接对象类型: <class 'sqlite3.Connection'>
2025-12-29 10:03:17,757 - app_controller - INFO - [MainApp] 数据库初始化/连接成功
2025-12-29 10:03:17,757 - root - INFO - [StartupWindow] 初始化中...
2025-12-29 10:03:20,633 - root - INFO - 加载完成，即将跳转到登录窗口
2025-12-29 10:03:20,834 - app_controller - INFO - DEBUG: _on_startup_loaded 被调用
2025-12-29 10:03:20,834 - root - INFO - [LoginWindow] 初始化时 db_conn 类型: <class 'sqlite3.Connection'>
2025-12-29 10:03:20,897 - app_controller - INFO - [MainApp] 传递给 LoginWindow 的 db_conn 类型: <class 'sqlite3.Connection'>
2025-12-29 10:03:20,897 - app_controller - INFO - [MainApp] 已连接登录成功信号
2025-12-29 10:03:21,145 - root - INFO - [LoginWindow] handle_auto_login 中 db_conn 类型: <class 'sqlite3.Connection'>
2025-12-29 10:03:21,146 - gui.login_window - INFO - 用户 admin 登录成功, 角色: admin
2025-12-29 10:03:21,146 - root - INFO - 当前用户为：管理员
2025-12-29 10:03:21,148 - root - INFO - 当前用户ID为：1
2025-12-29 10:03:21,149 - root - INFO - 运行正常，显示为主窗口
2025-12-29 10:03:36,161 - root - INFO - 当前用户为：管理员
2025-12-29 10:03:36,161 - root - INFO - 当前用户ID为：1
2025-12-29 10:03:36,161 - root - INFO - 运行正常，显示为主窗口
2025-12-29 10:03:42,359 - gui.student_score_mgmt - INFO - 添加成绩: 20220822
2025-12-29 10:03:51,162 - root - INFO - 当前用户为：管理员
2025-12-29 10:03:51,162 - root - INFO - 当前用户ID为：1
2025-12-29 10:03:51,162 - root - INFO - 运行正常，显示为主窗口
2025-12-29 10:04:06,176 - root - INFO - 当前用户为：管理员
2025-12-29 10:04:06,176 - root - INFO - 当前用户ID为：1
2025-12-29 10:04:06,176 - root - INFO - 运行正常，显示为主窗口
2025-12-29 10:04:06,587 - gui.student_score_mgmt - INFO - 添加班级专业关联: 3 - 1
2025-12-29 10:04:21,177 - root - INFO - 当前用户为：管理员
2025-12-29 10:04:21,177 - root - INFO - 当前用户ID为：1
2025-12-29 10:04:21,177 - root - INFO - 运行正常，显示为主窗口
2025-12-29 10:04:36,179 - root - INFO - 当前用户为：管理员
2025-12-29 10:04:36,179 - root - INFO - 当前用户ID为：1
2025-12-29 10:04:36,179 - root - INFO - 运行正常，显示为主窗口
2025-12-29 10:04:51,179 - root - INFO - 当前用户为：管理员
2025-12-29 10:04:51,179 - root - INFO - 当前用户ID为：1
2025-12-29 10:04:51,179 - root - INFO - 运行正常，显示为主窗口
2025-12-29 10:04:54,026 - gui.student_score_mgmt - INFO - 添加成绩: 20240720
2025-12-29 10:05:06,190 - root - INFO - 当前用户为：管理员
2025-12-29 10:05:06,190 - root - INFO - 当前用户ID为：1
2025-12-29 10:05:06,190 - root - INFO - 运行正常，显示为主窗口
2025-12-29 10:05:21,197 - root - INFO - 当前用户为：管理员
2025-12-29 10:05:21,197 - root - INFO - 当前用户ID为：1
2025-12-29 10:05:21,197 - root - INFO - 运行正常，显示为主窗口
2025-12-29 10:05:36,199 - root - INFO - 当前用户为：管理员
2025-12-29 10:05:36,199 - root - INFO - 当前用户ID为：1
2025-12-29 10:05:36,199 - root - INFO - 运行正常，显示为主窗口
2025-12-29 10:05:51,205 - root - INFO - 当前用户为：管理员
2025-12-29 10:05:51,205 - root - INFO - 当前用户ID为：1
2025-12-29 10:05:51,205 - root - INFO - 运行正常，显示为主窗口
2025-12-29 10:06:06,219 - root - INFO - 当前用户为：管理员
2025-12-29 10:06:06,219 - root - INFO - 当前用户ID为：1
2025-12-29 10:06:06,219 - root - INFO - 运行正常，显示为主窗口
2025-12-29 10:06:21,229 - root - INFO - 当前用户为：管理员
2025-12-29 10:06:21,229 - root - INFO - 当前用户ID为：1
2025-12-29 10:06:21,229 - root - INFO - 运行正常，显示为主窗口
2025-12-29 10:06:36,235 - root - INFO - 当前用户为：管理员
2025-12-29 10:06:36,235 - root - INFO - 当前用户ID为：1
2025-12-29 10:06:36,235 - root - INFO - 运行正常，显示为主窗口
2025-12-29 10:06:51,236 - root - INFO - 当前用户为：管理员
2025-12-29 10:06:51,236 - root - INFO - 当前用户ID为：1
2025-12-29 10:06:51,236 - root - INFO - 运行正常，显示为主窗口
2025-12-29 10:07:06,246 - root - INFO - 当前用户为：管理员
2025-12-29 10:07:06,246 - root - INFO - 当前用户ID为：1
2025-12-29 10:07:06,246 - root - INFO - 运行正常，显示为主窗口
2025-12-29 10:07:21,254 - root - INFO - 当前用户为：管理员
2025-12-29 10:07:21,254 - root - INFO - 当前用户ID为：1
2025-12-29 10:07:21,254 - root - INFO - 运行正常，显示为主窗口
2025-12-29 10:07:36,255 - root - INFO - 当前用户为：管理员
2025-12-29 10:07:36,255 - root - INFO - 当前用户ID为：1
2025-12-29 10:07:36,255 - root - INFO - 运行正常，显示为主窗口
2025-12-29 10:07:51,263 - root - INFO - 当前用户为：管理员
2025-12-29 10:07:51,263 - root - INFO - 当前用户ID为：1
2025-12-29 10:07:51,263 - root - INFO - 运行正常，显示为主窗口
2025-12-29 10:08:06,266 - root - INFO - 当前用户为：管理员
2025-12-29 10:08:06,266 - root - INFO - 当前用户ID为：1
2025-12-29 10:08:06,266 - root - INFO - 运行正常，显示为主窗口
2025-12-29 10:08:21,270 - root - INFO - 当前用户为：管理员
2025-12-29 10:08:21,270 - root - INFO - 当前用户ID为：1
2025-12-29 10:08:21,270 - root - INFO - 运行正常，显示为主窗口
2025-12-29 10:08:36,275 - root - INFO - 当前用户为：管理员
2025-12-29 10:08:36,275 - root - INFO - 当前用户ID为：1
2025-12-29 10:08:36,275 - root - INFO - 运行正常，显示为主窗口
2025-12-29 10:08:51,278 - root - INFO - 当前用户为：管理员
2025-12-29 10:08:51,278 - root - INFO - 当前用户ID为：1
2025-12-29 10:08:51,278 - root - INFO - 运行正常，显示为主窗口
2025-12-29 10:09:06,290 - root - INFO - 当前用户为：管理员
2025-12-29 10:09:06,290 - root - INFO - 当前用户ID为：1
2025-12-29 10:09:06,290 - root - INFO - 运行正常，显示为主窗口
2025-12-29 10:09:21,293 - root - INFO - 当前用户为：管理员
2025-12-29 10:09:21,293 - root - INFO - 当前用户ID为：1
2025-12-29 10:09:21,294 - root - INFO - 运行正常，显示为主窗口
2025-12-29 10:09:36,298 - root - INFO - 当前用户为：管理员
2025-12-29 10:09:36,298 - root - INFO - 当前用户ID为：1
2025-12-29 10:09:36,298 - root - INFO - 运行正常，显示为主窗口
2025-12-29 10:09:51,313 - root - INFO - 当前用户为：管理员
2025-12-29 10:09:51,313 - root - INFO - 当前用户ID为：1
2025-12-29 10:09:51,313 - root - INFO - 运行正常，显示为主窗口
2025-12-29 10:10:06,327 - root - INFO - 当前用户为：管理员
2025-12-29 10:10:06,327 - root - INFO - 当前用户ID为：1
2025-12-29 10:10:06,327 - root - INFO - 运行正常，显示为主窗口
2025-12-29 10:10:21,338 - root - INFO - 当前用户为：管理员
2025-12-29 10:10:21,338 - root - INFO - 当前用户ID为：1
2025-12-29 10:10:21,338 - root - INFO - 运行正常，显示为主窗口
2025-12-29 10:10:36,345 - root - INFO - 当前用户为：管理员
2025-12-29 10:10:36,345 - root - INFO - 当前用户ID为：1
2025-12-29 10:10:36,345 - root - INFO - 运行正常，显示为主窗口
2025-12-29 10:10:51,357 - root - INFO - 当前用户为：管理员
2025-12-29 10:10:51,357 - root - INFO - 当前用户ID为：1
2025-12-29 10:10:51,357 - root - INFO - 运行正常，显示为主窗口
2025-12-29 10:11:06,367 - root - INFO - 当前用户为：管理员
2025-12-29 10:11:06,367 - root - INFO - 当前用户ID为：1
2025-12-29 10:11:06,367 - root - INFO - 运行正常，显示为主窗口
2025-12-29 10:11:21,377 - root - INFO - 当前用户为：管理员
2025-12-29 10:11:21,377 - root - INFO - 当前用户ID为：1
2025-12-29 10:11:21,377 - root - INFO - 运行正常，显示为主窗口
2025-12-29 10:11:36,392 - root - INFO - 当前用户为：管理员
2025-12-29 10:11:36,392 - root - INFO - 当前用户ID为：1
2025-12-29 10:11:36,392 - root - INFO - 运行正常，显示为主窗口
2025-12-29 10:11:51,393 - root - INFO - 当前用户为：管理员
2025-12-29 10:11:51,393 - root - INFO - 当前用户ID为：1
2025-12-29 10:11:51,393 - root - INFO - 运行正常，显示为主窗口
2025-12-29 10:12:06,397 - root - INFO - 当前用户为：管理员
2025-12-29 10:12:06,397 - root - INFO - 当前用户ID为：1
2025-12-29 10:12:06,397 - root - INFO - 运行正常，显示为主窗口
2025-12-29 10:12:21,409 - root - INFO - 当前用户为：管理员
2025-12-29 10:12:21,409 - root - INFO - 当前用户ID为：1
2025-12-29 10:12:21,409 - root - INFO - 运行正常，显示为主窗口
2025-12-29 10:12:36,415 - root - INFO - 当前用户为：管理员
2025-12-29 10:12:36,415 - root - INFO - 当前用户ID为：1
2025-12-29 10:12:36,415 - root - INFO - 运行正常，显示为主窗口
2025-12-29 10:12:51,427 - root - INFO - 当前用户为：管理员
2025-12-29 10:12:51,427 - root - INFO - 当前用户ID为：1
2025-12-29 10:12:51,427 - root - INFO - 运行正常，显示为主窗口
2025-12-29 10:13:06,433 - root - INFO - 当前用户为：管理员
2025-12-29 10:13:06,433 - root - INFO - 当前用户ID为：1
2025-12-29 10:13:06,433 - root - INFO - 运行正常，显示为主窗口
2025-12-29 10:13:21,449 - root - INFO - 当前用户为：管理员
2025-12-29 10:13:21,449 - root - INFO - 当前用户ID为：1
2025-12-29 10:13:21,449 - root - INFO - 运行正常，显示为主窗口
2025-12-29 10:13:36,463 - root - INFO - 当前用户为：管理员
2025-12-29 10:13:36,463 - root - INFO - 当前用户ID为：1
2025-12-29 10:13:36,463 - root - INFO - 运行正常，显示为主窗口
2025-12-29 10:13:51,468 - root - INFO - 当前用户为：管理员
2025-12-29 10:13:51,468 - root - INFO - 当前用户ID为：1
2025-12-29 10:13:51,468 - root - INFO - 运行正常，显示为主窗口
2025-12-29 10:14:06,472 - root - INFO - 当前用户为：管理员
2025-12-29 10:14:06,472 - root - INFO - 当前用户ID为：1
2025-12-29 10:14:06,472 - root - INFO - 运行正常，显示为主窗口
2025-12-29 10:14:21,480 - root - INFO - 当前用户为：管理员
2025-12-29 10:14:21,480 - root - INFO - 当前用户ID为：1
2025-12-29 10:14:21,480 - root - INFO - 运行正常，显示为主窗口
2025-12-29 10:14:36,484 - root - INFO - 当前用户为：管理员
2025-12-29 10:14:36,484 - root - INFO - 当前用户ID为：1
2025-12-29 10:14:36,484 - root - INFO - 运行正常，显示为主窗口
2025-12-29 10:14:51,488 - root - INFO - 当前用户为：管理员
2025-12-29 10:14:51,488 - root - INFO - 当前用户ID为：1
2025-12-29 10:14:51,488 - root - INFO - 运行正常，显示为主窗口
2025-12-29 10:15:06,489 - root - INFO - 当前用户为：管理员
2025-12-29 10:15:06,489 - root - INFO - 当前用户ID为：1
2025-12-29 10:15:06,489 - root - INFO - 运行正常，显示为主窗口
2025-12-29 10:15:09,492 - gui.student_score_mgmt - INFO - 添加成绩: 20220824
2025-12-29 10:15:21,490 - root - INFO - 当前用户为：管理员
2025-12-29 10:15:21,490 - root - INFO - 当前用户ID为：1
2025-12-29 10:15:21,490 - root - INFO - 运行正常，显示为主窗口
2025-12-29 10:15:28,616 - gui.student_score_mgmt - INFO - 更新成绩: 20220822
2025-12-29 10:15:36,495 - root - INFO - 当前用户为：管理员
2025-12-29 10:15:36,495 - root - INFO - 当前用户ID为：1
2025-12-29 10:15:36,495 - root - INFO - 运行正常，显示为主窗口
2025-12-29 10:15:51,507 - root - INFO - 当前用户为：管理员
2025-12-29 10:15:51,507 - root - INFO - 当前用户ID为：1
2025-12-29 10:15:51,507 - root - INFO - 运行正常，显示为主窗口
2025-12-29 10:16:06,510 - root - INFO - 当前用户为：管理员
2025-12-29 10:16:06,510 - root - INFO - 当前用户ID为：1
2025-12-29 10:16:06,510 - root - INFO - 运行正常，显示为主窗口
2025-12-29 10:16:07,881 - gui.student_score_mgmt - INFO - 更新成绩: 20240720
2025-12-29 10:16:18,739 - gui.student_score_mgmt - INFO - 更新成绩: 20240720
2025-12-29 10:16:21,519 - root - INFO - 当前用户为：管理员
2025-12-29 10:16:21,519 - root - INFO - 当前用户ID为：1
2025-12-29 10:16:21,519 - root - INFO - 运行正常，显示为主窗口
2025-12-29 10:16:33,313 - gui.student_score_mgmt - INFO - 更新成绩: 20240720
2025-12-29 10:16:36,526 - root - INFO - 当前用户为：管理员
2025-12-29 10:16:36,526 - root - INFO - 当前用户ID为：1
2025-12-29 10:16:36,526 - root - INFO - 运行正常，显示为主窗口
2025-12-29 10:16:39,051 - gui.student_score_mgmt - INFO - 更新成绩: 20240720
2025-12-29 10:16:51,530 - root - INFO - 当前用户为：管理员
2025-12-29 10:16:51,530 - root - INFO - 当前用户ID为：1
2025-12-29 10:16:51,530 - root - INFO - 运行正常，显示为主窗口
2025-12-29 10:17:06,541 - root - INFO - 当前用户为：管理员
2025-12-29 10:17:06,541 - root - INFO - 当前用户ID为：1
2025-12-29 10:17:06,541 - root - INFO - 运行正常，显示为主窗口
2025-12-29 10:17:21,542 - root - INFO - 当前用户为：管理员
2025-12-29 10:17:21,542 - root - INFO - 当前用户ID为：1
2025-12-29 10:17:21,542 - root - INFO - 运行正常，显示为主窗口
2025-12-29 10:17:36,553 - root - INFO - 当前用户为：管理员
2025-12-29 10:17:36,553 - root - INFO - 当前用户ID为：1
2025-12-29 10:17:36,553 - root - INFO - 运行正常，显示为主窗口
2025-12-29 10:17:48,114 - gui.main_window - INFO - 主窗口关闭
2025-12-29 10:17:52,314 - app_controller - INFO - [MainApp] 应用程序初始化完成
2025-12-29 10:17:52,320 - app_controller - INFO - [MainApp] 数据库连接对象类型: <class 'sqlite3.Connection'>
2025-12-29 10:17:52,325 - app_controller - INFO - [MainApp] 数据库初始化/连接成功
2025-12-29 10:17:52,326 - root - INFO - [StartupWindow] 初始化中...
2025-12-29 10:17:55,179 - root - INFO - 加载完成，即将跳转到登录窗口
2025-12-29 10:17:55,380 - app_controller - INFO - DEBUG: _on_startup_loaded 被调用
2025-12-29 10:17:55,380 - root - INFO - [LoginWindow] 初始化时 db_conn 类型: <class 'sqlite3.Connection'>
2025-12-29 10:17:55,456 - app_controller - INFO - [MainApp] 传递给 LoginWindow 的 db_conn 类型: <class 'sqlite3.Connection'>
2025-12-29 10:17:55,456 - app_controller - INFO - [MainApp] 已连接登录成功信号
2025-12-29 10:17:55,691 - root - INFO - [LoginWindow] handle_auto_login 中 db_conn 类型: <class 'sqlite3.Connection'>
2025-12-29 10:17:55,691 - gui.login_window - INFO - 用户 admin 登录成功, 角色: admin
2025-12-29 10:17:55,692 - root - INFO - 当前用户为：管理员
2025-12-29 10:17:55,693 - root - INFO - 当前用户ID为：1
2025-12-29 10:17:55,693 - root - INFO - 运行正常，显示为主窗口
2025-12-29 10:18:10,694 - root - INFO - 当前用户为：管理员
2025-12-29 10:18:10,694 - root - INFO - 当前用户ID为：1
2025-12-29 10:18:10,694 - root - INFO - 运行正常，显示为主窗口
2025-12-29 10:18:25,710 - root - INFO - 当前用户为：管理员
2025-12-29 10:18:25,710 - root - INFO - 当前用户ID为：1
2025-12-29 10:18:25,710 - root - INFO - 运行正常，显示为主窗口
2025-12-29 10:18:40,718 - root - INFO - 当前用户为：管理员
2025-12-29 10:18:40,718 - root - INFO - 当前用户ID为：1
2025-12-29 10:18:40,718 - root - INFO - 运行正常，显示为主窗口
2025-12-29 10:18:55,730 - root - INFO - 当前用户为：管理员
2025-12-29 10:18:55,730 - root - INFO - 当前用户ID为：1
2025-12-29 10:18:55,730 - root - INFO - 运行正常，显示为主窗口
2025-12-29 10:19:10,733 - root - INFO - 当前用户为：管理员
2025-12-29 10:19:10,733 - root - INFO - 当前用户ID为：1
2025-12-29 10:19:10,733 - root - INFO - 运行正常，显示为主窗口
2025-12-29 10:19:25,740 - root - INFO - 当前用户为：管理员
2025-12-29 10:19:25,740 - root - INFO - 当前用户ID为：1
2025-12-29 10:19:25,740 - root - INFO - 运行正常，显示为主窗口
2025-12-29 10:19:40,752 - root - INFO - 当前用户为：管理员
2025-12-29 10:19:40,752 - root - INFO - 当前用户ID为：1
2025-12-29 10:19:40,752 - root - INFO - 运行正常，显示为主窗口
2025-12-29 10:19:55,763 - root - INFO - 当前用户为：管理员
2025-12-29 10:19:55,763 - root - INFO - 当前用户ID为：1
2025-12-29 10:19:55,763 - root - INFO - 运行正常，显示为主窗口
2025-12-29 10:20:10,772 - root - INFO - 当前用户为：管理员
2025-12-29 10:20:10,772 - root - INFO - 当前用户ID为：1
2025-12-29 10:20:10,772 - root - INFO - 运行正常，显示为主窗口
2025-12-29 10:20:25,773 - root - INFO - 当前用户为：管理员
2025-12-29 10:20:25,773 - root - INFO - 当前用户ID为：1
2025-12-29 10:20:25,773 - root - INFO - 运行正常，显示为主窗口
2025-12-29 10:20:40,779 - root - INFO - 当前用户为：管理员
2025-12-29 10:20:40,779 - root - INFO - 当前用户ID为：1
2025-12-29 10:20:40,779 - root - INFO - 运行正常，显示为主窗口
2025-12-29 10:20:55,785 - root - INFO - 当前用户为：管理员
2025-12-29 10:20:55,785 - root - INFO - 当前用户ID为：1
2025-12-29 10:20:55,785 - root - INFO - 运行正常，显示为主窗口
2025-12-29 10:21:10,793 - root - INFO - 当前用户为：管理员
2025-12-29 10:21:10,793 - root - INFO - 当前用户ID为：1
2025-12-29 10:21:10,793 - root - INFO - 运行正常，显示为主窗口
2025-12-29 10:21:25,796 - root - INFO - 当前用户为：管理员
2025-12-29 10:21:25,796 - root - INFO - 当前用户ID为：1
2025-12-29 10:21:25,796 - root - INFO - 运行正常，显示为主窗口
2025-12-29 10:21:40,811 - root - INFO - 当前用户为：管理员
2025-12-29 10:21:40,811 - root - INFO - 当前用户ID为：1
2025-12-29 10:21:40,811 - root - INFO - 运行正常，显示为主窗口
2025-12-29 10:21:55,821 - root - INFO - 当前用户为：管理员
2025-12-29 10:21:55,821 - root - INFO - 当前用户ID为：1
2025-12-29 10:21:55,821 - root - INFO - 运行正常，显示为主窗口
2025-12-29 10:22:10,831 - root - INFO - 当前用户为：管理员
2025-12-29 10:22:10,831 - root - INFO - 当前用户ID为：1
2025-12-29 10:22:10,831 - root - INFO - 运行正常，显示为主窗口
2025-12-29 10:22:25,834 - root - INFO - 当前用户为：管理员
2025-12-29 10:22:25,834 - root - INFO - 当前用户ID为：1
2025-12-29 10:22:25,834 - root - INFO - 运行正常，显示为主窗口
2025-12-29 10:22:40,844 - root - INFO - 当前用户为：管理员
2025-12-29 10:22:40,844 - root - INFO - 当前用户ID为：1
2025-12-29 10:22:40,844 - root - INFO - 运行正常，显示为主窗口
2025-12-29 10:22:55,857 - root - INFO - 当前用户为：管理员
2025-12-29 10:22:55,857 - root - INFO - 当前用户ID为：1
2025-12-29 10:22:55,857 - root - INFO - 运行正常，显示为主窗口
2025-12-29 10:23:10,872 - root - INFO - 当前用户为：管理员
2025-12-29 10:23:10,872 - root - INFO - 当前用户ID为：1
2025-12-29 10:23:10,872 - root - INFO - 运行正常，显示为主窗口
2025-12-29 10:23:25,875 - root - INFO - 当前用户为：管理员
2025-12-29 10:23:25,875 - root - INFO - 当前用户ID为：1
2025-12-29 10:23:25,875 - root - INFO - 运行正常，显示为主窗口
2025-12-29 10:23:40,877 - root - INFO - 当前用户为：管理员
2025-12-29 10:23:40,877 - root - INFO - 当前用户ID为：1
2025-12-29 10:23:40,877 - root - INFO - 运行正常，显示为主窗口
2025-12-29 10:23:55,886 - root - INFO - 当前用户为：管理员
2025-12-29 10:23:55,886 - root - INFO - 当前用户ID为：1
2025-12-29 10:23:55,886 - root - INFO - 运行正常，显示为主窗口
2025-12-29 10:24:10,893 - root - INFO - 当前用户为：管理员
2025-12-29 10:24:10,893 - root - INFO - 当前用户ID为：1
2025-12-29 10:24:10,893 - root - INFO - 运行正常，显示为主窗口
2025-12-29 10:24:25,903 - root - INFO - 当前用户为：管理员
2025-12-29 10:24:25,903 - root - INFO - 当前用户ID为：1
2025-12-29 10:24:25,903 - root - INFO - 运行正常，显示为主窗口
2025-12-29 10:24:40,906 - root - INFO - 当前用户为：管理员
2025-12-29 10:24:40,906 - root - INFO - 当前用户ID为：1
2025-12-29 10:24:40,906 - root - INFO - 运行正常，显示为主窗口
2025-12-29 10:24:55,917 - root - INFO - 当前用户为：管理员
2025-12-29 10:24:55,917 - root - INFO - 当前用户ID为：1
2025-12-29 10:24:55,917 - root - INFO - 运行正常，显示为主窗口
2025-12-29 10:25:10,927 - root - INFO - 当前用户为：管理员
2025-12-29 10:25:10,927 - root - INFO - 当前用户ID为：1
2025-12-29 10:25:10,927 - root - INFO - 运行正常，显示为主窗口
2025-12-29 10:25:25,934 - root - INFO - 当前用户为：管理员
2025-12-29 10:25:25,934 - root - INFO - 当前用户ID为：1
2025-12-29 10:25:25,934 - root - INFO - 运行正常，显示为主窗口
2025-12-29 10:25:40,937 - root - INFO - 当前用户为：管理员
2025-12-29 10:25:40,937 - root - INFO - 当前用户ID为：1
2025-12-29 10:25:40,937 - root - INFO - 运行正常，显示为主窗口
2025-12-29 10:25:55,944 - root - INFO - 当前用户为：管理员
2025-12-29 10:25:55,944 - root - INFO - 当前用户ID为：1
2025-12-29 10:25:55,944 - root - INFO - 运行正常，显示为主窗口
2025-12-29 10:26:10,948 - root - INFO - 当前用户为：管理员
2025-12-29 10:26:10,948 - root - INFO - 当前用户ID为：1
2025-12-29 10:26:10,948 - root - INFO - 运行正常，显示为主窗口
2025-12-29 10:26:25,963 - root - INFO - 当前用户为：管理员
2025-12-29 10:26:25,963 - root - INFO - 当前用户ID为：1
2025-12-29 10:26:25,963 - root - INFO - 运行正常，显示为主窗口
2025-12-29 10:26:40,975 - root - INFO - 当前用户为：管理员
2025-12-29 10:26:40,975 - root - INFO - 当前用户ID为：1
2025-12-29 10:26:40,975 - root - INFO - 运行正常，显示为主窗口
2025-12-29 10:26:55,982 - root - INFO - 当前用户为：管理员
2025-12-29 10:26:55,982 - root - INFO - 当前用户ID为：1
2025-12-29 10:26:55,982 - root - INFO - 运行正常，显示为主窗口
2025-12-29 10:27:10,985 - root - INFO - 当前用户为：管理员
2025-12-29 10:27:10,985 - root - INFO - 当前用户ID为：1
2025-12-29 10:27:10,985 - root - INFO - 运行正常，显示为主窗口
2025-12-29 10:27:25,997 - root - INFO - 当前用户为：管理员
2025-12-29 10:27:25,997 - root - INFO - 当前用户ID为：1
2025-12-29 10:27:25,997 - root - INFO - 运行正常，显示为主窗口
2025-12-29 10:27:41,000 - root - INFO - 当前用户为：管理员
2025-12-29 10:27:41,000 - root - INFO - 当前用户ID为：1
2025-12-29 10:27:41,000 - root - INFO - 运行正常，显示为主窗口
2025-12-29 10:27:56,006 - root - INFO - 当前用户为：管理员
2025-12-29 10:27:56,006 - root - INFO - 当前用户ID为：1
2025-12-29 10:27:56,006 - root - INFO - 运行正常，显示为主窗口
2025-12-29 10:28:11,020 - root - INFO - 当前用户为：管理员
2025-12-29 10:28:11,020 - root - INFO - 当前用户ID为：1
2025-12-29 10:28:11,020 - root - INFO - 运行正常，显示为主窗口
2025-12-29 10:28:26,021 - root - INFO - 当前用户为：管理员
2025-12-29 10:28:26,021 - root - INFO - 当前用户ID为：1
2025-12-29 10:28:26,021 - root - INFO - 运行正常，显示为主窗口
2025-12-29 10:28:41,036 - root - INFO - 当前用户为：管理员
2025-12-29 10:28:41,036 - root - INFO - 当前用户ID为：1
2025-12-29 10:28:41,036 - root - INFO - 运行正常，显示为主窗口
2025-12-29 10:28:56,047 - root - INFO - 当前用户为：管理员
2025-12-29 10:28:56,047 - root - INFO - 当前用户ID为：1
2025-12-29 10:28:56,047 - root - INFO - 运行正常，显示为主窗口
2025-12-29 10:29:11,054 - root - INFO - 当前用户为：管理员
2025-12-29 10:29:11,054 - root - INFO - 当前用户ID为：1
2025-12-29 10:29:11,054 - root - INFO - 运行正常，显示为主窗口
2025-12-29 10:29:26,059 - root - INFO - 当前用户为：管理员
2025-12-29 10:29:26,059 - root - INFO - 当前用户ID为：1
2025-12-29 10:29:26,059 - root - INFO - 运行正常，显示为主窗口
2025-12-29 10:29:41,060 - root - INFO - 当前用户为：管理员
2025-12-29 10:29:41,060 - root - INFO - 当前用户ID为：1
2025-12-29 10:29:41,060 - root - INFO - 运行正常，显示为主窗口
2025-12-29 10:29:56,066 - root - INFO - 当前用户为：管理员
2025-12-29 10:29:56,066 - root - INFO - 当前用户ID为：1
2025-12-29 10:29:56,066 - root - INFO - 运行正常，显示为主窗口
